<?xml version="1.0" encoding="UTF-8"?>
<osm version="0.6" generator="openstreetmap-cgimap 2.1.0 (244683 spike-07.openstreetmap.org)" copyright="OpenStreetMap and contributors" attribution="http://www.openstreetmap.org/copyright" license="http://opendatacommons.org/licenses/odbl/1-0/">
 <bounds minlat="12.9718000" minlon="77.5935000" maxlat="12.9735000" maxlon="77.5955000"/>
 <node id="245615180" visible="true" version="14" changeset="155858346" timestamp="2024-08-28T03:55:30Z" user="uknown-gryphus" uid="2425805" lat="12.9677760" lon="77.5882547"/>
 <node id="246397920" visible="true" version="23" changeset="177282171" timestamp="2026-01-16T04:17:16Z" user="uknown-gryphus" uid="2425805" lat="12.9722064" lon="77.5940110"/>
 <node id="246397921" visible="true" version="10" changeset="177282171" timestamp="2026-01-16T04:17:16Z" user="uknown-gryphus" uid="2425805" lat="12.9736066" lon="77.5952234"/>
 <node id="246472345" visible="true" version="2" changeset="4082567" timestamp="2010-03-09T17:13:45Z" user="PlaneMad" uid="1306" lat="12.9679621" lon="77.5884689"/>
 <node id="246472346" visible="true" version="2" changeset="33399565" timestamp="2015-08-17T19:19:02Z" user="PlaneMad" uid="1306" lat="12.9711965" lon="77.5888455"/>
 <node id="246472347" visible="true" version="3" changeset="33399565" timestamp="2015-08-17T19:19:02Z" user="PlaneMad" uid="1306" lat="12.9739496" lon="77.5884047"/>
 <node id="246472349" visible="true" version="5" changeset="4087451" timestamp="2010-03-10T09:26:32Z" user="PlaneMad" uid="1306" lat="12.9735808" lon="77.5895262"/>
 <node id="246472350" visible="true" version="5" changeset="4087451" timestamp="2010-03-10T09:26:32Z" user="PlaneMad" uid="1306" lat="12.9749614" lon="77.5888663"/>
 <node id="246472351" visible="true" version="3" changeset="4086861" timestamp="2010-03-10T08:05:58Z" user="PlaneMad" uid="1306" lat="12.9765254" lon="77.5922324"/>
 <node id="246472352" visible="true" version="5" changeset="33399565" timestamp="2015-08-17T19:19:02Z" user="PlaneMad" uid="1306" lat="12.9784929" lon="77.5940196"/>
 <node id="246472354" visible="true" version="4" changeset="4088274" timestamp="2010-03-10T11:00:04Z" user="PlaneMad" uid="1306" lat="12.9786496" lon="77.5938490"/>
 <node id="246472360" visible="true" version="4" changeset="33031178" timestamp="2015-08-01T14:11:16Z" user="PlaneMad" uid="1306" lat="12.9745855" lon="77.5948275"/>
 <node id="246472362" visible="true" version="3" changeset="177282171" timestamp="2026-01-16T04:17:16Z" user="uknown-gryphus" uid="2425805" lat="12.9737139" lon="77.5952048"/>
 <node id="246472363" visible="true" version="4" changeset="36546710" timestamp="2016-01-13T10:46:00Z" user="PlaneMad" uid="1306" lat="12.9681252" lon="77.5890545"/>
 <node id="246472364" visible="true" version="2" changeset="1601763" timestamp="2009-06-23T13:04:28Z" user="PlaneMad" uid="1306" lat="12.9714409" lon="77.5880422"/>
 <node id="248459840" visible="true" version="10" changeset="163228178" timestamp="2025-03-05T05:04:32Z" user="sambreen" uid="19574772" lat="12.9712043" lon="77.5977545"/>
 <node id="248459846" visible="true" version="5" changeset="146109761" timestamp="2024-01-10T16:01:47Z" user="Vonter" uid="3926189" lat="12.9711815" lon="77.5964260"/>
 <node id="248459848" visible="true" version="7" changeset="163738451" timestamp="2025-03-17T15:49:19Z" user="uknown-gryphus" uid="2425805" lat="12.9718009" lon="77.5935434"/>
 <node id="248459849" visible="true" version="6" changeset="177282171" timestamp="2026-01-16T04:17:16Z" user="uknown-gryphus" uid="2425805" lat="12.9717507" lon="77.5940040"/>
 <node id="286964496" visible="true" version="6" changeset="1612268" timestamp="2009-06-24T16:29:29Z" user="PlaneMad" uid="1306" lat="12.9746792" lon="77.5910265"/>
 <node id="287793665" visible="true" version="6" changeset="177087674" timestamp="2026-01-11T08:50:17Z" user="uknown-gryphus" uid="2425805" lat="12.9679527" lon="77.5889317"/>
 <node id="287794473" visible="true" version="3" changeset="4082468" timestamp="2010-03-09T17:01:01Z" user="PlaneMad" uid="1306" lat="12.9737715" lon="77.5917775"/>
 <node id="428420786" visible="true" version="4" changeset="164277393" timestamp="2025-03-30T08:40:27Z" user="uknown-gryphus" uid="2425805" lat="12.9683062" lon="77.5895122"/>
 <node id="428420880" visible="true" version="2" changeset="36546710" timestamp="2016-01-13T10:46:02Z" user="PlaneMad" uid="1306" lat="12.9718523" lon="77.5936873"/>
 <node id="428420881" visible="true" version="3" changeset="163738451" timestamp="2025-03-17T15:49:19Z" user="uknown-gryphus" uid="2425805" lat="12.9718188" lon="77.5939029">
  <tag k="highway" v="traffic_signals"/>
  <tag k="traffic_signals" v="signal"/>
 </node>
 <node id="428421112" visible="true" version="3" changeset="36546710" timestamp="2016-01-13T10:46:02Z" user="PlaneMad" uid="1306" lat="12.9720479" lon="77.5936525"/>
 <node id="428831244" visible="true" version="3" changeset="4086861" timestamp="2010-03-10T08:05:58Z" user="PlaneMad" uid="1306" lat="12.9766277" lon="77.5918709"/>
 <node id="428831245" visible="true" version="5" changeset="150581212" timestamp="2024-04-27T13:55:14Z" user="uknown-gryphus" uid="2425805" lat="12.9775159" lon="77.5908431"/>
 <node id="428831247" visible="true" version="2" changeset="4087451" timestamp="2010-03-10T09:26:33Z" user="PlaneMad" uid="1306" lat="12.9762166" lon="77.5898469"/>
 <node id="428831248" visible="true" version="3" changeset="4087451" timestamp="2010-03-10T09:26:32Z" user="PlaneMad" uid="1306" lat="12.9751250" lon="77.5888729"/>
 <node id="428831249" visible="true" version="3" changeset="4087451" timestamp="2010-03-10T09:26:32Z" user="PlaneMad" uid="1306" lat="12.9755358" lon="77.5889598"/>
 <node id="428831267" visible="true" version="5" changeset="156079576" timestamp="2024-09-02T04:53:49Z" user="uknown-gryphus" uid="2425805" lat="12.9747933" lon="77.5908346"/>
 <node id="429303163" visible="true" version="9" changeset="143922903" timestamp="2023-11-12T07:12:45Z" user="uknown-gryphus" uid="2425805" lat="12.9765722" lon="77.5992296">
  <tag k="note" v="No right turn"/>
 </node>
 <node id="429303165" visible="true" version="7" changeset="177282171" timestamp="2026-01-16T04:17:16Z" user="uknown-gryphus" uid="2425805" lat="12.9733879" lon="77.5950978"/>
 <node id="429303166" visible="true" version="7" changeset="177282171" timestamp="2026-01-16T04:17:16Z" user="uknown-gryphus" uid="2425805" lat="12.9723557" lon="77.5942499"/>
 <node id="429303168" visible="true" version="4" changeset="177282171" timestamp="2026-01-16T04:17:16Z" user="uknown-gryphus" uid="2425805" lat="12.9734403" lon="77.5950407"/>
 <node id="429303169" visible="true" version="3" changeset="177282171" timestamp="2026-01-16T04:17:16Z" user="uknown-gryphus" uid="2425805" lat="12.9751441" lon="77.5971254"/>
 <node id="429303170" visible="true" version="4" changeset="177282171" timestamp="2026-01-16T04:17:16Z" user="uknown-gryphus" uid="2425805" lat="12.9750868" lon="77.5971708"/>
 <node id="456209062" visible="true" version="2" changeset="4087451" timestamp="2010-03-10T09:26:32Z" user="PlaneMad" uid="1306" lat="12.9747928" lon="77.5898949"/>
 <node id="456209065" visible="true" version="2" changeset="4082468" timestamp="2010-03-09T17:01:01Z" user="PlaneMad" uid="1306" lat="12.9745455" lon="77.5911659"/>
 <node id="459815982" visible="true" version="5" changeset="182566030" timestamp="2026-05-12T17:11:01Z" user="Vonter" uid="3926189" lat="12.9717834" lon="77.5946687"/>
 <node id="459815988" visible="true" version="5" changeset="145208901" timestamp="2023-12-17T10:11:58Z" user="uknown-gryphus" uid="2425805" lat="12.9717341" lon="77.5952057"/>
 <node id="459815990" visible="true" version="6" changeset="130597020" timestamp="2022-12-28T11:41:22Z" user="Vonter" uid="3926189" lat="12.9722570" lon="77.5969489"/>
 <node id="459815991" visible="true" version="5" changeset="182566030" timestamp="2026-05-12T17:11:01Z" user="Vonter" uid="3926189" lat="12.9725485" lon="77.5961756"/>
 <node id="459815992" visible="true" version="4" changeset="182566030" timestamp="2026-05-12T17:11:01Z" user="Vonter" uid="3926189" lat="12.9731311" lon="77.5964365"/>
 <node id="663194672" visible="true" version="3" changeset="137760131" timestamp="2023-06-25T16:58:54Z" user="Vonter" uid="3926189" lat="12.9803864" lon="77.5960533"/>
 <node id="663195623" visible="true" version="4" changeset="144104966" timestamp="2023-11-16T17:06:35Z" user="Vonter" uid="3926189" lat="12.9768044" lon="77.5983641">
  <tag k="barrier" v="gate"/>
  <tag k="name" v="Gate 3"/>
 </node>
 <node id="663196255" visible="true" version="2" changeset="15281312" timestamp="2013-03-07T12:04:14Z" user="PlaneMad" uid="1306" lat="12.9775006" lon="77.5905625"/>
 <node id="663309955" visible="true" version="3" changeset="156921633" timestamp="2024-09-21T17:11:31Z" user="uknown-gryphus" uid="2425805" lat="12.9751581" lon="77.5937439"/>
 <node id="663309979" visible="true" version="2" changeset="156921633" timestamp="2024-09-21T17:11:31Z" user="uknown-gryphus" uid="2425805" lat="12.9759123" lon="77.5944897"/>
 <node id="663309985" visible="true" version="2" changeset="28369016" timestamp="2015-01-24T10:31:49Z" user="PlaneMad" uid="1306" lat="12.9751703" lon="77.5954424"/>
 <node id="663309991" visible="true" version="4" changeset="177282171" timestamp="2026-01-16T04:17:16Z" user="uknown-gryphus" uid="2425805" lat="12.9751577" lon="77.5969949"/>
 <node id="663313897" visible="true" version="4" changeset="155632385" timestamp="2024-08-23T03:34:25Z" user="uknown-gryphus" uid="2425805" lat="12.9680525" lon="77.5891250">
  <tag k="highway" v="traffic_signals"/>
  <tag k="traffic_signals" v="signal"/>
 </node>
 <node id="663313908" visible="true" version="1" changeset="4082468" timestamp="2010-03-09T17:00:58Z" user="PlaneMad" uid="1306" lat="12.9742083" lon="77.5914383"/>
 <node id="663317784" visible="true" version="2" changeset="33399565" timestamp="2015-08-17T19:19:02Z" user="PlaneMad" uid="1306" lat="12.9700053" lon="77.5885566"/>
 <node id="663321322" visible="true" version="3" changeset="137365541" timestamp="2023-06-15T11:08:44Z" user="neharikas" uid="18812446" lat="12.9741152" lon="77.5896844">
  <tag k="access" v="private"/>
  <tag k="barrier" v="gate"/>
 </node>
 <node id="663321355" visible="true" version="2" changeset="4087451" timestamp="2010-03-10T09:26:32Z" user="PlaneMad" uid="1306" lat="12.9754500" lon="77.5894272"/>
 <node id="663321356" visible="true" version="3" changeset="4087451" timestamp="2010-03-10T09:26:32Z" user="PlaneMad" uid="1306" lat="12.9754591" lon="77.5901445"/>
 <node id="663484906" visible="true" version="2" changeset="33399565" timestamp="2015-08-17T19:19:02Z" user="PlaneMad" uid="1306" lat="12.9726474" lon="77.5879274"/>
 <node id="663484947" visible="true" version="2" changeset="4087451" timestamp="2010-03-10T09:26:33Z" user="PlaneMad" uid="1306" lat="12.9767362" lon="77.5892266"/>
 <node id="663551410" visible="true" version="2" changeset="156921633" timestamp="2024-09-21T17:11:31Z" user="uknown-gryphus" uid="2425805" lat="12.9761576" lon="77.5947475"/>
 <node id="663551413" visible="true" version="3" changeset="156921633" timestamp="2024-09-21T17:11:31Z" user="uknown-gryphus" uid="2425805" lat="12.9753023" lon="77.5955877"/>
 <node id="663551415" visible="true" version="2" changeset="156921633" timestamp="2024-09-21T17:11:31Z" user="uknown-gryphus" uid="2425805" lat="12.9768084" lon="77.5963176"/>
 <node id="663551417" visible="true" version="1" changeset="4086861" timestamp="2010-03-10T08:05:55Z" user="PlaneMad" uid="1306" lat="12.9768563" lon="77.5959387"/>
 <node id="663551419" visible="true" version="2" changeset="156921633" timestamp="2024-09-21T17:11:31Z" user="uknown-gryphus" uid="2425805" lat="12.9768272" lon="77.5955643"/>
 <node id="663551421" visible="true" version="1" changeset="4086861" timestamp="2010-03-10T08:05:55Z" user="PlaneMad" uid="1306" lat="12.9766919" lon="77.5952075"/>
 <node id="663551460" visible="true" version="2" changeset="4087197" timestamp="2010-03-10T08:52:31Z" user="PlaneMad" uid="1306" lat="12.9769013" lon="77.5972426"/>
 <node id="663551463" visible="true" version="2" changeset="4087197" timestamp="2010-03-10T08:52:31Z" user="PlaneMad" uid="1306" lat="12.9767906" lon="77.5967093"/>
 <node id="663551475" visible="true" version="2" changeset="4087197" timestamp="2010-03-10T08:52:31Z" user="PlaneMad" uid="1306" lat="12.9767111" lon="77.5985608"/>
 <node id="663551477" visible="true" version="1" changeset="4086861" timestamp="2010-03-10T08:05:56Z" user="PlaneMad" uid="1306" lat="12.9769057" lon="77.5980706"/>
 <node id="663558099" visible="true" version="2" changeset="156921633" timestamp="2024-09-21T17:11:31Z" user="uknown-gryphus" uid="2425805" lat="12.9767863" lon="77.5964944">
  <tag k="barrier" v="gate"/>
 </node>
 <node id="663561811" visible="true" version="2" changeset="143924001" timestamp="2023-11-12T08:14:22Z" user="uknown-gryphus" uid="2425805" lat="12.9765560" lon="77.5988946"/>
 <node id="663561812" visible="true" version="2" changeset="177282171" timestamp="2026-01-16T04:17:16Z" user="uknown-gryphus" uid="2425805" lat="12.9762382" lon="77.5985608"/>
 <node id="663564865" visible="true" version="2" changeset="156921633" timestamp="2024-09-21T17:11:31Z" user="uknown-gryphus" uid="2425805" lat="12.9765674" lon="77.5895387"/>
 <node id="663568568" visible="true" version="6" changeset="145208901" timestamp="2023-12-17T10:11:58Z" user="uknown-gryphus" uid="2425805" lat="12.9717920" lon="77.5942050"/>
 <node id="663568569" visible="true" version="5" changeset="145208901" timestamp="2023-12-17T10:11:58Z" user="uknown-gryphus" uid="2425805" lat="12.9715016" lon="77.5944082"/>
 <node id="663568570" visible="true" version="5" changeset="145208901" timestamp="2023-12-17T10:11:58Z" user="uknown-gryphus" uid="2425805" lat="12.9714821" lon="77.5942809"/>
 <node id="663568571" visible="true" version="6" changeset="145208901" timestamp="2023-12-17T10:11:58Z" user="uknown-gryphus" uid="2425805" lat="12.9717562" lon="77.5944422"/>
 <node id="663568577" visible="true" version="5" changeset="177282171" timestamp="2026-01-16T04:17:16Z" user="uknown-gryphus" uid="2425805" lat="12.9734074" lon="77.5957284"/>
 <node id="663568578" visible="true" version="5" changeset="177282171" timestamp="2026-01-16T04:17:16Z" user="uknown-gryphus" uid="2425805" lat="12.9732313" lon="77.5955211"/>
 <node id="663568579" visible="true" version="2" changeset="7767885" timestamp="2011-04-04T20:41:31Z" user="PlaneMad" uid="1306" lat="12.9733594" lon="77.5952384"/>
 <node id="663568580" visible="true" version="2" changeset="7767885" timestamp="2011-04-04T20:41:32Z" user="PlaneMad" uid="1306" lat="12.9732673" lon="77.5951529"/>
 <node id="663568581" visible="true" version="2" changeset="7767885" timestamp="2011-04-04T20:41:31Z" user="PlaneMad" uid="1306" lat="12.9732592" lon="77.5953526"/>
 <node id="663568582" visible="true" version="2" changeset="7767885" timestamp="2011-04-04T20:41:35Z" user="PlaneMad" uid="1306" lat="12.9731672" lon="77.5952671"/>
 <node id="663568588" visible="true" version="4" changeset="177282171" timestamp="2026-01-16T04:17:16Z" user="uknown-gryphus" uid="2425805" lat="12.9734608" lon="77.5952878"/>
 <node id="663568589" visible="true" version="5" changeset="177282171" timestamp="2026-01-16T04:17:16Z" user="uknown-gryphus" uid="2425805" lat="12.9735597" lon="77.5954924"/>
 <node id="663573128" visible="true" version="5" changeset="123123523" timestamp="2022-07-02T15:09:12Z" user="user_14062769" uid="14062769" lat="12.9732457" lon="77.5952706">
  <tag k="addr:street" v="Kasturba Road"/>
  <tag k="amenity" v="place_of_worship"/>
  <tag k="denomination" v="Hindu"/>
  <tag k="name" v="Ganapathi &amp; Gayatri Temple"/>
  <tag k="religion" v="hindu"/>
  <tag k="wheelchair" v="no"/>
 </node>
 <node id="663573129" visible="true" version="7" changeset="177282171" timestamp="2026-01-16T04:17:16Z" user="uknown-gryphus" uid="2425805" lat="12.9734774" lon="77.5953962"/>
 <node id="663573130" visible="true" version="13" changeset="177282171" timestamp="2026-01-16T04:17:16Z" user="uknown-gryphus" uid="2425805" lat="12.9737300" lon="77.5953723"/>
 <node id="663573132" visible="true" version="4" changeset="145208901" timestamp="2023-12-17T10:11:58Z" user="uknown-gryphus" uid="2425805" lat="12.9712726" lon="77.5963037"/>
 <node id="663573138" visible="true" version="8" changeset="177282171" timestamp="2026-01-16T04:17:16Z" user="uknown-gryphus" uid="2425805" lat="12.9746556" lon="77.5966076"/>
 <node id="663592923" visible="true" version="7" changeset="175319054" timestamp="2025-11-30T15:32:22Z" user="Vonter" uid="3926189" lat="12.9774465" lon="77.5931317">
  <tag k="access" v="private"/>
  <tag k="barrier" v="gate"/>
  <tag k="name" v="Gate 3"/>
 </node>
 <node id="663592924" visible="true" version="6" changeset="144104966" timestamp="2023-11-16T17:06:35Z" user="Vonter" uid="3926189" lat="12.9752226" lon="77.5955056">
  <tag k="barrier" v="gate"/>
  <tag k="name" v="Gate 4: Corporation Circle"/>
 </node>
 <node id="663592927" visible="true" version="1" changeset="4088274" timestamp="2010-03-10T10:59:57Z" user="PlaneMad" uid="1306" lat="12.9793172" lon="77.5946133"/>
 <node id="663592931" visible="true" version="2" changeset="137760131" timestamp="2023-06-25T16:58:54Z" user="Vonter" uid="3926189" lat="12.9799688" lon="77.5954005"/>
 <node id="663592932" visible="true" version="2" changeset="137760131" timestamp="2023-06-25T16:58:54Z" user="Vonter" uid="3926189" lat="12.9802669" lon="77.5957371">
  <tag k="barrier" v="gate"/>
 </node>
 <node id="663596553" visible="true" version="3" changeset="175319054" timestamp="2025-11-30T15:32:22Z" user="Vonter" uid="3926189" lat="12.9786160" lon="77.5938855">
  <tag k="access" v="private"/>
  <tag k="barrier" v="gate"/>
  <tag k="name" v="Gate 4"/>
 </node>
 <node id="663599742" visible="true" version="4" changeset="117897809" timestamp="2022-02-27T06:03:22Z" user="Vonter" uid="3926189" lat="12.9716239" lon="77.5915299"/>
 <node id="663599744" visible="true" version="3" changeset="33399565" timestamp="2015-08-17T19:19:02Z" user="PlaneMad" uid="1306" lat="12.9712645" lon="77.5909944"/>
 <node id="663599758" visible="true" version="1" changeset="4088539" timestamp="2010-03-10T11:35:37Z" user="PlaneMad" uid="1306" lat="12.9734666" lon="77.5921880"/>
 <node id="663599762" visible="true" version="3" changeset="33399565" timestamp="2015-08-17T19:19:02Z" user="PlaneMad" uid="1306" lat="12.9720188" lon="77.5926369"/>
 <node id="663599764" visible="true" version="3" changeset="36546710" timestamp="2016-01-13T10:46:03Z" user="PlaneMad" uid="1306" lat="12.9724178" lon="77.5936559"/>
 <node id="663599766" visible="true" version="1" changeset="4088539" timestamp="2010-03-10T11:35:37Z" user="PlaneMad" uid="1306" lat="12.9734310" lon="77.5920179"/>
 <node id="663599767" visible="true" version="2" changeset="30116205" timestamp="2015-04-10T11:44:58Z" user="PlaneMad" uid="1306" lat="12.9723291" lon="77.5935074"/>
 <node id="663599771" visible="true" version="4" changeset="160776755" timestamp="2024-12-30T05:40:21Z" user="uknown-gryphus" uid="2425805" lat="12.9725873" lon="77.5938473"/>
 <node id="663931664" visible="true" version="1" changeset="4095389" timestamp="2010-03-11T05:53:33Z" user="PlaneMad" uid="1306" lat="12.9766465" lon="77.5986816"/>
 <node id="663931665" visible="true" version="3" changeset="177282171" timestamp="2026-01-16T04:17:16Z" user="uknown-gryphus" uid="2425805" lat="12.9766071" lon="77.5988687"/>
 <node id="663941089" visible="true" version="6" changeset="128071629" timestamp="2022-10-26T08:38:52Z" user="Vonter" uid="3926189" lat="12.9706808" lon="77.5908344"/>
 <node id="663941090" visible="true" version="3" changeset="67656377" timestamp="2019-02-28T16:13:30Z" user="PlaneMad" uid="1306" lat="12.9702120" lon="77.5915356"/>
 <node id="663941091" visible="true" version="6" changeset="128071629" timestamp="2022-10-26T08:38:52Z" user="Vonter" uid="3926189" lat="12.9710169" lon="77.5915032"/>
 <node id="663941092" visible="true" version="7" changeset="135261733" timestamp="2023-04-23T13:24:13Z" user="Vonter" uid="3926189" lat="12.9704647" lon="77.5918324"/>
 <node id="663941093" visible="true" version="8" changeset="177282171" timestamp="2026-01-16T04:17:16Z" user="uknown-gryphus" uid="2425805" lat="12.9746300" lon="77.5964587"/>
 <node id="663941160" visible="true" version="2" changeset="44523734" timestamp="2016-12-19T19:28:09Z" user="PlaneMad" uid="1306" lat="12.9769788" lon="77.5984774"/>
 <node id="665065735" visible="true" version="3" changeset="163715896" timestamp="2025-03-17T05:49:25Z" user="uknown-gryphus" uid="2425805" lat="12.9707833" lon="77.5906561"/>
 <node id="665065742" visible="true" version="3" changeset="145208901" timestamp="2023-12-17T10:11:58Z" user="uknown-gryphus" uid="2425805" lat="12.9716761" lon="77.5940936"/>
 <node id="665065762" visible="true" version="2" changeset="149977159" timestamp="2024-04-14T05:58:08Z" user="Vonter" uid="3926189" lat="12.9770537" lon="77.5984375"/>
 <node id="665065764" visible="true" version="2" changeset="149977159" timestamp="2024-04-14T05:58:08Z" user="Vonter" uid="3926189" lat="12.9801246" lon="77.5970306"/>
 <node id="677286832" visible="true" version="4" changeset="163678848" timestamp="2025-03-16T09:03:52Z" user="uknown-gryphus" uid="2425805" lat="12.9744976" lon="77.5934089"/>
 <node id="1232686148" visible="true" version="4" changeset="87737558" timestamp="2020-07-09T03:57:58Z" user="ashu_27" uid="11334244" lat="12.9765135" lon="77.5991521"/>
 <node id="1232939382" visible="true" version="3" changeset="177282171" timestamp="2026-01-16T04:17:16Z" user="uknown-gryphus" uid="2425805" lat="12.9730443" lon="77.5949282"/>
 <node id="1232939387" visible="true" version="3" changeset="177282171" timestamp="2026-01-16T04:17:16Z" user="uknown-gryphus" uid="2425805" lat="12.9723135" lon="77.5943298"/>
 <node id="1232939392" visible="true" version="6" changeset="155422739" timestamp="2024-08-18T16:09:09Z" user="Vonter" uid="3926189" lat="12.9711388" lon="77.5969022"/>
 <node id="1232939416" visible="true" version="4" changeset="177282171" timestamp="2026-01-16T04:17:16Z" user="uknown-gryphus" uid="2425805" lat="12.9728319" lon="77.5954329"/>
 <node id="1232939458" visible="true" version="1" changeset="7767885" timestamp="2011-04-04T20:41:27Z" user="PlaneMad" uid="1306" lat="12.9725427" lon="77.5955431"/>
 <node id="1232939464" visible="true" version="8" changeset="182566030" timestamp="2026-05-12T17:11:01Z" user="Vonter" uid="3926189" lat="12.9719990" lon="77.5947672"/>
 <node id="1232939467" visible="true" version="3" changeset="177282171" timestamp="2026-01-16T04:17:16Z" user="uknown-gryphus" uid="2425805" lat="12.9720993" lon="77.5943865"/>
 <node id="1232939482" visible="true" version="8" changeset="182566030" timestamp="2026-05-12T17:11:01Z" user="Vonter" uid="3926189" lat="12.9719219" lon="77.5949550"/>
 <node id="1232939483" visible="true" version="8" changeset="182566030" timestamp="2026-05-12T17:11:01Z" user="Vonter" uid="3926189" lat="12.9727004" lon="77.5948640"/>
 <node id="1557709035" visible="true" version="4" changeset="50164424" timestamp="2017-07-10T01:57:20Z" user="docaneesh" uid="492742" lat="12.9725726" lon="77.5957141"/>
 <node id="1557709046" visible="true" version="2" changeset="29269684" timestamp="2015-03-05T15:55:31Z" user="docaneesh" uid="492742" lat="12.9729285" lon="77.5954308"/>
 <node id="1557709050" visible="true" version="5" changeset="160776599" timestamp="2024-12-30T05:29:05Z" user="uknown-gryphus" uid="2425805" lat="12.9716247" lon="77.5952798"/>
 <node id="1592805778" visible="true" version="3" changeset="160776755" timestamp="2024-12-30T05:40:21Z" user="uknown-gryphus" uid="2425805" lat="12.9734804" lon="77.5936496"/>
 <node id="1611272361" visible="true" version="4" changeset="177087674" timestamp="2026-01-11T08:50:17Z" user="uknown-gryphus" uid="2425805" lat="12.9680207" lon="77.5890703"/>
 <node id="1636623242" visible="true" version="4" changeset="177282171" timestamp="2026-01-16T04:17:16Z" user="uknown-gryphus" uid="2425805" lat="12.9720538" lon="77.5943110"/>
 <node id="1636623247" visible="true" version="4" changeset="177282171" timestamp="2026-01-16T04:17:16Z" user="uknown-gryphus" uid="2425805" lat="12.9721174" lon="77.5942818"/>
 <node id="1636623269" visible="true" version="4" changeset="177282171" timestamp="2026-01-16T04:17:16Z" user="uknown-gryphus" uid="2425805" lat="12.9722020" lon="77.5942587">
  <tag k="crossing:markings" v="zebra"/>
  <tag k="highway" v="crossing"/>
 </node>
 <node id="1636623340" visible="true" version="3" changeset="177282171" timestamp="2026-01-16T04:17:16Z" user="uknown-gryphus" uid="2425805" lat="12.9722841" lon="77.5942468"/>
 <node id="2189595230" visible="true" version="1" changeset="15281312" timestamp="2013-03-07T12:04:10Z" user="PlaneMad" uid="1306" lat="12.9771214" lon="77.5913246"/>
 <node id="2189657381" visible="true" version="1" changeset="15282242" timestamp="2013-03-07T13:42:12Z" user="PlaneMad" uid="1306" lat="12.9732269" lon="77.5925108"/>
 <node id="2189683167" visible="true" version="2" changeset="36546710" timestamp="2016-01-13T10:46:00Z" user="PlaneMad" uid="1306" lat="12.9682028" lon="77.5888658"/>
 <node id="2189683169" visible="true" version="2" changeset="36546710" timestamp="2016-01-13T10:46:00Z" user="PlaneMad" uid="1306" lat="12.9682552" lon="77.5887357"/>
 <node id="2189683195" visible="true" version="3" changeset="177282171" timestamp="2026-01-16T04:17:16Z" user="uknown-gryphus" uid="2425805" lat="12.9718044" lon="77.5941003"/>
 <node id="2189683198" visible="true" version="1" changeset="15282456" timestamp="2013-03-07T14:04:07Z" user="PlaneMad" uid="1306" lat="12.9719348" lon="77.5942744"/>
 <node id="2189683201" visible="true" version="3" changeset="177282171" timestamp="2026-01-16T04:17:16Z" user="uknown-gryphus" uid="2425805" lat="12.9721669" lon="77.5943262"/>
 <node id="2189683203" visible="true" version="2" changeset="36546710" timestamp="2016-01-13T10:46:00Z" user="PlaneMad" uid="1306" lat="12.9724409" lon="77.5937991"/>
 <node id="2189683204" visible="true" version="3" changeset="177282171" timestamp="2026-01-16T04:17:16Z" user="uknown-gryphus" uid="2425805" lat="12.9730838" lon="77.5947499"/>
 <node id="2189683206" visible="true" version="4" changeset="177282171" timestamp="2026-01-16T04:17:16Z" user="uknown-gryphus" uid="2425805" lat="12.9747008" lon="77.5963913">
  <tag k="barrier" v="gate"/>
 </node>
 <node id="2189718252" visible="true" version="3" changeset="177282171" timestamp="2026-01-16T04:17:16Z" user="uknown-gryphus" uid="2425805" lat="12.9734027" lon="77.5957811"/>
 <node id="2189718277" visible="true" version="2" changeset="177282171" timestamp="2026-01-16T04:17:16Z" user="uknown-gryphus" uid="2425805" lat="12.9736282" lon="77.5954970"/>
 <node id="2189718301" visible="true" version="2" changeset="177282171" timestamp="2026-01-16T04:17:16Z" user="uknown-gryphus" uid="2425805" lat="12.9742726" lon="77.5962842"/>
 <node id="2189718302" visible="true" version="3" changeset="177282171" timestamp="2026-01-16T04:17:16Z" user="uknown-gryphus" uid="2425805" lat="12.9745703" lon="77.5966158"/>
 <node id="2760170981" visible="true" version="3" changeset="148668879" timestamp="2024-03-15T03:19:47Z" user="uknown-gryphus" uid="2425805" lat="12.9705284" lon="77.5921215"/>
 <node id="2760171119" visible="true" version="3" changeset="148668879" timestamp="2024-03-15T03:19:47Z" user="uknown-gryphus" uid="2425805" lat="12.9705558" lon="77.5921524"/>
 <node id="3307263064" visible="true" version="1" changeset="28369016" timestamp="2015-01-24T10:31:45Z" user="PlaneMad" uid="1306" lat="12.9759390" lon="77.5946096"/>
 <node id="3307263065" visible="true" version="2" changeset="156921633" timestamp="2024-09-21T17:11:31Z" user="uknown-gryphus" uid="2425805" lat="12.9760807" lon="77.5947682"/>
 <node id="3343549645" visible="true" version="6" changeset="181847347" timestamp="2026-04-26T14:08:39Z" user="uknown-gryphus" uid="2425805" lat="12.9742529" lon="77.5960011"/>
 <node id="3343549646" visible="true" version="3" changeset="177282171" timestamp="2026-01-16T04:17:16Z" user="uknown-gryphus" uid="2425805" lat="12.9743137" lon="77.5959369">
  <tag k="barrier" v="gate"/>
 </node>
 <node id="3343549649" visible="true" version="2" changeset="177282171" timestamp="2026-01-16T04:17:16Z" user="uknown-gryphus" uid="2425805" lat="12.9747316" lon="77.5964323"/>
 <node id="3343549653" visible="true" version="3" changeset="177282171" timestamp="2026-01-16T04:17:16Z" user="uknown-gryphus" uid="2425805" lat="12.9750203" lon="77.5969428"/>
 <node id="3343549654" visible="true" version="1" changeset="28768789" timestamp="2015-02-11T09:35:25Z" user="PlaneMad" uid="1306" lat="12.9750935" lon="77.5968784"/>
 <node id="3343549658" visible="true" version="3" changeset="177282171" timestamp="2026-01-16T04:17:16Z" user="uknown-gryphus" uid="2425805" lat="12.9753242" lon="77.5972677"/>
 <node id="3343549668" visible="true" version="3" changeset="177282171" timestamp="2026-01-16T04:17:16Z" user="uknown-gryphus" uid="2425805" lat="12.9757174" lon="77.5979363"/>
 <node id="3343549669" visible="true" version="2" changeset="177282171" timestamp="2026-01-16T04:17:16Z" user="uknown-gryphus" uid="2425805" lat="12.9757630" lon="77.5979013"/>
 <node id="3343549670" visible="true" version="3" changeset="177282171" timestamp="2026-01-16T04:17:16Z" user="uknown-gryphus" uid="2425805" lat="12.9757506" lon="77.5978601"/>
 <node id="3343549679" visible="true" version="4" changeset="177282171" timestamp="2026-01-16T04:17:16Z" user="uknown-gryphus" uid="2425805" lat="12.9758326" lon="77.5980923"/>
 <node id="3343549680" visible="true" version="2" changeset="177282171" timestamp="2026-01-16T04:17:16Z" user="uknown-gryphus" uid="2425805" lat="12.9758727" lon="77.5980585"/>
 <node id="3343549793" visible="true" version="3" changeset="177282171" timestamp="2026-01-16T04:17:16Z" user="uknown-gryphus" uid="2425805" lat="12.9759173" lon="77.5981001"/>
 <node id="3384460219" visible="true" version="4" changeset="155422739" timestamp="2024-08-18T16:09:09Z" user="Vonter" uid="3926189" lat="12.9712152" lon="77.5967805"/>
 <node id="3384460226" visible="true" version="1" changeset="29269684" timestamp="2015-03-05T15:55:28Z" user="docaneesh" uid="492742" lat="12.9728425" lon="77.5954501"/>
 <node id="3384460240" visible="true" version="1" changeset="29269684" timestamp="2015-03-05T15:55:29Z" user="docaneesh" uid="492742" lat="12.9729215" lon="77.5952843"/>
 <node id="3384460242" visible="true" version="1" changeset="29269684" timestamp="2015-03-05T15:55:29Z" user="docaneesh" uid="492742" lat="12.9727798" lon="77.5954769"/>
 <node id="3384460248" visible="true" version="2" changeset="177282171" timestamp="2026-01-16T04:17:16Z" user="uknown-gryphus" uid="2425805" lat="12.9728076" lon="77.5952576"/>
 <node id="3384460249" visible="true" version="1" changeset="29269684" timestamp="2015-03-05T15:55:29Z" user="docaneesh" uid="492742" lat="12.9726700" lon="77.5955386"/>
 <node id="3384460263" visible="true" version="2" changeset="177282171" timestamp="2026-01-16T04:17:16Z" user="uknown-gryphus" uid="2425805" lat="12.9729543" lon="77.5951818"/>
 <node id="3384460267" visible="true" version="1" changeset="29269684" timestamp="2015-03-05T15:55:29Z" user="docaneesh" uid="492742" lat="12.9727118" lon="77.5955144"/>
 <node id="3448365054" visible="true" version="1" changeset="30116205" timestamp="2015-04-10T11:44:57Z" user="PlaneMad" uid="1306" lat="12.9732712" lon="77.5944202"/>
 <node id="3448365058" visible="true" version="1" changeset="30116205" timestamp="2015-04-10T11:44:57Z" user="PlaneMad" uid="1306" lat="12.9738018" lon="77.5950340"/>
 <node id="3455203010" visible="true" version="4" changeset="155442207" timestamp="2024-08-19T05:16:10Z" user="uknown-gryphus" uid="2425805" lat="12.9718891" lon="77.5941142">
  <tag k="man_made" v="tower"/>
  <tag k="name" v="Ionising Radiation Tower (road Side) Pole Mounted"/>
  <tag k="tower:type" v="communication"/>
 </node>
 <node id="3474511230" visible="true" version="6" changeset="182566030" timestamp="2026-05-12T17:11:01Z" user="Vonter" uid="3926189" lat="12.9723777" lon="77.5948332"/>
 <node id="3474511232" visible="true" version="6" changeset="182566030" timestamp="2026-05-12T17:11:01Z" user="Vonter" uid="3926189" lat="12.9724992" lon="77.5948440"/>
 <node id="3474511234" visible="true" version="6" changeset="182566030" timestamp="2026-05-12T17:11:01Z" user="Vonter" uid="3926189" lat="12.9725013" lon="77.5948330"/>
 <node id="3474511236" visible="true" version="6" changeset="182566030" timestamp="2026-05-12T17:11:01Z" user="Vonter" uid="3926189" lat="12.9726217" lon="77.5948736"/>
 <node id="3676120325" visible="true" version="7" changeset="177164620" timestamp="2026-01-13T06:19:08Z" user="uknown-gryphus" uid="2425805" lat="12.9803587" lon="77.5968955">
  <tag k="barrier" v="gate"/>
 </node>
 <node id="3676355560" visible="true" version="1" changeset="33031178" timestamp="2015-08-01T14:11:13Z" user="PlaneMad" uid="1306" lat="12.9743361" lon="77.5945707"/>
 <node id="3685624486" visible="true" version="4" changeset="130585428" timestamp="2022-12-28T07:07:55Z" user="Vonter" uid="3926189" lat="12.9716950" lon="77.5957336"/>
 <node id="3685624490" visible="true" version="4" changeset="130585428" timestamp="2022-12-28T07:07:55Z" user="Vonter" uid="3926189" lat="12.9716520" lon="77.5958219"/>
 <node id="3685624496" visible="true" version="4" changeset="130585428" timestamp="2022-12-28T07:07:55Z" user="Vonter" uid="3926189" lat="12.9717601" lon="77.5958550"/>
 <node id="3685624498" visible="true" version="4" changeset="130585428" timestamp="2022-12-28T07:07:55Z" user="Vonter" uid="3926189" lat="12.9718011" lon="77.5954568"/>
 <node id="3685624502" visible="true" version="4" changeset="130585428" timestamp="2022-12-28T07:07:55Z" user="Vonter" uid="3926189" lat="12.9719092" lon="77.5958873"/>
 <node id="3685624509" visible="true" version="4" changeset="130585428" timestamp="2022-12-28T07:07:55Z" user="Vonter" uid="3926189" lat="12.9720435" lon="77.5955861"/>
 <node id="3701772943" visible="true" version="1" changeset="33399565" timestamp="2015-08-17T19:18:55Z" user="PlaneMad" uid="1306" lat="12.9714127" lon="77.5920167"/>
 <node id="3701772945" visible="true" version="1" changeset="33399565" timestamp="2015-08-17T19:18:55Z" user="PlaneMad" uid="1306" lat="12.9715198" lon="77.5928287"/>
 <node id="3701772946" visible="true" version="1" changeset="33399565" timestamp="2015-08-17T19:18:55Z" user="PlaneMad" uid="1306" lat="12.9715258" lon="77.5929477"/>
 <node id="3701772947" visible="true" version="1" changeset="33399565" timestamp="2015-08-17T19:18:55Z" user="PlaneMad" uid="1306" lat="12.9715496" lon="77.5926974"/>
 <node id="3701772948" visible="true" version="1" changeset="33399565" timestamp="2015-08-17T19:18:55Z" user="PlaneMad" uid="1306" lat="12.9715674" lon="77.5922762"/>
 <node id="3701772951" visible="true" version="2" changeset="149678574" timestamp="2024-04-07T05:45:13Z" user="ppku" uid="14057548" lat="12.9716621" lon="77.5925387"/>
 <node id="3701772956" visible="true" version="2" changeset="149678574" timestamp="2024-04-07T05:45:13Z" user="ppku" uid="14057548" lat="12.9718780" lon="77.5921587"/>
 <node id="3701772961" visible="true" version="1" changeset="33399565" timestamp="2015-08-17T19:18:55Z" user="PlaneMad" uid="1306" lat="12.9721088" lon="77.5936437"/>
 <node id="3701772964" visible="true" version="1" changeset="33399565" timestamp="2015-08-17T19:18:55Z" user="PlaneMad" uid="1306" lat="12.9722129" lon="77.5936834"/>
 <node id="3701772965" visible="true" version="1" changeset="33399565" timestamp="2015-08-17T19:18:55Z" user="PlaneMad" uid="1306" lat="12.9722515" lon="77.5930430"/>
 <node id="3701772966" visible="true" version="2" changeset="36546710" timestamp="2016-01-13T10:46:02Z" user="PlaneMad" uid="1306" lat="12.9723905" lon="77.5936946"/>
 <node id="3701772973" visible="true" version="2" changeset="34353557" timestamp="2015-09-30T18:50:52Z" user="Chetan_Gowda" uid="2644101" lat="12.9732752" lon="77.5881247"/>
 <node id="3701772981" visible="true" version="1" changeset="33399565" timestamp="2015-08-17T19:18:55Z" user="PlaneMad" uid="1306" lat="12.9737249" lon="77.5887890"/>
 <node id="3701772986" visible="true" version="1" changeset="33399565" timestamp="2015-08-17T19:18:55Z" user="PlaneMad" uid="1306" lat="12.9739178" lon="77.5880716"/>
 <node id="3701773008" visible="true" version="1" changeset="33399565" timestamp="2015-08-17T19:18:56Z" user="PlaneMad" uid="1306" lat="12.9783036" lon="77.5939522"/>
 <node id="3730964436" visible="true" version="2" changeset="163678848" timestamp="2025-03-16T09:03:52Z" user="uknown-gryphus" uid="2425805" lat="12.9744650" lon="77.5934741"/>
 <node id="3730964438" visible="true" version="2" changeset="163678848" timestamp="2025-03-16T09:03:52Z" user="uknown-gryphus" uid="2425805" lat="12.9745998" lon="77.5934526"/>
 <node id="3730964458" visible="true" version="1" changeset="33821233" timestamp="2015-09-05T20:19:34Z" user="PlaneMad" uid="1306" lat="12.9749534" lon="77.5938536"/>
 <node id="3730964462" visible="true" version="1" changeset="33821233" timestamp="2015-09-05T20:19:34Z" user="PlaneMad" uid="1306" lat="12.9750117" lon="77.5937573"/>
 <node id="3730964464" visible="true" version="1" changeset="33821233" timestamp="2015-09-05T20:19:34Z" user="PlaneMad" uid="1306" lat="12.9750324" lon="77.5939810"/>
 <node id="3730964473" visible="true" version="1" changeset="33821233" timestamp="2015-09-05T20:19:35Z" user="PlaneMad" uid="1306" lat="12.9750955" lon="77.5938614"/>
 <node id="3755916497" visible="true" version="1" changeset="34207159" timestamp="2015-09-23T14:32:22Z" user="PlaneMad" uid="1306" lat="12.9739970" lon="77.5915146"/>
 <node id="3755916499" visible="true" version="1" changeset="34207159" timestamp="2015-09-23T14:32:22Z" user="PlaneMad" uid="1306" lat="12.9740530" lon="77.5909153"/>
 <node id="3755916512" visible="true" version="1" changeset="34207159" timestamp="2015-09-23T14:32:22Z" user="PlaneMad" uid="1306" lat="12.9743811" lon="77.5910384"/>
 <node id="3755916513" visible="true" version="1" changeset="34207159" timestamp="2015-09-23T14:32:22Z" user="PlaneMad" uid="1306" lat="12.9743837" lon="77.5912054"/>
 <node id="3755916514" visible="true" version="1" changeset="34207159" timestamp="2015-09-23T14:32:22Z" user="PlaneMad" uid="1306" lat="12.9744131" lon="77.5910932"/>
 <node id="3755954055" visible="true" version="1" changeset="34207159" timestamp="2015-09-23T14:32:19Z" user="PlaneMad" uid="1306" lat="12.9682151" lon="77.5890625"/>
 <node id="3755954056" visible="true" version="1" changeset="34207159" timestamp="2015-09-23T14:32:19Z" user="PlaneMad" uid="1306" lat="12.9682391" lon="77.5891200"/>
 <node id="3755954057" visible="true" version="1" changeset="34207159" timestamp="2015-09-23T14:32:19Z" user="PlaneMad" uid="1306" lat="12.9682471" lon="77.5890023"/>
 <node id="3755954058" visible="true" version="1" changeset="34207159" timestamp="2015-09-23T14:32:19Z" user="PlaneMad" uid="1306" lat="12.9683671" lon="77.5889968"/>
 <node id="3755954059" visible="true" version="1" changeset="34207159" timestamp="2015-09-23T14:32:19Z" user="PlaneMad" uid="1306" lat="12.9683724" lon="77.5892842"/>
 <node id="3755954063" visible="true" version="1" changeset="34207159" timestamp="2015-09-23T14:32:20Z" user="PlaneMad" uid="1306" lat="12.9685511" lon="77.5895004"/>
 <node id="3755954066" visible="true" version="1" changeset="34207159" timestamp="2015-09-23T14:32:20Z" user="PlaneMad" uid="1306" lat="12.9688525" lon="77.5898999"/>
 <node id="3755954067" visible="true" version="1" changeset="34207159" timestamp="2015-09-23T14:32:20Z" user="PlaneMad" uid="1306" lat="12.9688765" lon="77.5891911"/>
 <node id="3755954069" visible="true" version="1" changeset="34207159" timestamp="2015-09-23T14:32:20Z" user="PlaneMad" uid="1306" lat="12.9692259" lon="77.5903050"/>
 <node id="3755954070" visible="true" version="1" changeset="34207159" timestamp="2015-09-23T14:32:20Z" user="PlaneMad" uid="1306" lat="12.9693859" lon="77.5893115"/>
 <node id="3755954071" visible="true" version="1" changeset="34207159" timestamp="2015-09-23T14:32:20Z" user="PlaneMad" uid="1306" lat="12.9694072" lon="77.5905568"/>
 <node id="3755954072" visible="true" version="1" changeset="34207159" timestamp="2015-09-23T14:32:20Z" user="PlaneMad" uid="1306" lat="12.9696766" lon="77.5908168"/>
 <node id="3755954075" visible="true" version="1" changeset="34207159" timestamp="2015-09-23T14:32:20Z" user="PlaneMad" uid="1306" lat="12.9698473" lon="77.5910467"/>
 <node id="3755954076" visible="true" version="1" changeset="34207159" timestamp="2015-09-23T14:32:20Z" user="PlaneMad" uid="1306" lat="12.9700206" lon="77.5912711"/>
 <node id="3755954078" visible="true" version="1" changeset="34207159" timestamp="2015-09-23T14:32:20Z" user="PlaneMad" uid="1306" lat="12.9700420" lon="77.5895332"/>
 <node id="3755954080" visible="true" version="1" changeset="34207159" timestamp="2015-09-23T14:32:20Z" user="PlaneMad" uid="1306" lat="12.9702046" lon="77.5914736"/>
 <node id="3755954082" visible="true" version="1" changeset="34207159" timestamp="2015-09-23T14:32:20Z" user="PlaneMad" uid="1306" lat="12.9704100" lon="77.5896673"/>
 <node id="3755954083" visible="true" version="2" changeset="128065975" timestamp="2022-10-26T06:18:46Z" user="Vonter" uid="3926189" lat="12.9703607" lon="77.5913009"/>
 <node id="3755954087" visible="true" version="1" changeset="34207159" timestamp="2015-09-23T14:32:20Z" user="PlaneMad" uid="1306" lat="12.9707060" lon="77.5897795"/>
 <node id="3755954090" visible="true" version="3" changeset="128071629" timestamp="2022-10-26T08:38:52Z" user="Vonter" uid="3926189" lat="12.9707200" lon="77.5920775"/>
 <node id="3755954092" visible="true" version="1" changeset="34207159" timestamp="2015-09-23T14:32:20Z" user="PlaneMad" uid="1306" lat="12.9709061" lon="77.5909290"/>
 <node id="3755954095" visible="true" version="2" changeset="128071629" timestamp="2022-10-26T08:38:52Z" user="Vonter" uid="3926189" lat="12.9710975" lon="77.5912227"/>
 <node id="3755954098" visible="true" version="1" changeset="34207159" timestamp="2015-09-23T14:32:20Z" user="PlaneMad" uid="1306" lat="12.9711274" lon="77.5898370"/>
 <node id="3755954102" visible="true" version="1" changeset="34207159" timestamp="2015-09-23T14:32:20Z" user="PlaneMad" uid="1306" lat="12.9713381" lon="77.5927790"/>
 <node id="3755954105" visible="true" version="1" changeset="34207159" timestamp="2015-09-23T14:32:20Z" user="PlaneMad" uid="1306" lat="12.9714874" lon="77.5928748"/>
 <node id="3755954107" visible="true" version="1" changeset="34207159" timestamp="2015-09-23T14:32:20Z" user="PlaneMad" uid="1306" lat="12.9715728" lon="77.5899684"/>
 <node id="3755954109" visible="true" version="1" changeset="34207159" timestamp="2015-09-23T14:32:20Z" user="PlaneMad" uid="1306" lat="12.9716128" lon="77.5927927"/>
 <node id="3755954110" visible="true" version="1" changeset="34207159" timestamp="2015-09-23T14:32:20Z" user="PlaneMad" uid="1306" lat="12.9717248" lon="77.5928420"/>
 <node id="3755954113" visible="true" version="1" changeset="34207159" timestamp="2015-09-23T14:32:20Z" user="PlaneMad" uid="1306" lat="12.9718582" lon="77.5929651"/>
 <node id="3755954118" visible="true" version="1" changeset="34207159" timestamp="2015-09-23T14:32:20Z" user="PlaneMad" uid="1306" lat="12.9719648" lon="77.5900915"/>
 <node id="3755954119" visible="true" version="1" changeset="34207159" timestamp="2015-09-23T14:32:20Z" user="PlaneMad" uid="1306" lat="12.9720315" lon="77.5931786"/>
 <node id="3755954120" visible="true" version="1" changeset="34207159" timestamp="2015-09-23T14:32:20Z" user="PlaneMad" uid="1306" lat="12.9720448" lon="77.5934879"/>
 <node id="3755954122" visible="true" version="1" changeset="34207159" timestamp="2015-09-23T14:32:20Z" user="PlaneMad" uid="1306" lat="12.9720822" lon="77.5933757"/>
 <node id="3755954123" visible="true" version="1" changeset="34207159" timestamp="2015-09-23T14:32:20Z" user="PlaneMad" uid="1306" lat="12.9721035" lon="77.5936028"/>
 <node id="3755958825" visible="true" version="1" changeset="34207159" timestamp="2015-09-23T14:32:20Z" user="PlaneMad" uid="1306" lat="12.9721995" lon="77.5936548"/>
 <node id="3755958827" visible="true" version="1" changeset="34207159" timestamp="2015-09-23T14:32:20Z" user="PlaneMad" uid="1306" lat="12.9723222" lon="77.5936548"/>
 <node id="3755958828" visible="true" version="1" changeset="34207159" timestamp="2015-09-23T14:32:21Z" user="PlaneMad" uid="1306" lat="12.9724289" lon="77.5902256"/>
 <node id="3755958829" visible="true" version="1" changeset="34207159" timestamp="2015-09-23T14:32:21Z" user="PlaneMad" uid="1306" lat="12.9724342" lon="77.5935317"/>
 <node id="3755958830" visible="true" version="1" changeset="34207159" timestamp="2015-09-23T14:32:21Z" user="PlaneMad" uid="1306" lat="12.9725409" lon="77.5933018"/>
 <node id="3755958831" visible="true" version="1" changeset="34207159" timestamp="2015-09-23T14:32:21Z" user="PlaneMad" uid="1306" lat="12.9726209" lon="77.5903187"/>
 <node id="3755958834" visible="true" version="1" changeset="34207159" timestamp="2015-09-23T14:32:21Z" user="PlaneMad" uid="1306" lat="12.9728396" lon="77.5903898"/>
 <node id="3755958835" visible="true" version="1" changeset="34207159" timestamp="2015-09-23T14:32:21Z" user="PlaneMad" uid="1306" lat="12.9728583" lon="77.5929159"/>
 <node id="3755958837" visible="true" version="1" changeset="34207159" timestamp="2015-09-23T14:32:21Z" user="PlaneMad" uid="1306" lat="12.9730343" lon="77.5926997"/>
 <node id="3755958840" visible="true" version="1" changeset="34207159" timestamp="2015-09-23T14:32:21Z" user="PlaneMad" uid="1306" lat="12.9731276" lon="77.5906963"/>
 <node id="3755958841" visible="true" version="1" changeset="34207159" timestamp="2015-09-23T14:32:21Z" user="PlaneMad" uid="1306" lat="12.9732343" lon="77.5923603"/>
 <node id="3755958842" visible="true" version="1" changeset="34207159" timestamp="2015-09-23T14:32:21Z" user="PlaneMad" uid="1306" lat="12.9732530" lon="77.5907401"/>
 <node id="3755958848" visible="true" version="1" changeset="34207159" timestamp="2015-09-23T14:32:21Z" user="PlaneMad" uid="1306" lat="12.9735997" lon="77.5908113"/>
 <node id="3755958850" visible="true" version="1" changeset="34207159" timestamp="2015-09-23T14:32:21Z" user="PlaneMad" uid="1306" lat="12.9737010" lon="77.5917911"/>
 <node id="3755961191" visible="true" version="1" changeset="34207308" timestamp="2015-09-23T14:38:18Z" user="PlaneMad" uid="1306" lat="12.9724919" lon="77.5936776"/>
 <node id="3755961192" visible="true" version="1" changeset="34207308" timestamp="2015-09-23T14:38:18Z" user="PlaneMad" uid="1306" lat="12.9725266" lon="77.5940388"/>
 <node id="3755961193" visible="true" version="2" changeset="36546710" timestamp="2016-01-13T10:46:02Z" user="PlaneMad" uid="1306" lat="12.9725358" lon="77.5937549"/>
 <node id="3755961194" visible="true" version="1" changeset="34207308" timestamp="2015-09-23T14:38:18Z" user="PlaneMad" uid="1306" lat="12.9725452" lon="77.5935407"/>
 <node id="3755961195" visible="true" version="2" changeset="36546710" timestamp="2016-01-13T10:46:02Z" user="PlaneMad" uid="1306" lat="12.9725370" lon="77.5939152"/>
 <node id="3755961196" visible="true" version="1" changeset="34207308" timestamp="2015-09-23T14:38:18Z" user="PlaneMad" uid="1306" lat="12.9726199" lon="77.5941483"/>
 <node id="3755961197" visible="true" version="2" changeset="36546710" timestamp="2016-01-13T10:46:02Z" user="PlaneMad" uid="1306" lat="12.9726537" lon="77.5937970"/>
 <node id="3755961198" visible="true" version="2" changeset="36546710" timestamp="2016-01-13T10:46:02Z" user="PlaneMad" uid="1306" lat="12.9725622" lon="77.5938882"/>
 <node id="3755961199" visible="true" version="1" changeset="34207308" timestamp="2015-09-23T14:38:18Z" user="PlaneMad" uid="1306" lat="12.9728146" lon="77.5932178"/>
 <node id="3755961201" visible="true" version="1" changeset="34207308" timestamp="2015-09-23T14:38:18Z" user="PlaneMad" uid="1306" lat="12.9729746" lon="77.5944548"/>
 <node id="3755961203" visible="true" version="1" changeset="34207308" timestamp="2015-09-23T14:38:18Z" user="PlaneMad" uid="1306" lat="12.9730360" lon="77.5936913"/>
 <node id="3755961204" visible="true" version="2" changeset="36546710" timestamp="2016-01-13T10:46:02Z" user="PlaneMad" uid="1306" lat="12.9730760" lon="77.5937708"/>
 <node id="3755961205" visible="true" version="1" changeset="34207308" timestamp="2015-09-23T14:38:18Z" user="PlaneMad" uid="1306" lat="12.9731880" lon="77.5926376"/>
 <node id="3755961206" visible="true" version="1" changeset="34207308" timestamp="2015-09-23T14:38:18Z" user="PlaneMad" uid="1306" lat="12.9732066" lon="77.5946765"/>
 <node id="3755961207" visible="true" version="1" changeset="34207308" timestamp="2015-09-23T14:38:18Z" user="PlaneMad" uid="1306" lat="12.9733720" lon="77.5935052"/>
 <node id="3755961208" visible="true" version="2" changeset="36546710" timestamp="2016-01-13T10:46:02Z" user="PlaneMad" uid="1306" lat="12.9733590" lon="77.5937216"/>
 <node id="3755961209" visible="true" version="1" changeset="34207308" timestamp="2015-09-23T14:38:18Z" user="PlaneMad" uid="1306" lat="12.9734040" lon="77.5923338"/>
 <node id="3755961210" visible="true" version="1" changeset="34207308" timestamp="2015-09-23T14:38:18Z" user="PlaneMad" uid="1306" lat="12.9735320" lon="77.5948845"/>
 <node id="3755961211" visible="true" version="1" changeset="34207308" timestamp="2015-09-23T14:38:18Z" user="PlaneMad" uid="1306" lat="12.9736654" lon="77.5936885"/>
 <node id="3755961212" visible="true" version="1" changeset="34207308" timestamp="2015-09-23T14:38:18Z" user="PlaneMad" uid="1306" lat="12.9736707" lon="77.5950487"/>
 <node id="3755961213" visible="true" version="1" changeset="34207308" timestamp="2015-09-23T14:38:18Z" user="PlaneMad" uid="1306" lat="12.9736787" lon="77.5920328"/>
 <node id="3755961214" visible="true" version="1" changeset="34207308" timestamp="2015-09-23T14:38:18Z" user="PlaneMad" uid="1306" lat="12.9737240" lon="77.5934313"/>
 <node id="3755961215" visible="true" version="1" changeset="34207308" timestamp="2015-09-23T14:38:18Z" user="PlaneMad" uid="1306" lat="12.9737374" lon="77.5950761"/>
 <node id="3755961216" visible="true" version="1" changeset="34207308" timestamp="2015-09-23T14:38:18Z" user="PlaneMad" uid="1306" lat="12.9738840" lon="77.5917591"/>
 <node id="3755961217" visible="true" version="1" changeset="34207308" timestamp="2015-09-23T14:38:18Z" user="PlaneMad" uid="1306" lat="12.9739320" lon="77.5936365"/>
 <node id="3755961218" visible="true" version="1" changeset="34207308" timestamp="2015-09-23T14:38:18Z" user="PlaneMad" uid="1306" lat="12.9739400" lon="77.5949009"/>
 <node id="3755961219" visible="true" version="1" changeset="34207308" timestamp="2015-09-23T14:38:18Z" user="PlaneMad" uid="1306" lat="12.9739694" lon="77.5942468"/>
 <node id="3755961220" visible="true" version="1" changeset="34207308" timestamp="2015-09-23T14:38:18Z" user="PlaneMad" uid="1306" lat="12.9739800" lon="77.5941839"/>
 <node id="3755961221" visible="true" version="1" changeset="34207308" timestamp="2015-09-23T14:38:18Z" user="PlaneMad" uid="1306" lat="12.9740761" lon="77.5943618"/>
 <node id="3755961222" visible="true" version="1" changeset="34207308" timestamp="2015-09-23T14:38:18Z" user="PlaneMad" uid="1306" lat="12.9741641" lon="77.5933300"/>
 <node id="3755961223" visible="true" version="1" changeset="34207308" timestamp="2015-09-23T14:38:18Z" user="PlaneMad" uid="1306" lat="12.9741721" lon="77.5935681"/>
 <node id="3755961224" visible="true" version="1" changeset="34207308" timestamp="2015-09-23T14:38:18Z" user="PlaneMad" uid="1306" lat="12.9741774" lon="77.5946354"/>
 <node id="3755963425" visible="true" version="1" changeset="34207308" timestamp="2015-09-23T14:38:18Z" user="PlaneMad" uid="1306" lat="12.9741881" lon="77.5945232"/>
 <node id="3755963426" visible="true" version="1" changeset="34207308" timestamp="2015-09-23T14:38:18Z" user="PlaneMad" uid="1306" lat="12.9742014" lon="77.5938336"/>
 <node id="3755963427" visible="true" version="1" changeset="34207308" timestamp="2015-09-23T14:38:18Z" user="PlaneMad" uid="1306" lat="12.9742787" lon="77.5936064"/>
 <node id="3755963428" visible="true" version="1" changeset="34207308" timestamp="2015-09-23T14:38:18Z" user="PlaneMad" uid="1306" lat="12.9742921" lon="77.5936612"/>
 <node id="3755963429" visible="true" version="1" changeset="34207308" timestamp="2015-09-23T14:38:18Z" user="PlaneMad" uid="1306" lat="12.9743107" lon="77.5914334"/>
 <node id="3755963430" visible="true" version="1" changeset="34207308" timestamp="2015-09-23T14:38:18Z" user="PlaneMad" uid="1306" lat="12.9745054" lon="77.5913787"/>
 <node id="3755963431" visible="true" version="1" changeset="34207308" timestamp="2015-09-23T14:38:18Z" user="PlaneMad" uid="1306" lat="12.9745348" lon="77.5932972"/>
 <node id="3755963432" visible="true" version="1" changeset="34207308" timestamp="2015-09-23T14:38:18Z" user="PlaneMad" uid="1306" lat="12.9746041" lon="77.5914526"/>
 <node id="3755963433" visible="true" version="1" changeset="34207308" timestamp="2015-09-23T14:38:18Z" user="PlaneMad" uid="1306" lat="12.9746441" lon="77.5915292"/>
 <node id="3755963434" visible="true" version="2" changeset="112311167" timestamp="2021-10-09T18:21:18Z" user="Vonter" uid="3926189" lat="12.9747194" lon="77.5918070">
  <tag k="access" v="yes"/>
  <tag k="barrier" v="gate"/>
  <tag k="foot" v="yes"/>
 </node>
 <node id="3755963436" visible="true" version="2" changeset="112329455" timestamp="2021-10-10T11:19:59Z" user="Vonter" uid="3926189" lat="12.9747557" lon="77.5931975"/>
 <node id="3755963437" visible="true" version="1" changeset="34207308" timestamp="2015-09-23T14:38:18Z" user="PlaneMad" uid="1306" lat="12.9748015" lon="77.5922079"/>
 <node id="3755963441" visible="true" version="2" changeset="112329455" timestamp="2021-10-10T11:19:59Z" user="Vonter" uid="3926189" lat="12.9748540" lon="77.5930398"/>
 <node id="3755963443" visible="true" version="1" changeset="34207308" timestamp="2015-09-23T14:38:18Z" user="PlaneMad" uid="1306" lat="12.9749161" lon="77.5926294"/>
 <node id="3755963444" visible="true" version="1" changeset="34207308" timestamp="2015-09-23T14:38:19Z" user="PlaneMad" uid="1306" lat="12.9749428" lon="77.5928429"/>
 <node id="3765997157" visible="true" version="5" changeset="182566030" timestamp="2026-05-12T17:11:01Z" user="Vonter" uid="3926189" lat="12.9719947" lon="77.5951996"/>
 <node id="3765997158" visible="true" version="5" changeset="182566030" timestamp="2026-05-12T17:11:01Z" user="Vonter" uid="3926189" lat="12.9720349" lon="77.5949764"/>
 <node id="3765997159" visible="true" version="5" changeset="182566030" timestamp="2026-05-12T17:11:01Z" user="Vonter" uid="3926189" lat="12.9725736" lon="77.5953737"/>
 <node id="3765997160" visible="true" version="5" changeset="182566030" timestamp="2026-05-12T17:11:01Z" user="Vonter" uid="3926189" lat="12.9726772" lon="77.5951460"/>
 <node id="3766731036" visible="true" version="5" changeset="182566030" timestamp="2026-05-12T17:11:01Z" user="Vonter" uid="3926189" lat="12.9723803" lon="77.5948197"/>
 <node id="3766731037" visible="true" version="5" changeset="182566030" timestamp="2026-05-12T17:11:01Z" user="Vonter" uid="3926189" lat="12.9726558" lon="77.5948812"/>
 <node id="3769013525" visible="true" version="3" changeset="130585428" timestamp="2022-12-28T07:07:55Z" user="Vonter" uid="3926189" lat="12.9716526" lon="77.5956153"/>
 <node id="3769013530" visible="true" version="3" changeset="130585428" timestamp="2022-12-28T07:07:55Z" user="Vonter" uid="3926189" lat="12.9717529" lon="77.5955691"/>
 <node id="3769013534" visible="true" version="3" changeset="130585428" timestamp="2022-12-28T07:07:55Z" user="Vonter" uid="3926189" lat="12.9718527" lon="77.5954807"/>
 <node id="3769013535" visible="true" version="3" changeset="130585428" timestamp="2022-12-28T07:07:55Z" user="Vonter" uid="3926189" lat="12.9718600" lon="77.5954642"/>
 <node id="3769013537" visible="true" version="3" changeset="130585428" timestamp="2022-12-28T07:07:55Z" user="Vonter" uid="3926189" lat="12.9719025" lon="77.5955042"/>
 <node id="3769013541" visible="true" version="3" changeset="130585428" timestamp="2022-12-28T07:07:55Z" user="Vonter" uid="3926189" lat="12.9719520" lon="77.5957922"/>
 <node id="3769013542" visible="true" version="3" changeset="130585428" timestamp="2022-12-28T07:07:55Z" user="Vonter" uid="3926189" lat="12.9719782" lon="77.5957345"/>
 <node id="3769013543" visible="true" version="3" changeset="130585428" timestamp="2022-12-28T07:07:55Z" user="Vonter" uid="3926189" lat="12.9719868" lon="77.5957767"/>
 <node id="3769013544" visible="true" version="3" changeset="130585428" timestamp="2022-12-28T07:07:55Z" user="Vonter" uid="3926189" lat="12.9719971" lon="77.5955645"/>
 <node id="3769013545" visible="true" version="3" changeset="130585428" timestamp="2022-12-28T07:07:55Z" user="Vonter" uid="3926189" lat="12.9720105" lon="77.5955340"/>
 <node id="3769013546" visible="true" version="3" changeset="130585428" timestamp="2022-12-28T07:07:55Z" user="Vonter" uid="3926189" lat="12.9720198" lon="77.5956410"/>
 <node id="3943325826" visible="true" version="2" changeset="79181771" timestamp="2020-01-04T06:54:50Z" user="Vonter" uid="3926189" lat="12.9684387" lon="77.5896277"/>
 <node id="3943325840" visible="true" version="3" changeset="177087674" timestamp="2026-01-11T08:50:17Z" user="uknown-gryphus" uid="2425805" lat="12.9678573" lon="77.5886260"/>
 <node id="3943325846" visible="true" version="1" changeset="36546710" timestamp="2016-01-13T10:45:38Z" user="PlaneMad" uid="1306" lat="12.9680193" lon="77.5885647"/>
 <node id="3943325853" visible="true" version="1" changeset="36546710" timestamp="2016-01-13T10:45:38Z" user="PlaneMad" uid="1306" lat="12.9680866" lon="77.5890222"/>
 <node id="3943325855" visible="true" version="1" changeset="36546710" timestamp="2016-01-13T10:45:38Z" user="PlaneMad" uid="1306" lat="12.9681313" lon="77.5890945"/>
 <node id="3943327557" visible="true" version="1" changeset="36546710" timestamp="2016-01-13T10:45:38Z" user="PlaneMad" uid="1306" lat="12.9685505" lon="77.5895970"/>
 <node id="3943327566" visible="true" version="1" changeset="36546710" timestamp="2016-01-13T10:45:38Z" user="PlaneMad" uid="1306" lat="12.9718584" lon="77.5938089"/>
 <node id="3943327569" visible="true" version="2" changeset="143924001" timestamp="2023-11-12T08:14:22Z" user="uknown-gryphus" uid="2425805" lat="12.9720841" lon="77.5937307">
  <tag k="crossing:markings" v="zebra"/>
  <tag k="highway" v="crossing"/>
 </node>
 <node id="3943327570" visible="true" version="1" changeset="36546710" timestamp="2016-01-13T10:45:38Z" user="PlaneMad" uid="1306" lat="12.9721401" lon="77.5936923"/>
 <node id="3943327571" visible="true" version="2" changeset="37800813" timestamp="2016-03-13T14:21:25Z" user="PlaneMad" uid="1306" lat="12.9722897" lon="77.5937541"/>
 <node id="3943327572" visible="true" version="1" changeset="36546710" timestamp="2016-01-13T10:45:38Z" user="PlaneMad" uid="1306" lat="12.9722564" lon="77.5937080"/>
 <node id="3943327573" visible="true" version="1" changeset="36546710" timestamp="2016-01-13T10:45:38Z" user="PlaneMad" uid="1306" lat="12.9723344" lon="77.5937539"/>
 <node id="3943327574" visible="true" version="2" changeset="144104966" timestamp="2023-11-16T17:06:35Z" user="Vonter" uid="3926189" lat="12.9723621" lon="77.5937212">
  <tag k="barrier" v="gate"/>
  <tag k="name" v="Gate 5"/>
 </node>
 <node id="3943327575" visible="true" version="1" changeset="36546710" timestamp="2016-01-13T10:45:38Z" user="PlaneMad" uid="1306" lat="12.9724084" lon="77.5939338"/>
 <node id="3943327576" visible="true" version="2" changeset="177282171" timestamp="2026-01-16T04:17:16Z" user="uknown-gryphus" uid="2425805" lat="12.9724036" lon="77.5940167"/>
 <node id="3943327577" visible="true" version="4" changeset="160776755" timestamp="2024-12-30T05:40:21Z" user="uknown-gryphus" uid="2425805" lat="12.9724235" lon="77.5938853"/>
 <node id="3943327578" visible="true" version="3" changeset="177282171" timestamp="2026-01-16T04:17:16Z" user="uknown-gryphus" uid="2425805" lat="12.9724596" lon="77.5942264"/>
 <node id="3943327579" visible="true" version="3" changeset="160776755" timestamp="2024-12-30T05:40:21Z" user="uknown-gryphus" uid="2425805" lat="12.9724852" lon="77.5938752">
  <tag k="barrier" v="gate"/>
  <tag k="name" v="Gate 5"/>
 </node>
 <node id="3943327580" visible="true" version="1" changeset="36546710" timestamp="2016-01-13T10:45:38Z" user="PlaneMad" uid="1306" lat="12.9724830" lon="77.5940382"/>
 <node id="3943327581" visible="true" version="1" changeset="36546710" timestamp="2016-01-13T10:45:38Z" user="PlaneMad" uid="1306" lat="12.9724950" lon="77.5941079"/>
 <node id="4058224494" visible="true" version="3" changeset="160776755" timestamp="2024-12-30T05:40:21Z" user="uknown-gryphus" uid="2425805" lat="12.9724456" lon="77.5938821">
  <tag k="highway" v="crossing"/>
 </node>
 <node id="4058224495" visible="true" version="1" changeset="37800813" timestamp="2016-03-13T14:20:19Z" user="PlaneMad" uid="1306" lat="12.9724515" lon="77.5940717"/>
 <node id="4058224799" visible="true" version="3" changeset="177282171" timestamp="2026-01-16T04:17:16Z" user="uknown-gryphus" uid="2425805" lat="12.9718534" lon="77.5939942"/>
 <node id="4058224801" visible="true" version="2" changeset="143924001" timestamp="2023-11-12T08:14:22Z" user="uknown-gryphus" uid="2425805" lat="12.9718745" lon="77.5940080"/>
 <node id="4058224803" visible="true" version="3" changeset="177282171" timestamp="2026-01-16T04:17:16Z" user="uknown-gryphus" uid="2425805" lat="12.9718648" lon="77.5939312"/>
 <node id="4058224805" visible="true" version="4" changeset="177282171" timestamp="2026-01-16T04:17:16Z" user="uknown-gryphus" uid="2425805" lat="12.9719302" lon="77.5939882"/>
 <node id="4058224806" visible="true" version="3" changeset="177282171" timestamp="2026-01-16T04:17:16Z" user="uknown-gryphus" uid="2425805" lat="12.9718961" lon="77.5937703"/>
 <node id="4058224807" visible="true" version="3" changeset="177282171" timestamp="2026-01-16T04:17:16Z" user="uknown-gryphus" uid="2425805" lat="12.9718883" lon="77.5938669"/>
 <node id="4058224809" visible="true" version="3" changeset="177282171" timestamp="2026-01-16T04:17:16Z" user="uknown-gryphus" uid="2425805" lat="12.9718922" lon="77.5937958"/>
 <node id="4058224810" visible="true" version="3" changeset="177282171" timestamp="2026-01-16T04:17:16Z" user="uknown-gryphus" uid="2425805" lat="12.9719314" lon="77.5940720"/>
 <node id="4058224811" visible="true" version="3" changeset="177282171" timestamp="2026-01-16T04:17:16Z" user="uknown-gryphus" uid="2425805" lat="12.9719641" lon="77.5940713"/>
 <node id="4058224812" visible="true" version="5" changeset="177282171" timestamp="2026-01-16T04:17:16Z" user="uknown-gryphus" uid="2425805" lat="12.9719671" lon="77.5941343">
  <tag k="highway" v="traffic_signals"/>
  <tag k="traffic_signals" v="signal"/>
 </node>
 <node id="4058224813" visible="true" version="5" changeset="145208901" timestamp="2023-12-17T10:11:58Z" user="uknown-gryphus" uid="2425805" lat="12.9720216" lon="77.5942473"/>
 <node id="4058224814" visible="true" version="3" changeset="177282171" timestamp="2026-01-16T04:17:16Z" user="uknown-gryphus" uid="2425805" lat="12.9719942" lon="77.5939125"/>
 <node id="4058224815" visible="true" version="3" changeset="177282171" timestamp="2026-01-16T04:17:16Z" user="uknown-gryphus" uid="2425805" lat="12.9720157" lon="77.5939041">
  <tag k="noexit" v="yes"/>
 </node>
 <node id="4058224817" visible="true" version="3" changeset="177282171" timestamp="2026-01-16T04:17:16Z" user="uknown-gryphus" uid="2425805" lat="12.9720098" lon="77.5941330"/>
 <node id="4058224820" visible="true" version="3" changeset="177282171" timestamp="2026-01-16T04:17:16Z" user="uknown-gryphus" uid="2425805" lat="12.9720414" lon="77.5939897"/>
 <node id="4058224822" visible="true" version="3" changeset="177282171" timestamp="2026-01-16T04:17:16Z" user="uknown-gryphus" uid="2425805" lat="12.9720229" lon="77.5941706"/>
 <node id="4058224827" visible="true" version="5" changeset="163738451" timestamp="2025-03-17T15:49:19Z" user="uknown-gryphus" uid="2425805" lat="12.9719456" lon="77.5937192"/>
 <node id="4058224828" visible="true" version="3" changeset="177282171" timestamp="2026-01-16T04:17:16Z" user="uknown-gryphus" uid="2425805" lat="12.9720412" lon="77.5940847"/>
 <node id="4058224830" visible="true" version="6" changeset="177282171" timestamp="2026-01-16T04:17:16Z" user="uknown-gryphus" uid="2425805" lat="12.9720628" lon="77.5941604">
  <tag k="highway" v="traffic_signals"/>
 </node>
 <node id="4058224832" visible="true" version="3" changeset="177282171" timestamp="2026-01-16T04:17:16Z" user="uknown-gryphus" uid="2425805" lat="12.9720535" lon="77.5937904"/>
 <node id="4058224833" visible="true" version="3" changeset="177282171" timestamp="2026-01-16T04:17:16Z" user="uknown-gryphus" uid="2425805" lat="12.9720314" lon="77.5941274">
  <tag k="noexit" v="yes"/>
 </node>
 <node id="4058224834" visible="true" version="3" changeset="177282171" timestamp="2026-01-16T04:17:16Z" user="uknown-gryphus" uid="2425805" lat="12.9720974" lon="77.5938444">
  <tag k="noexit" v="yes"/>
 </node>
 <node id="4058224835" visible="true" version="1" changeset="37800813" timestamp="2016-03-13T14:20:17Z" user="PlaneMad" uid="1306" lat="12.9720843" lon="77.5936952"/>
 <node id="4058224836" visible="true" version="5" changeset="154251159" timestamp="2024-07-22T08:43:56Z" user="ompatekar" uid="16275581" lat="12.9721128" lon="77.5940442"/>
 <node id="4058224840" visible="true" version="3" changeset="177282171" timestamp="2026-01-16T04:17:16Z" user="uknown-gryphus" uid="2425805" lat="12.9721264" lon="77.5942447"/>
 <node id="4058224842" visible="true" version="3" changeset="177282171" timestamp="2026-01-16T04:17:16Z" user="uknown-gryphus" uid="2425805" lat="12.9721695" lon="77.5941845">
  <tag k="noexit" v="yes"/>
 </node>
 <node id="4058224843" visible="true" version="3" changeset="177282171" timestamp="2026-01-16T04:17:16Z" user="uknown-gryphus" uid="2425805" lat="12.9721594" lon="77.5939044"/>
 <node id="4058224845" visible="true" version="1" changeset="37800813" timestamp="2016-03-13T14:20:18Z" user="PlaneMad" uid="1306" lat="12.9721849" lon="77.5937140"/>
 <node id="4058224846" visible="true" version="3" changeset="177282171" timestamp="2026-01-16T04:17:16Z" user="uknown-gryphus" uid="2425805" lat="12.9721777" lon="77.5938963">
  <tag k="noexit" v="yes"/>
 </node>
 <node id="4058224847" visible="true" version="3" changeset="177282171" timestamp="2026-01-16T04:17:16Z" user="uknown-gryphus" uid="2425805" lat="12.9721634" lon="77.5941800"/>
 <node id="4058224848" visible="true" version="3" changeset="177282171" timestamp="2026-01-16T04:17:16Z" user="uknown-gryphus" uid="2425805" lat="12.9721973" lon="77.5942307">
  <tag k="noexit" v="yes"/>
 </node>
 <node id="4058224850" visible="true" version="4" changeset="177282171" timestamp="2026-01-16T04:17:16Z" user="uknown-gryphus" uid="2425805" lat="12.9722106" lon="77.5941322">
  <tag k="crossing" v="traffic_signals"/>
  <tag k="crossing:markings" v="zebra"/>
  <tag k="highway" v="crossing"/>
  <tag k="traffic_signals:countdown" v="yes"/>
 </node>
 <node id="4058224851" visible="true" version="3" changeset="177282171" timestamp="2026-01-16T04:17:16Z" user="uknown-gryphus" uid="2425805" lat="12.9722025" lon="77.5938075"/>
 <node id="4058224852" visible="true" version="6" changeset="154251159" timestamp="2024-07-22T08:43:56Z" user="ompatekar" uid="16275581" lat="12.9721517" lon="77.5940818"/>
 <node id="4058224853" visible="true" version="3" changeset="177282171" timestamp="2026-01-16T04:17:16Z" user="uknown-gryphus" uid="2425805" lat="12.9722336" lon="77.5942273"/>
 <node id="4058224854" visible="true" version="3" changeset="177282171" timestamp="2026-01-16T04:17:16Z" user="uknown-gryphus" uid="2425805" lat="12.9722627" lon="77.5938075"/>
 <node id="4058224855" visible="true" version="4" changeset="177282171" timestamp="2026-01-16T04:17:16Z" user="uknown-gryphus" uid="2425805" lat="12.9722594" lon="77.5940701">
  <tag k="crossing" v="traffic_signals"/>
  <tag k="crossing:markings" v="zebra"/>
  <tag k="highway" v="crossing"/>
  <tag k="traffic_signals:countdown" v="yes"/>
 </node>
 <node id="4058224857" visible="true" version="3" changeset="177282171" timestamp="2026-01-16T04:17:16Z" user="uknown-gryphus" uid="2425805" lat="12.9722757" lon="77.5940184"/>
 <node id="4058224858" visible="true" version="3" changeset="177282171" timestamp="2026-01-16T04:17:16Z" user="uknown-gryphus" uid="2425805" lat="12.9722914" lon="77.5939942"/>
 <node id="4058224859" visible="true" version="3" changeset="177282171" timestamp="2026-01-16T04:17:16Z" user="uknown-gryphus" uid="2425805" lat="12.9723188" lon="77.5939701"/>
 <node id="4058224860" visible="true" version="2" changeset="121833602" timestamp="2022-06-02T04:30:26Z" user="uknown-gryphus" uid="2425805" lat="12.9723462" lon="77.5937400">
  <tag k="highway" v="crossing"/>
 </node>
 <node id="4058224861" visible="true" version="3" changeset="177282171" timestamp="2026-01-16T04:17:16Z" user="uknown-gryphus" uid="2425805" lat="12.9723659" lon="77.5940398"/>
 <node id="4058224862" visible="true" version="3" changeset="177282171" timestamp="2026-01-16T04:17:16Z" user="uknown-gryphus" uid="2425805" lat="12.9723685" lon="77.5939969"/>
 <node id="4058224863" visible="true" version="3" changeset="177282171" timestamp="2026-01-16T04:17:16Z" user="uknown-gryphus" uid="2425805" lat="12.9723724" lon="77.5939526"/>
 <node id="4058224864" visible="true" version="3" changeset="177282171" timestamp="2026-01-16T04:17:16Z" user="uknown-gryphus" uid="2425805" lat="12.9723750" lon="77.5941095"/>
 <node id="4058224866" visible="true" version="2" changeset="177282171" timestamp="2026-01-16T04:17:16Z" user="uknown-gryphus" uid="2425805" lat="12.9724154" lon="77.5940783"/>
 <node id="4488002868" visible="true" version="2" changeset="145208901" timestamp="2023-12-17T10:11:58Z" user="uknown-gryphus" uid="2425805" lat="12.9718474" lon="77.5943937">
  <tag k="addr:city" v="Bangalore"/>
  <tag k="addr:postcode" v="560053"/>
  <tag k="addr:street" v="2, 3 Road K V Lane, Akkipet Cross, Akkipet Cross,"/>
  <tag k="name" v="Moti Sales Corporation"/>
  <tag k="office" v="company"/>
  <tag k="phone" v="080 2225 2643"/>
 </node>
 <node id="4548979092" visible="true" version="1" changeset="44320858" timestamp="2016-12-11T11:54:53Z" user="PlaneMad" uid="1306" lat="12.9727759" lon="77.5935202">
  <tag k="tourism" v="artwork"/>
 </node>
 <node id="4562270116" visible="true" version="4" changeset="176887947" timestamp="2026-01-06T05:20:59Z" user="uknown-gryphus" uid="2425805" lat="12.9803814" lon="77.5967997"/>
 <node id="4562270119" visible="true" version="2" changeset="168600404" timestamp="2025-07-07T11:30:15Z" user="uknown-gryphus" uid="2425805" lat="12.9767416" lon="77.5989019"/>
 <node id="4562270120" visible="true" version="1" changeset="44523734" timestamp="2016-12-19T19:28:08Z" user="PlaneMad" uid="1306" lat="12.9768193" lon="77.5986491"/>
 <node id="4562270121" visible="true" version="1" changeset="44523734" timestamp="2016-12-19T19:28:08Z" user="PlaneMad" uid="1306" lat="12.9768925" lon="77.5985472"/>
 <node id="4562270122" visible="true" version="2" changeset="154466975" timestamp="2024-07-27T03:40:38Z" user="Vonter" uid="3926189" lat="12.9802482" lon="77.5969798"/>
 <node id="4562270123" visible="true" version="2" changeset="154466975" timestamp="2024-07-27T03:40:38Z" user="Vonter" uid="3926189" lat="12.9802899" lon="77.5969620"/>
 <node id="4793645539" visible="true" version="1" changeset="47784874" timestamp="2017-04-14T15:56:29Z" user="CrazyAnalyst01" uid="5666963" lat="12.9726576" lon="77.5935194"/>
 <node id="4793645540" visible="true" version="1" changeset="47784874" timestamp="2017-04-14T15:56:29Z" user="CrazyAnalyst01" uid="5666963" lat="12.9728562" lon="77.5932834"/>
 <node id="4793645541" visible="true" version="1" changeset="47784874" timestamp="2017-04-14T15:56:29Z" user="CrazyAnalyst01" uid="5666963" lat="12.9729242" lon="77.5931868"/>
 <node id="4793645542" visible="true" version="1" changeset="47784874" timestamp="2017-04-14T15:56:29Z" user="CrazyAnalyst01" uid="5666963" lat="12.9730026" lon="77.5930259"/>
 <node id="4793645543" visible="true" version="1" changeset="47784874" timestamp="2017-04-14T15:56:29Z" user="CrazyAnalyst01" uid="5666963" lat="12.9730705" lon="77.5928971"/>
 <node id="4793645544" visible="true" version="1" changeset="47784874" timestamp="2017-04-14T15:56:29Z" user="CrazyAnalyst01" uid="5666963" lat="12.9732378" lon="77.5926826"/>
 <node id="4793645545" visible="true" version="1" changeset="47784874" timestamp="2017-04-14T15:56:29Z" user="CrazyAnalyst01" uid="5666963" lat="12.9734835" lon="77.5923553"/>
 <node id="4793645546" visible="true" version="1" changeset="47784874" timestamp="2017-04-14T15:56:29Z" user="CrazyAnalyst01" uid="5666963" lat="12.9737344" lon="77.5920764"/>
 <node id="4793645547" visible="true" version="1" changeset="47784874" timestamp="2017-04-14T15:56:29Z" user="CrazyAnalyst01" uid="5666963" lat="12.9739226" lon="77.5918511"/>
 <node id="4793645548" visible="true" version="1" changeset="47784874" timestamp="2017-04-14T15:56:29Z" user="CrazyAnalyst01" uid="5666963" lat="12.9743460" lon="77.5915078"/>
 <node id="4793645549" visible="true" version="1" changeset="47784874" timestamp="2017-04-14T15:56:29Z" user="CrazyAnalyst01" uid="5666963" lat="12.9745133" lon="77.5914595"/>
 <node id="4793645550" visible="true" version="1" changeset="47784874" timestamp="2017-04-14T15:56:29Z" user="CrazyAnalyst01" uid="5666963" lat="12.9745604" lon="77.5915131"/>
 <node id="4793645551" visible="true" version="2" changeset="112311167" timestamp="2021-10-09T18:21:18Z" user="Vonter" uid="3926189" lat="12.9746525" lon="77.5918249"/>
 <node id="4793645552" visible="true" version="1" changeset="47784874" timestamp="2017-04-14T15:56:29Z" user="CrazyAnalyst01" uid="5666963" lat="12.9747381" lon="77.5922159"/>
 <node id="4793645553" visible="true" version="1" changeset="47784874" timestamp="2017-04-14T15:56:29Z" user="CrazyAnalyst01" uid="5666963" lat="12.9748374" lon="77.5925967"/>
 <node id="4793645554" visible="true" version="1" changeset="47784874" timestamp="2017-04-14T15:56:29Z" user="CrazyAnalyst01" uid="5666963" lat="12.9748792" lon="77.5928220"/>
 <node id="4793645555" visible="true" version="1" changeset="47784874" timestamp="2017-04-14T15:56:29Z" user="CrazyAnalyst01" uid="5666963" lat="12.9748636" lon="77.5929293"/>
 <node id="4793645556" visible="true" version="1" changeset="47784874" timestamp="2017-04-14T15:56:29Z" user="CrazyAnalyst01" uid="5666963" lat="12.9747956" lon="77.5930366"/>
 <node id="4793645557" visible="true" version="1" changeset="47784874" timestamp="2017-04-14T15:56:29Z" user="CrazyAnalyst01" uid="5666963" lat="12.9746963" lon="77.5931278"/>
 <node id="4793645558" visible="true" version="1" changeset="47784874" timestamp="2017-04-14T15:56:29Z" user="CrazyAnalyst01" uid="5666963" lat="12.9745917" lon="77.5931868"/>
 <node id="4793645559" visible="true" version="1" changeset="47784874" timestamp="2017-04-14T15:56:29Z" user="CrazyAnalyst01" uid="5666963" lat="12.9744263" lon="77.5932069"/>
 <node id="4793645560" visible="true" version="1" changeset="47784874" timestamp="2017-04-14T15:56:29Z" user="CrazyAnalyst01" uid="5666963" lat="12.9741892" lon="77.5932673"/>
 <node id="4793645561" visible="true" version="1" changeset="47784874" timestamp="2017-04-14T15:56:29Z" user="CrazyAnalyst01" uid="5666963" lat="12.9738965" lon="77.5933370"/>
 <node id="4793645562" visible="true" version="1" changeset="47784874" timestamp="2017-04-14T15:56:29Z" user="CrazyAnalyst01" uid="5666963" lat="12.9733424" lon="77.5934389"/>
 <node id="4793645563" visible="true" version="1" changeset="47784874" timestamp="2017-04-14T15:56:29Z" user="CrazyAnalyst01" uid="5666963" lat="12.9729869" lon="77.5936321"/>
 <node id="4793645564" visible="true" version="1" changeset="47784874" timestamp="2017-04-14T15:56:29Z" user="CrazyAnalyst01" uid="5666963" lat="12.9727308" lon="77.5937072"/>
 <node id="4793645565" visible="true" version="1" changeset="47784874" timestamp="2017-04-14T15:56:29Z" user="CrazyAnalyst01" uid="5666963" lat="12.9726001" lon="77.5937072"/>
 <node id="4793645566" visible="true" version="1" changeset="47784874" timestamp="2017-04-14T15:56:29Z" user="CrazyAnalyst01" uid="5666963" lat="12.9725739" lon="77.5936482"/>
 <node id="4960826807" visible="true" version="3" changeset="182566030" timestamp="2026-05-12T17:11:01Z" user="Vonter" uid="3926189" lat="12.9726381" lon="77.5950766"/>
 <node id="4960826810" visible="true" version="3" changeset="160776599" timestamp="2024-12-30T05:29:05Z" user="uknown-gryphus" uid="2425805" lat="12.9718127" lon="77.5951692"/>
 <node id="4960826813" visible="true" version="3" changeset="182566030" timestamp="2026-05-12T17:11:01Z" user="Vonter" uid="3926189" lat="12.9726032" lon="77.5951008"/>
 <node id="4960826816" visible="true" version="3" changeset="182566030" timestamp="2026-05-12T17:11:01Z" user="Vonter" uid="3926189" lat="12.9726628" lon="77.5950415"/>
 <node id="4960826818" visible="true" version="6" changeset="177282171" timestamp="2026-01-16T04:17:16Z" user="uknown-gryphus" uid="2425805" lat="12.9719217" lon="77.5946604"/>
 <node id="4960830623" visible="true" version="6" changeset="162150073" timestamp="2025-02-05T04:42:45Z" user="rajanik" uid="18812448" lat="12.9711777" lon="77.5967568"/>
 <node id="4960830624" visible="true" version="4" changeset="177282171" timestamp="2026-01-16T04:17:16Z" user="uknown-gryphus" uid="2425805" lat="12.9719562" lon="77.5946743"/>
 <node id="4960830627" visible="true" version="3" changeset="182566030" timestamp="2026-05-12T17:11:01Z" user="Vonter" uid="3926189" lat="12.9724431" lon="77.5949357"/>
 <node id="4960830628" visible="true" version="3" changeset="182566030" timestamp="2026-05-12T17:11:01Z" user="Vonter" uid="3926189" lat="12.9726598" lon="77.5949270"/>
 <node id="4960830630" visible="true" version="3" changeset="182566030" timestamp="2026-05-12T17:11:01Z" user="Vonter" uid="3926189" lat="12.9724669" lon="77.5949001"/>
 <node id="4960830633" visible="true" version="3" changeset="182566030" timestamp="2026-05-12T17:11:01Z" user="Vonter" uid="3926189" lat="12.9726743" lon="77.5949999"/>
 <node id="4960830642" visible="true" version="3" changeset="182566030" timestamp="2026-05-12T17:11:01Z" user="Vonter" uid="3926189" lat="12.9726735" lon="77.5949679"/>
 <node id="4960830651" visible="true" version="3" changeset="182566030" timestamp="2026-05-12T17:11:01Z" user="Vonter" uid="3926189" lat="12.9724422" lon="77.5950364"/>
 <node id="4960830654" visible="true" version="3" changeset="182566030" timestamp="2026-05-12T17:11:01Z" user="Vonter" uid="3926189" lat="12.9725623" lon="77.5951114"/>
 <node id="4960830658" visible="true" version="3" changeset="182566030" timestamp="2026-05-12T17:11:01Z" user="Vonter" uid="3926189" lat="12.9724990" lon="77.5950984"/>
 <node id="4960830660" visible="true" version="3" changeset="182566030" timestamp="2026-05-12T17:11:01Z" user="Vonter" uid="3926189" lat="12.9725012" lon="77.5948749"/>
 <node id="4960830666" visible="true" version="3" changeset="182566030" timestamp="2026-05-12T17:11:01Z" user="Vonter" uid="3926189" lat="12.9725418" lon="77.5948633"/>
 <node id="4960830669" visible="true" version="3" changeset="182566030" timestamp="2026-05-12T17:11:01Z" user="Vonter" uid="3926189" lat="12.9726452" lon="77.5953231"/>
 <node id="4960830670" visible="true" version="2" changeset="139251703" timestamp="2023-07-31T12:16:27Z" user="deept" uid="10516163" lat="12.9717590" lon="77.5953161"/>
 <node id="4960830676" visible="true" version="4" changeset="182566030" timestamp="2026-05-12T17:11:01Z" user="Vonter" uid="3926189" lat="12.9720189" lon="77.5947018"/>
 <node id="4960830677" visible="true" version="2" changeset="139251703" timestamp="2023-07-31T12:16:27Z" user="deept" uid="10516163" lat="12.9721041" lon="77.5955184"/>
 <node id="4960830681" visible="true" version="3" changeset="182566030" timestamp="2026-05-12T17:11:01Z" user="Vonter" uid="3926189" lat="12.9724653" lon="77.5950725"/>
 <node id="4960830682" visible="true" version="1" changeset="50164424" timestamp="2017-07-10T01:57:18Z" user="docaneesh" uid="492742" lat="12.9718243" lon="77.5953216"/>
 <node id="4960830683" visible="true" version="3" changeset="182566030" timestamp="2026-05-12T17:11:01Z" user="Vonter" uid="3926189" lat="12.9724325" lon="77.5949943"/>
 <node id="4960830684" visible="true" version="3" changeset="182566030" timestamp="2026-05-12T17:11:01Z" user="Vonter" uid="3926189" lat="12.9727217" lon="77.5950944"/>
 <node id="4960830686" visible="true" version="3" changeset="182566030" timestamp="2026-05-12T17:11:01Z" user="Vonter" uid="3926189" lat="12.9726334" lon="77.5948933"/>
 <node id="4960830688" visible="true" version="1" changeset="50164424" timestamp="2017-07-10T01:57:18Z" user="docaneesh" uid="492742" lat="12.9721249" lon="77.5954665"/>
 <node id="4960830689" visible="true" version="3" changeset="182566030" timestamp="2026-05-12T17:11:01Z" user="Vonter" uid="3926189" lat="12.9725204" lon="77.5951069"/>
 <node id="4960830690" visible="true" version="3" changeset="182566030" timestamp="2026-05-12T17:11:01Z" user="Vonter" uid="3926189" lat="12.9725973" lon="77.5948710"/>
 <node id="4960836234" visible="true" version="3" changeset="182566030" timestamp="2026-05-12T17:11:01Z" user="Vonter" uid="3926189" lat="12.9723160" lon="77.5952058"/>
 <node id="4960836235" visible="true" version="3" changeset="182566030" timestamp="2026-05-12T17:11:01Z" user="Vonter" uid="3926189" lat="12.9725319" lon="77.5952500"/>
 <node id="4960836236" visible="true" version="3" changeset="182566030" timestamp="2026-05-12T17:11:01Z" user="Vonter" uid="3926189" lat="12.9723316" lon="77.5951256"/>
 <node id="4960836237" visible="true" version="3" changeset="182566030" timestamp="2026-05-12T17:11:01Z" user="Vonter" uid="3926189" lat="12.9725475" lon="77.5951698"/>
 <node id="5340711535" visible="true" version="3" changeset="177282171" timestamp="2026-01-16T04:17:16Z" user="uknown-gryphus" uid="2425805" lat="12.9720277" lon="77.5943769"/>
 <node id="5340711536" visible="true" version="2" changeset="145208901" timestamp="2023-12-17T10:11:58Z" user="uknown-gryphus" uid="2425805" lat="12.9719110" lon="77.5945269"/>
 <node id="6308519855" visible="true" version="2" changeset="148668879" timestamp="2024-03-15T03:19:47Z" user="uknown-gryphus" uid="2425805" lat="12.9702626" lon="77.5916552"/>
 <node id="6308519860" visible="true" version="2" changeset="148668879" timestamp="2024-03-15T03:19:47Z" user="uknown-gryphus" uid="2425805" lat="12.9701843" lon="77.5917041"/>
 <node id="6573902917" visible="true" version="1" changeset="71659953" timestamp="2019-06-27T06:21:34Z" user="Veena BS" uid="8725947" lat="12.9725190" lon="77.5959071"/>
 <node id="6573902918" visible="true" version="1" changeset="71659953" timestamp="2019-06-27T06:21:34Z" user="Veena BS" uid="8725947" lat="12.9725779" lon="77.5960359"/>
 <node id="6573902919" visible="true" version="1" changeset="71659953" timestamp="2019-06-27T06:21:34Z" user="Veena BS" uid="8725947" lat="12.9726668" lon="77.5961325"/>
 <node id="6573902920" visible="true" version="1" changeset="71659953" timestamp="2019-06-27T06:21:34Z" user="Veena BS" uid="8725947" lat="12.9728079" lon="77.5962210"/>
 <node id="6573902921" visible="true" version="1" changeset="71659953" timestamp="2019-06-27T06:21:34Z" user="Veena BS" uid="8725947" lat="12.9728916" lon="77.5962344"/>
 <node id="6573902922" visible="true" version="1" changeset="71659953" timestamp="2019-06-27T06:21:34Z" user="Veena BS" uid="8725947" lat="12.9730406" lon="77.5962102"/>
 <node id="6573902923" visible="true" version="1" changeset="71659953" timestamp="2019-06-27T06:21:34Z" user="Veena BS" uid="8725947" lat="12.9731582" lon="77.5961378"/>
 <node id="6573902924" visible="true" version="1" changeset="71659953" timestamp="2019-06-27T06:21:34Z" user="Veena BS" uid="8725947" lat="12.9732157" lon="77.5960439"/>
 <node id="6573902925" visible="true" version="1" changeset="71659953" timestamp="2019-06-27T06:21:34Z" user="Veena BS" uid="8725947" lat="12.9732523" lon="77.5958937"/>
 <node id="6573902926" visible="true" version="1" changeset="71659953" timestamp="2019-06-27T06:21:34Z" user="Veena BS" uid="8725947" lat="12.9732444" lon="77.5956926"/>
 <node id="6573902927" visible="true" version="1" changeset="71659953" timestamp="2019-06-27T06:21:34Z" user="Veena BS" uid="8725947" lat="12.9731895" lon="77.5956148"/>
 <node id="6573902928" visible="true" version="1" changeset="71659953" timestamp="2019-06-27T06:21:34Z" user="Veena BS" uid="8725947" lat="12.9730902" lon="77.5955075"/>
 <node id="6758660948" visible="true" version="3" changeset="177282171" timestamp="2026-01-16T04:17:16Z" user="uknown-gryphus" uid="2425805" lat="12.9754341" lon="77.5975408"/>
 <node id="6834406263" visible="true" version="10" changeset="189589621" timestamp="2026-09-26T13:56:19Z" user="glassdropper" uid="22340513" lat="12.9764894" lon="77.5991167">
  <tag k="button_operated" v="no"/>
  <tag k="crossing" v="traffic_signals"/>
  <tag k="crossing:markings" v="zebra"/>
  <tag k="crossing_ref" v="zebra"/>
  <tag k="highway" v="crossing"/>
  <tag k="traffic_signals:sound" v="yes"/>
  <tag k="traffic_signals:vibration" v="no"/>
 </node>
 <node id="6834406266" visible="true" version="5" changeset="163757431" timestamp="2025-03-18T04:03:23Z" user="uknown-gryphus" uid="2425805" lat="12.9766565" lon="77.5989203"/>
 <node id="7106320854" visible="true" version="1" changeset="79181771" timestamp="2020-01-04T06:54:50Z" user="Vonter" uid="3926189" lat="12.9684272" lon="77.5896134">
  <tag k="bus" v="yes"/>
  <tag k="name" v="Corporation Circle (Cubbon Park)"/>
  <tag k="name:en" v="Corporation Circle (Cubbon Park)"/>
  <tag k="network" v="BMTC"/>
  <tag k="operator" v="BMTC"/>
  <tag k="public_transport" v="stop_position"/>
 </node>
 <node id="7106320855" visible="true" version="9" changeset="181847347" timestamp="2026-04-26T14:08:39Z" user="uknown-gryphus" uid="2425805" lat="12.9740673" lon="77.5957765">
  <tag k="alt_name" v="Museum"/>
  <tag k="bus" v="yes"/>
  <tag k="name" v="Kasturba Road"/>
  <tag k="name:en" v="Kasturba Road"/>
  <tag k="name:etymology:wikidata" v="Q264908"/>
  <tag k="name:kn" v="ಕಸ್ತೂರ್ಬಾ ರಸ್ತೆ"/>
  <tag k="network" v="BMTC"/>
  <tag k="operator" v="BMTC"/>
  <tag k="public_transport" v="stop_position"/>
 </node>
 <node id="7106320856" visible="true" version="3" changeset="177282171" timestamp="2026-01-16T04:17:16Z" user="uknown-gryphus" uid="2425805" lat="12.9759400" lon="77.5982399">
  <tag k="bus" v="yes"/>
  <tag k="name" v="MG Statue"/>
  <tag k="name:en" v="MG Statue"/>
  <tag k="network" v="BMTC"/>
  <tag k="operator" v="BMTC"/>
  <tag k="public_transport" v="stop_position"/>
 </node>
 <node id="7794488274" visible="true" version="4" changeset="177282171" timestamp="2026-01-16T04:17:16Z" user="uknown-gryphus" uid="2425805" lat="12.9739024" lon="77.5955829"/>
 <node id="8483440839" visible="true" version="2" changeset="128565893" timestamp="2022-11-06T18:15:46Z" user="Vonter" uid="3926189" lat="12.9748263" lon="77.5896903"/>
 <node id="8483440842" visible="true" version="3" changeset="164277393" timestamp="2025-03-30T08:40:27Z" user="uknown-gryphus" uid="2425805" lat="12.9741709" lon="77.5897005"/>
 <node id="9033255821" visible="true" version="2" changeset="112035806" timestamp="2021-10-03T14:24:11Z" user="Vonter" uid="3926189" lat="12.9803221" lon="77.5958305"/>
 <node id="9103464454" visible="true" version="5" changeset="160567425" timestamp="2024-12-24T09:16:10Z" user="Kaartic Sivaraam" uid="8558575" lat="12.9722290" lon="77.5935562">
  <tag k="access" v="permissive"/>
  <tag k="amenity" v="toilets"/>
  <tag k="fee" v="yes"/>
  <tag k="name" v="Public Toilets"/>
  <tag k="name:kn" v="ಸಾರ್ವಜನಿಕ ಶೌಚಾಲಯ"/>
  <tag k="toilets:disposal" v="flush"/>
  <tag k="unisex" v="yes"/>
  <tag k="wheelchair" v="limited"/>
 </node>
 <node id="9103464455" visible="true" version="1" changeset="111371253" timestamp="2021-09-18T11:17:37Z" user="Vonter" uid="3926189" lat="12.9731146" lon="77.5924456"/>
 <node id="9162183598" visible="true" version="3" changeset="177164620" timestamp="2026-01-13T06:19:08Z" user="uknown-gryphus" uid="2425805" lat="12.9803451" lon="77.5969425">
  <tag k="access" v="private"/>
  <tag k="barrier" v="gate"/>
  <tag k="bicycle" v="yes"/>
  <tag k="foot" v="yes"/>
  <tag k="maxwidth" v="0.5"/>
 </node>
 <node id="9633893516" visible="true" version="3" changeset="177087674" timestamp="2026-01-11T08:50:17Z" user="uknown-gryphus" uid="2425805" lat="12.9703397" lon="77.5918913">
  <tag k="crossing" v="uncontrolled"/>
  <tag k="crossing:markings" v="zebra"/>
  <tag k="highway" v="crossing"/>
  <tag k="traffic_calming" v="table"/>
 </node>
 <node id="9796460459" visible="true" version="2" changeset="130597020" timestamp="2022-12-28T11:41:22Z" user="Vonter" uid="3926189" lat="12.9721337" lon="77.5969198"/>
 <node id="9870744990" visible="true" version="1" changeset="123287452" timestamp="2022-07-06T17:45:53Z" user="Vonter" uid="3926189" lat="12.9690085" lon="77.5885138"/>
 <node id="9892036257" visible="true" version="1" changeset="123698419" timestamp="2022-07-16T18:16:59Z" user="Vonter" uid="3926189" lat="12.9721872" lon="77.5949080">
  <tag k="name" v="Bengaluru Baking Company"/>
  <tag k="shop" v="bakery"/>
 </node>
 <node id="10038561229" visible="true" version="2" changeset="177282171" timestamp="2026-01-16T04:17:16Z" user="uknown-gryphus" uid="2425805" lat="12.9735589" lon="77.5952849"/>
 <node id="10038561230" visible="true" version="1" changeset="126405002" timestamp="2022-09-20T05:32:22Z" user="nileshdhandak" uid="16638013" lat="12.9733458" lon="77.5953977"/>
 <node id="10038561231" visible="true" version="3" changeset="177282171" timestamp="2026-01-16T04:17:16Z" user="uknown-gryphus" uid="2425805" lat="12.9736733" lon="77.5954250"/>
 <node id="10038561232" visible="true" version="3" changeset="177282171" timestamp="2026-01-16T04:17:16Z" user="uknown-gryphus" uid="2425805" lat="12.9736051" lon="77.5954972"/>
 <node id="10038561234" visible="true" version="1" changeset="126405002" timestamp="2022-09-20T05:32:22Z" user="nileshdhandak" uid="16638013" lat="12.9734750" lon="77.5953314"/>
 <node id="10038561237" visible="true" version="3" changeset="181847347" timestamp="2026-04-26T14:08:39Z" user="uknown-gryphus" uid="2425805" lat="12.9741523" lon="77.5960041">
  <tag k="alt_name" v="Museum"/>
  <tag k="bus" v="yes"/>
  <tag k="name" v="Kasturba Road"/>
  <tag k="name:en" v="Kasturba Road"/>
  <tag k="name:etymology:wikidata" v="Q264908"/>
  <tag k="name:kn" v="ಕಸ್ತೂರ್ಬಾ ರಸ್ತೆ"/>
  <tag k="network" v="BMTC"/>
  <tag k="operator" v="BMTC"/>
  <tag k="public_transport" v="stop_position"/>
 </node>
 <node id="10038561279" visible="true" version="4" changeset="177282171" timestamp="2026-01-16T04:17:16Z" user="uknown-gryphus" uid="2425805" lat="12.9747349" lon="77.5965846"/>
 <node id="10051816948" visible="true" version="2" changeset="130385118" timestamp="2022-12-22T17:06:01Z" user="Vonter" uid="3926189" lat="12.9721424" lon="77.5951388">
  <tag k="amenity" v="restaurant"/>
  <tag k="cuisine" v="asian"/>
  <tag k="microbrewery" v="yes"/>
  <tag k="name" v="The Merak Brewhouse"/>
 </node>
 <node id="10060517368" visible="true" version="2" changeset="177282171" timestamp="2026-01-16T04:17:16Z" user="uknown-gryphus" uid="2425805" lat="12.9717817" lon="77.5939677"/>
 <node id="10060517396" visible="true" version="2" changeset="127244847" timestamp="2022-10-09T12:05:43Z" user="Vonter" uid="3926189" lat="12.9714495" lon="77.5942098"/>
 <node id="10060517398" visible="true" version="4" changeset="160776599" timestamp="2024-12-30T05:29:05Z" user="uknown-gryphus" uid="2425805" lat="12.9716940" lon="77.5951136"/>
 <node id="10060517416" visible="true" version="5" changeset="160776599" timestamp="2024-12-30T05:29:05Z" user="uknown-gryphus" uid="2425805" lat="12.9712419" lon="77.5961913"/>
 <node id="10086861531" visible="true" version="2" changeset="138060031" timestamp="2023-07-03T11:19:32Z" user="rajanik" uid="18812448" lat="12.9718423" lon="77.5945022">
  <tag k="access" v="private"/>
  <tag k="barrier" v="lift_gate"/>
 </node>
 <node id="10086861533" visible="true" version="2" changeset="138060031" timestamp="2023-07-03T11:19:32Z" user="rajanik" uid="18812448" lat="12.9718332" lon="77.5945245">
  <tag k="access" v="private"/>
  <tag k="barrier" v="lift_gate"/>
 </node>
 <node id="10086861534" visible="true" version="2" changeset="177282171" timestamp="2026-01-16T04:17:16Z" user="uknown-gryphus" uid="2425805" lat="12.9718428" lon="77.5941255"/>
 <node id="10086861535" visible="true" version="2" changeset="177282171" timestamp="2026-01-16T04:17:16Z" user="uknown-gryphus" uid="2425805" lat="12.9718191" lon="77.5941742"/>
 <node id="10086861536" visible="true" version="2" changeset="177282171" timestamp="2026-01-16T04:17:16Z" user="uknown-gryphus" uid="2425805" lat="12.9718520" lon="77.5943049"/>
 <node id="10086861537" visible="true" version="1" changeset="127244847" timestamp="2022-10-09T12:05:43Z" user="Vonter" uid="3926189" lat="12.9718056" lon="77.5945030"/>
 <node id="10086861538" visible="true" version="1" changeset="127244847" timestamp="2022-10-09T12:05:43Z" user="Vonter" uid="3926189" lat="12.9714860" lon="77.5944313"/>
 <node id="10086861539" visible="true" version="3" changeset="177282171" timestamp="2026-01-16T04:17:16Z" user="uknown-gryphus" uid="2425805" lat="12.9719367" lon="77.5942311"/>
 <node id="10086861540" visible="true" version="3" changeset="182566030" timestamp="2026-05-12T17:11:01Z" user="Vonter" uid="3926189" lat="12.9710274" lon="77.5944834"/>
 <node id="10117863522" visible="true" version="2" changeset="177282171" timestamp="2026-01-16T04:17:16Z" user="uknown-gryphus" uid="2425805" lat="12.9754346" lon="77.5976688"/>
 <node id="10129602798" visible="true" version="1" changeset="128065975" timestamp="2022-10-26T06:18:46Z" user="Vonter" uid="3926189" lat="12.9712750" lon="77.5927408"/>
 <node id="10129602799" visible="true" version="1" changeset="128065975" timestamp="2022-10-26T06:18:46Z" user="Vonter" uid="3926189" lat="12.9709796" lon="77.5924136"/>
 <node id="10279677022" visible="true" version="1" changeset="130362641" timestamp="2022-12-22T08:19:14Z" user="Vonter" uid="3926189" lat="12.9684154" lon="77.5884883"/>
 <node id="10290817606" visible="true" version="2" changeset="182566030" timestamp="2026-05-12T17:11:01Z" user="Vonter" uid="3926189" lat="12.9724037" lon="77.5965672"/>
 <node id="10290817608" visible="true" version="2" changeset="182566030" timestamp="2026-05-12T17:11:01Z" user="Vonter" uid="3926189" lat="12.9728803" lon="77.5963200"/>
 <node id="10290842813" visible="true" version="2" changeset="177282171" timestamp="2026-01-16T04:17:16Z" user="uknown-gryphus" uid="2425805" lat="12.9730566" lon="77.5949802"/>
 <node id="10290842814" visible="true" version="3" changeset="177282171" timestamp="2026-01-16T04:17:16Z" user="uknown-gryphus" uid="2425805" lat="12.9731258" lon="77.5948818"/>
 <node id="10290842815" visible="true" version="2" changeset="177282171" timestamp="2026-01-16T04:17:16Z" user="uknown-gryphus" uid="2425805" lat="12.9731065" lon="77.5950217"/>
 <node id="10290842816" visible="true" version="3" changeset="177282171" timestamp="2026-01-16T04:17:16Z" user="uknown-gryphus" uid="2425805" lat="12.9731793" lon="77.5949249"/>
 <node id="10290842817" visible="true" version="2" changeset="177282171" timestamp="2026-01-16T04:17:16Z" user="uknown-gryphus" uid="2425805" lat="12.9730311" lon="77.5950680"/>
 <node id="10290842818" visible="true" version="3" changeset="177282171" timestamp="2026-01-16T04:17:16Z" user="uknown-gryphus" uid="2425805" lat="12.9731540" lon="77.5950138"/>
 <node id="10290842819" visible="true" version="2" changeset="177282171" timestamp="2026-01-16T04:17:16Z" user="uknown-gryphus" uid="2425805" lat="12.9729822" lon="77.5953773"/>
 <node id="10298007194" visible="true" version="2" changeset="177282171" timestamp="2026-01-16T04:17:16Z" user="uknown-gryphus" uid="2425805" lat="12.9732283" lon="77.5954430"/>
 <node id="10595455526" visible="true" version="3" changeset="160776599" timestamp="2024-12-30T05:29:05Z" user="uknown-gryphus" uid="2425805" lat="12.9719005" lon="77.5945532"/>
 <node id="10595455527" visible="true" version="3" changeset="160776599" timestamp="2024-12-30T05:29:05Z" user="uknown-gryphus" uid="2425805" lat="12.9717230" lon="77.5950442"/>
 <node id="10595455529" visible="true" version="4" changeset="146109761" timestamp="2024-01-10T16:01:47Z" user="Vonter" uid="3926189" lat="12.9711729" lon="77.5964788"/>
 <node id="10595455530" visible="true" version="5" changeset="155442207" timestamp="2024-08-19T05:16:10Z" user="uknown-gryphus" uid="2425805" lat="12.9711479" lon="77.5967059"/>
 <node id="10595455531" visible="true" version="4" changeset="155442207" timestamp="2024-08-19T05:16:10Z" user="uknown-gryphus" uid="2425805" lat="12.9711411" lon="77.5968318"/>
 <node id="10595455532" visible="true" version="5" changeset="155442207" timestamp="2024-08-19T05:16:10Z" user="uknown-gryphus" uid="2425805" lat="12.9711293" lon="77.5972453"/>
 <node id="10595455534" visible="true" version="5" changeset="155442207" timestamp="2024-08-19T05:16:10Z" user="uknown-gryphus" uid="2425805" lat="12.9711441" lon="77.5974773"/>
 <node id="10595455538" visible="true" version="6" changeset="177282171" timestamp="2026-01-16T04:17:16Z" user="uknown-gryphus" uid="2425805" lat="12.9721736" lon="77.5939704"/>
 <node id="10753340364" visible="true" version="2" changeset="177282171" timestamp="2026-01-16T04:17:16Z" user="uknown-gryphus" uid="2425805" lat="12.9742796" lon="77.5958982"/>
 <node id="10783592397" visible="true" version="4" changeset="177282171" timestamp="2026-01-16T04:17:16Z" user="uknown-gryphus" uid="2425805" lat="12.9721174" lon="77.5941694">
  <tag k="crossing" v="traffic_signals"/>
  <tag k="crossing:markings" v="zebra"/>
  <tag k="highway" v="crossing"/>
  <tag k="traffic_signals:countdown" v="yes"/>
 </node>
 <node id="10783592398" visible="true" version="3" changeset="160776755" timestamp="2024-12-30T05:40:21Z" user="uknown-gryphus" uid="2425805" lat="12.9723212" lon="77.5939182">
  <tag k="highway" v="traffic_signals"/>
 </node>
 <node id="10783592399" visible="true" version="4" changeset="177282171" timestamp="2026-01-16T04:17:16Z" user="uknown-gryphus" uid="2425805" lat="12.9720666" lon="77.5938669">
  <tag k="crossing" v="traffic_signals"/>
  <tag k="highway" v="crossing"/>
 </node>
 <node id="10833881136" visible="true" version="3" changeset="163738451" timestamp="2025-03-17T15:49:19Z" user="uknown-gryphus" uid="2425805" lat="12.9706724" lon="77.5916974"/>
 <node id="10833881137" visible="true" version="3" changeset="163738451" timestamp="2025-03-17T15:49:19Z" user="uknown-gryphus" uid="2425805" lat="12.9709129" lon="77.5917001"/>
 <node id="10839554329" visible="true" version="2" changeset="160776755" timestamp="2024-12-30T05:40:21Z" user="uknown-gryphus" uid="2425805" lat="12.9744023" lon="77.5934439"/>
 <node id="10991527881" visible="true" version="2" changeset="177282171" timestamp="2026-01-16T04:17:16Z" user="uknown-gryphus" uid="2425805" lat="12.9752005" lon="77.5973362"/>
 <node id="10991656257" visible="true" version="4" changeset="155422739" timestamp="2024-08-18T16:09:09Z" user="Vonter" uid="3926189" lat="12.9711307" lon="77.5971661"/>
 <node id="11005925786" visible="true" version="1" changeset="137760131" timestamp="2023-06-25T16:58:54Z" user="Vonter" uid="3926189" lat="12.9801505" lon="77.5955998"/>
 <node id="11022221095" visible="true" version="1" changeset="138060031" timestamp="2023-07-03T11:19:32Z" user="rajanik" uid="18812448" lat="12.9716853" lon="77.5944760"/>
 <node id="11078621095" visible="true" version="1" changeset="139251703" timestamp="2023-07-31T12:16:27Z" user="deept" uid="10516163" lat="12.9717280" lon="77.5953218"/>
 <node id="11124342670" visible="true" version="4" changeset="181847347" timestamp="2026-04-26T14:08:39Z" user="uknown-gryphus" uid="2425805" lat="12.9740369" lon="77.5959776">
  <tag k="access" v="private"/>
  <tag k="barrier" v="gate"/>
 </node>
 <node id="11124342671" visible="true" version="3" changeset="181847347" timestamp="2026-04-26T14:08:39Z" user="uknown-gryphus" uid="2425805" lat="12.9738924" lon="77.5958226">
  <tag k="access" v="private"/>
  <tag k="barrier" v="gate"/>
 </node>
 <node id="11133510082" visible="true" version="1" changeset="140167756" timestamp="2023-08-21T08:15:56Z" user="Vonter" uid="3926189" lat="12.9725226" lon="77.5935988">
  <tag k="entrance" v="yes"/>
 </node>
 <node id="11133510083" visible="true" version="1" changeset="140167756" timestamp="2023-08-21T08:15:56Z" user="Vonter" uid="3926189" lat="12.9732631" lon="77.5925320">
  <tag k="entrance" v="yes"/>
 </node>
 <node id="11133510084" visible="true" version="1" changeset="140167756" timestamp="2023-08-21T08:15:56Z" user="Vonter" uid="3926189" lat="12.9745790" lon="77.5932772">
  <tag k="entrance" v="yes"/>
 </node>
 <node id="11133510086" visible="true" version="1" changeset="140167756" timestamp="2023-08-21T08:15:56Z" user="Vonter" uid="3926189" lat="12.9724842" lon="77.5935619"/>
 <node id="11133510087" visible="true" version="1" changeset="140167756" timestamp="2023-08-21T08:15:56Z" user="Vonter" uid="3926189" lat="12.9733240" lon="77.5925678"/>
 <node id="11297929245" visible="true" version="4" changeset="155442207" timestamp="2024-08-19T05:16:10Z" user="uknown-gryphus" uid="2425805" lat="12.9711533" lon="77.5975875">
  <tag k="crossing" v="uncontrolled"/>
  <tag k="crossing:markings" v="zebra"/>
  <tag k="highway" v="crossing"/>
 </node>
 <node id="11342928935" visible="true" version="2" changeset="177282171" timestamp="2026-01-16T04:17:16Z" user="uknown-gryphus" uid="2425805" lat="12.9720901" lon="77.5938497"/>
 <node id="11342928936" visible="true" version="2" changeset="177282171" timestamp="2026-01-16T04:17:16Z" user="uknown-gryphus" uid="2425805" lat="12.9721597" lon="77.5939230"/>
 <node id="11342928937" visible="true" version="2" changeset="177282171" timestamp="2026-01-16T04:17:16Z" user="uknown-gryphus" uid="2425805" lat="12.9721849" lon="77.5939035"/>
 <node id="11342928938" visible="true" version="2" changeset="177282171" timestamp="2026-01-16T04:17:16Z" user="uknown-gryphus" uid="2425805" lat="12.9721509" lon="77.5941858"/>
 <node id="11342928939" visible="true" version="2" changeset="177282171" timestamp="2026-01-16T04:17:16Z" user="uknown-gryphus" uid="2425805" lat="12.9721594" lon="77.5941680"/>
 <node id="11342928940" visible="true" version="2" changeset="177282171" timestamp="2026-01-16T04:17:16Z" user="uknown-gryphus" uid="2425805" lat="12.9721741" lon="77.5941787"/>
 <node id="11342928941" visible="true" version="2" changeset="177282171" timestamp="2026-01-16T04:17:16Z" user="uknown-gryphus" uid="2425805" lat="12.9722864" lon="77.5940356"/>
 <node id="11342928942" visible="true" version="2" changeset="177282171" timestamp="2026-01-16T04:17:16Z" user="uknown-gryphus" uid="2425805" lat="12.9722682" lon="77.5940158"/>
 <node id="11342928943" visible="true" version="2" changeset="177282171" timestamp="2026-01-16T04:17:16Z" user="uknown-gryphus" uid="2425805" lat="12.9722799" lon="77.5939998"/>
 <node id="11342928944" visible="true" version="2" changeset="177282171" timestamp="2026-01-16T04:17:16Z" user="uknown-gryphus" uid="2425805" lat="12.9722159" lon="77.5943176"/>
 <node id="11342928945" visible="true" version="2" changeset="177282171" timestamp="2026-01-16T04:17:16Z" user="uknown-gryphus" uid="2425805" lat="12.9721591" lon="77.5943137"/>
 <node id="11342928948" visible="true" version="2" changeset="177282171" timestamp="2026-01-16T04:17:16Z" user="uknown-gryphus" uid="2425805" lat="12.9720735" lon="77.5938509"/>
 <node id="11342928949" visible="true" version="2" changeset="177282171" timestamp="2026-01-16T04:17:16Z" user="uknown-gryphus" uid="2425805" lat="12.9720150" lon="77.5938981"/>
 <node id="11342928950" visible="true" version="2" changeset="177282171" timestamp="2026-01-16T04:17:16Z" user="uknown-gryphus" uid="2425805" lat="12.9718585" lon="77.5939391"/>
 <node id="11342928953" visible="true" version="2" changeset="177282171" timestamp="2026-01-16T04:17:16Z" user="uknown-gryphus" uid="2425805" lat="12.9717984" lon="77.5939083"/>
 <node id="11342928956" visible="true" version="2" changeset="177282171" timestamp="2026-01-16T04:17:16Z" user="uknown-gryphus" uid="2425805" lat="12.9717337" lon="77.5939753"/>
 <node id="11342928957" visible="true" version="1" changeset="143924001" timestamp="2023-11-12T08:14:22Z" user="uknown-gryphus" uid="2425805" lat="12.9717428" lon="77.5940377"/>
 <node id="11342928958" visible="true" version="1" changeset="143924001" timestamp="2023-11-12T08:14:22Z" user="uknown-gryphus" uid="2425805" lat="12.9718422" lon="77.5940296"/>
 <node id="11342928959" visible="true" version="2" changeset="177282171" timestamp="2026-01-16T04:17:16Z" user="uknown-gryphus" uid="2425805" lat="12.9719412" lon="77.5941385"/>
 <node id="11342928960" visible="true" version="2" changeset="177282171" timestamp="2026-01-16T04:17:16Z" user="uknown-gryphus" uid="2425805" lat="12.9719816" lon="77.5941128"/>
 <node id="11342928961" visible="true" version="2" changeset="177282171" timestamp="2026-01-16T04:17:16Z" user="uknown-gryphus" uid="2425805" lat="12.9720359" lon="77.5941402"/>
 <node id="11342928962" visible="true" version="2" changeset="177282171" timestamp="2026-01-16T04:17:16Z" user="uknown-gryphus" uid="2425805" lat="12.9721353" lon="77.5941928"/>
 <node id="11342928963" visible="true" version="2" changeset="177282171" timestamp="2026-01-16T04:17:16Z" user="uknown-gryphus" uid="2425805" lat="12.9722293" lon="77.5942844"/>
 <node id="11342928964" visible="true" version="2" changeset="177282171" timestamp="2026-01-16T04:17:16Z" user="uknown-gryphus" uid="2425805" lat="12.9722244" lon="77.5942401"/>
 <node id="11342928965" visible="true" version="2" changeset="177282171" timestamp="2026-01-16T04:17:16Z" user="uknown-gryphus" uid="2425805" lat="12.9721963" lon="77.5941875"/>
 <node id="11342928966" visible="true" version="2" changeset="177282171" timestamp="2026-01-16T04:17:16Z" user="uknown-gryphus" uid="2425805" lat="12.9722891" lon="77.5940470"/>
 <node id="11342928967" visible="true" version="2" changeset="177282171" timestamp="2026-01-16T04:17:16Z" user="uknown-gryphus" uid="2425805" lat="12.9722865" lon="77.5939847"/>
 <node id="11342975169" visible="true" version="2" changeset="177282171" timestamp="2026-01-16T04:17:16Z" user="uknown-gryphus" uid="2425805" lat="12.9721957" lon="77.5938888"/>
 <node id="11342975170" visible="true" version="1" changeset="143924001" timestamp="2023-11-12T08:14:22Z" user="uknown-gryphus" uid="2425805" lat="12.9720690" lon="77.5936859"/>
 <node id="11342975171" visible="true" version="2" changeset="177282171" timestamp="2026-01-16T04:17:16Z" user="uknown-gryphus" uid="2425805" lat="12.9720767" lon="77.5937935">
  <tag k="noexit" v="yes"/>
 </node>
 <node id="11342975172" visible="true" version="2" changeset="177282171" timestamp="2026-01-16T04:17:16Z" user="uknown-gryphus" uid="2425805" lat="12.9722847" lon="77.5940046">
  <tag k="noexit" v="yes"/>
 </node>
 <node id="11342975173" visible="true" version="4" changeset="177282171" timestamp="2026-01-16T04:17:16Z" user="uknown-gryphus" uid="2425805" lat="12.9722484" lon="77.5939666">
  <tag k="crossing" v="traffic_signals"/>
  <tag k="crossing:markings" v="zebra"/>
  <tag k="highway" v="crossing"/>
 </node>
 <node id="11342975174" visible="true" version="4" changeset="177282171" timestamp="2026-01-16T04:17:16Z" user="uknown-gryphus" uid="2425805" lat="12.9722141" lon="77.5939335">
  <tag k="crossing" v="traffic_signals"/>
  <tag k="crossing:markings" v="zebra"/>
  <tag k="highway" v="crossing"/>
 </node>
 <node id="11342975175" visible="true" version="2" changeset="177282171" timestamp="2026-01-16T04:17:16Z" user="uknown-gryphus" uid="2425805" lat="12.9721564" lon="77.5941885">
  <tag k="noexit" v="yes"/>
 </node>
 <node id="11342975176" visible="true" version="2" changeset="177282171" timestamp="2026-01-16T04:17:16Z" user="uknown-gryphus" uid="2425805" lat="12.9722898" lon="77.5940313">
  <tag k="noexit" v="yes"/>
 </node>
 <node id="11342975178" visible="true" version="1" changeset="143924001" timestamp="2023-11-12T08:14:22Z" user="uknown-gryphus" uid="2425805" lat="12.9722221" lon="77.5941421">
  <tag k="highway" v="traffic_signals"/>
 </node>
 <node id="11342975180" visible="true" version="2" changeset="177282171" timestamp="2026-01-16T04:17:16Z" user="uknown-gryphus" uid="2425805" lat="12.9720898" lon="77.5943756"/>
 <node id="11342975181" visible="true" version="2" changeset="177282171" timestamp="2026-01-16T04:17:16Z" user="uknown-gryphus" uid="2425805" lat="12.9722149" lon="77.5943015"/>
 <node id="11342975182" visible="true" version="2" changeset="177282171" timestamp="2026-01-16T04:17:16Z" user="uknown-gryphus" uid="2425805" lat="12.9723182" lon="77.5943142"/>
 <node id="11342975184" visible="true" version="1" changeset="143924001" timestamp="2023-11-12T08:14:22Z" user="uknown-gryphus" uid="2425805" lat="12.9726570" lon="77.5945781"/>
 <node id="11342975185" visible="true" version="2" changeset="177282171" timestamp="2026-01-16T04:17:16Z" user="uknown-gryphus" uid="2425805" lat="12.9730915" lon="77.5949311"/>
 <node id="11342975186" visible="true" version="2" changeset="177282171" timestamp="2026-01-16T04:17:16Z" user="uknown-gryphus" uid="2425805" lat="12.9731428" lon="77.5949706"/>
 <node id="11342975187" visible="true" version="2" changeset="177282171" timestamp="2026-01-16T04:17:16Z" user="uknown-gryphus" uid="2425805" lat="12.9733513" lon="77.5951200"/>
 <node id="11342975188" visible="true" version="2" changeset="177282171" timestamp="2026-01-16T04:17:16Z" user="uknown-gryphus" uid="2425805" lat="12.9739437" lon="77.5955486"/>
 <node id="11342975189" visible="true" version="1" changeset="143924001" timestamp="2023-11-12T08:14:22Z" user="uknown-gryphus" uid="2425805" lat="12.9724610" lon="77.5940993"/>
 <node id="11342975190" visible="true" version="1" changeset="143924001" timestamp="2023-11-12T08:14:22Z" user="uknown-gryphus" uid="2425805" lat="12.9736757" lon="77.5951850"/>
 <node id="11342975191" visible="true" version="2" changeset="177282171" timestamp="2026-01-16T04:17:16Z" user="uknown-gryphus" uid="2425805" lat="12.9737534" lon="77.5953023"/>
 <node id="11342975192" visible="true" version="2" changeset="177282171" timestamp="2026-01-16T04:17:16Z" user="uknown-gryphus" uid="2425805" lat="12.9738450" lon="77.5954240"/>
 <node id="11342975195" visible="true" version="2" changeset="177282171" timestamp="2026-01-16T04:17:16Z" user="uknown-gryphus" uid="2425805" lat="12.9743011" lon="77.5959500"/>
 <node id="11342975196" visible="true" version="2" changeset="177282171" timestamp="2026-01-16T04:17:16Z" user="uknown-gryphus" uid="2425805" lat="12.9745114" lon="77.5961996"/>
 <node id="11342975197" visible="true" version="3" changeset="177282171" timestamp="2026-01-16T04:17:16Z" user="uknown-gryphus" uid="2425805" lat="12.9746857" lon="77.5964056"/>
 <node id="11342975198" visible="true" version="4" changeset="177282171" timestamp="2026-01-16T04:17:16Z" user="uknown-gryphus" uid="2425805" lat="12.9748865" lon="77.5966469"/>
 <node id="11342975199" visible="true" version="1" changeset="143924001" timestamp="2023-11-12T08:14:22Z" user="uknown-gryphus" uid="2425805" lat="12.9750814" lon="77.5968910"/>
 <node id="11342975200" visible="true" version="2" changeset="156016505" timestamp="2024-08-31T13:58:32Z" user="uknown-gryphus" uid="2425805" lat="12.9751529" lon="77.5970120"/>
 <node id="11342975201" visible="true" version="2" changeset="177282171" timestamp="2026-01-16T04:17:16Z" user="uknown-gryphus" uid="2425805" lat="12.9753250" lon="77.5972919"/>
 <node id="11342975204" visible="true" version="3" changeset="177282171" timestamp="2026-01-16T04:17:16Z" user="uknown-gryphus" uid="2425805" lat="12.9760649" lon="77.5983297"/>
 <node id="11342975205" visible="true" version="3" changeset="177282171" timestamp="2026-01-16T04:17:16Z" user="uknown-gryphus" uid="2425805" lat="12.9762509" lon="77.5985948"/>
 <node id="11342975206" visible="true" version="2" changeset="177282171" timestamp="2026-01-16T04:17:16Z" user="uknown-gryphus" uid="2425805" lat="12.9765443" lon="77.5989082"/>
 <node id="11342975207" visible="true" version="1" changeset="143924001" timestamp="2023-11-12T08:14:22Z" user="uknown-gryphus" uid="2425805" lat="12.9766259" lon="77.5988971"/>
 <node id="11342975211" visible="true" version="2" changeset="177282171" timestamp="2026-01-16T04:17:16Z" user="uknown-gryphus" uid="2425805" lat="12.9738099" lon="77.5956759"/>
 <node id="11342975213" visible="true" version="2" changeset="177282171" timestamp="2026-01-16T04:17:16Z" user="uknown-gryphus" uid="2425805" lat="12.9735094" lon="77.5953170"/>
 <node id="11342975214" visible="true" version="2" changeset="177282171" timestamp="2026-01-16T04:17:16Z" user="uknown-gryphus" uid="2425805" lat="12.9736273" lon="77.5954743"/>
 <node id="11342975215" visible="true" version="2" changeset="177282171" timestamp="2026-01-16T04:17:16Z" user="uknown-gryphus" uid="2425805" lat="12.9737401" lon="77.5955937"/>
 <node id="11342975216" visible="true" version="3" changeset="181847347" timestamp="2026-04-26T14:08:39Z" user="uknown-gryphus" uid="2425805" lat="12.9739105" lon="77.5958099"/>
 <node id="11342975218" visible="true" version="2" changeset="177282171" timestamp="2026-01-16T04:17:16Z" user="uknown-gryphus" uid="2425805" lat="12.9744197" lon="77.5964362"/>
 <node id="11405428617" visible="true" version="2" changeset="177087674" timestamp="2026-01-11T08:50:17Z" user="uknown-gryphus" uid="2425805" lat="12.9678933" lon="77.5887621">
  <tag k="crossing" v="uncontrolled"/>
  <tag k="highway" v="crossing"/>
 </node>
 <node id="11425324455" visible="true" version="2" changeset="177282171" timestamp="2026-01-16T04:17:16Z" user="uknown-gryphus" uid="2425805" lat="12.9717996" lon="77.5940720"/>
 <node id="11425324457" visible="true" version="2" changeset="164409252" timestamp="2025-04-02T08:43:40Z" user="nagz02" uid="22306380" lat="12.9714573" lon="77.5943129"/>
 <node id="11425338069" visible="true" version="1" changeset="145208901" timestamp="2023-12-17T10:11:58Z" user="uknown-gryphus" uid="2425805" lat="12.9714688" lon="77.5943267"/>
 <node id="11425338119" visible="true" version="1" changeset="145208901" timestamp="2023-12-17T10:11:58Z" user="uknown-gryphus" uid="2425805" lat="12.9718000" lon="77.5942391"/>
 <node id="11425338120" visible="true" version="1" changeset="145208901" timestamp="2023-12-17T10:11:58Z" user="uknown-gryphus" uid="2425805" lat="12.9717730" lon="77.5942471"/>
 <node id="11425338145" visible="true" version="2" changeset="177282171" timestamp="2026-01-16T04:17:16Z" user="uknown-gryphus" uid="2425805" lat="12.9719620" lon="77.5942760"/>
 <node id="11425338146" visible="true" version="2" changeset="177282171" timestamp="2026-01-16T04:17:16Z" user="uknown-gryphus" uid="2425805" lat="12.9719621" lon="77.5942263"/>
 <node id="11425338147" visible="true" version="3" changeset="177282171" timestamp="2026-01-16T04:17:16Z" user="uknown-gryphus" uid="2425805" lat="12.9719145" lon="77.5941519"/>
 <node id="11425338148" visible="true" version="2" changeset="177282171" timestamp="2026-01-16T04:17:16Z" user="uknown-gryphus" uid="2425805" lat="12.9718932" lon="77.5941688"/>
 <node id="11425338149" visible="true" version="2" changeset="177282171" timestamp="2026-01-16T04:17:16Z" user="uknown-gryphus" uid="2425805" lat="12.9718798" lon="77.5941129"/>
 <node id="11425338150" visible="true" version="2" changeset="177282171" timestamp="2026-01-16T04:17:16Z" user="uknown-gryphus" uid="2425805" lat="12.9718505" lon="77.5940866"/>
 <node id="11425338151" visible="true" version="2" changeset="177282171" timestamp="2026-01-16T04:17:16Z" user="uknown-gryphus" uid="2425805" lat="12.9718840" lon="77.5945178"/>
 <node id="11425338152" visible="true" version="2" changeset="177282171" timestamp="2026-01-16T04:17:16Z" user="uknown-gryphus" uid="2425805" lat="12.9718763" lon="77.5945424"/>
 <node id="11425338154" visible="true" version="1" changeset="145208901" timestamp="2023-12-17T10:11:58Z" user="uknown-gryphus" uid="2425805" lat="12.9716747" lon="77.5950224">
  <tag k="highway" v="crossing"/>
 </node>
 <node id="11425338156" visible="true" version="1" changeset="145208901" timestamp="2023-12-17T10:11:58Z" user="uknown-gryphus" uid="2425805" lat="12.9718238" lon="77.5946692"/>
 <node id="11425338157" visible="true" version="1" changeset="145208901" timestamp="2023-12-17T10:11:58Z" user="uknown-gryphus" uid="2425805" lat="12.9712486" lon="77.5959877"/>
 <node id="11425338158" visible="true" version="1" changeset="145208901" timestamp="2023-12-17T10:11:58Z" user="uknown-gryphus" uid="2425805" lat="12.9711864" lon="77.5961783">
  <tag k="highway" v="crossing"/>
 </node>
 <node id="11425338159" visible="true" version="3" changeset="155441558" timestamp="2024-08-19T04:34:45Z" user="Vonter" uid="3926189" lat="12.9711015" lon="77.5964596">
  <tag k="highway" v="crossing"/>
 </node>
 <node id="11425338162" visible="true" version="3" changeset="177282171" timestamp="2026-01-16T04:17:16Z" user="uknown-gryphus" uid="2425805" lat="12.9717505" lon="77.5951395"/>
 <node id="11425338163" visible="true" version="1" changeset="145208901" timestamp="2023-12-17T10:11:58Z" user="uknown-gryphus" uid="2425805" lat="12.9716810" lon="77.5953032"/>
 <node id="11425338164" visible="true" version="1" changeset="145208901" timestamp="2023-12-17T10:11:58Z" user="uknown-gryphus" uid="2425805" lat="12.9714049" lon="77.5959593"/>
 <node id="11425338165" visible="true" version="1" changeset="145208901" timestamp="2023-12-17T10:11:58Z" user="uknown-gryphus" uid="2425805" lat="12.9712650" lon="77.5962981"/>
 <node id="11425338166" visible="true" version="1" changeset="145208901" timestamp="2023-12-17T10:11:58Z" user="uknown-gryphus" uid="2425805" lat="12.9712330" lon="77.5964321"/>
 <node id="11425338167" visible="true" version="1" changeset="145208901" timestamp="2023-12-17T10:11:58Z" user="uknown-gryphus" uid="2425805" lat="12.9711976" lon="77.5967549"/>
 <node id="11425338168" visible="true" version="2" changeset="146109761" timestamp="2024-01-10T16:01:47Z" user="Vonter" uid="3926189" lat="12.9711871" lon="77.5968345"/>
 <node id="11425338169" visible="true" version="2" changeset="155422739" timestamp="2024-08-18T16:09:09Z" user="Vonter" uid="3926189" lat="12.9711826" lon="77.5969075"/>
 <node id="11425338170" visible="true" version="2" changeset="155422739" timestamp="2024-08-18T16:09:09Z" user="Vonter" uid="3926189" lat="12.9711813" lon="77.5971682"/>
 <node id="11425338171" visible="true" version="2" changeset="155442207" timestamp="2024-08-19T05:16:10Z" user="uknown-gryphus" uid="2425805" lat="12.9711878" lon="77.5972447">
  <tag k="highway" v="crossing"/>
 </node>
 <node id="11425338172" visible="true" version="2" changeset="155442207" timestamp="2024-08-19T05:16:10Z" user="uknown-gryphus" uid="2425805" lat="12.9712369" lon="77.5976585">
  <tag k="barrier" v="kerb"/>
 </node>
 <node id="11425338175" visible="true" version="2" changeset="160776599" timestamp="2024-12-30T05:29:05Z" user="uknown-gryphus" uid="2425805" lat="12.9712175" lon="77.5975819"/>
 <node id="11425338204" visible="true" version="1" changeset="145208901" timestamp="2023-12-17T10:11:58Z" user="uknown-gryphus" uid="2425805" lat="12.9712446" lon="77.5964340"/>
 <node id="11425338205" visible="true" version="3" changeset="181847347" timestamp="2026-04-26T14:08:39Z" user="uknown-gryphus" uid="2425805" lat="12.9740476" lon="77.5959688"/>
 <node id="11425338207" visible="true" version="2" changeset="177282171" timestamp="2026-01-16T04:17:16Z" user="uknown-gryphus" uid="2425805" lat="12.9739761" lon="77.5955865"/>
 <node id="11425338209" visible="true" version="2" changeset="177282171" timestamp="2026-01-16T04:17:16Z" user="uknown-gryphus" uid="2425805" lat="12.9738387" lon="77.5957129"/>
 <node id="11506245560" visible="true" version="2" changeset="160776599" timestamp="2024-12-30T05:29:05Z" user="uknown-gryphus" uid="2425805" lat="12.9710654" lon="77.5975915"/>
 <node id="11506245561" visible="true" version="1" changeset="146109761" timestamp="2024-01-10T16:01:47Z" user="Vonter" uid="3926189" lat="12.9710658" lon="77.5974722"/>
 <node id="11506245562" visible="true" version="2" changeset="155422739" timestamp="2024-08-18T16:09:09Z" user="Vonter" uid="3926189" lat="12.9710605" lon="77.5972431">
  <tag k="highway" v="crossing"/>
 </node>
 <node id="11506245563" visible="true" version="2" changeset="155422739" timestamp="2024-08-18T16:09:09Z" user="Vonter" uid="3926189" lat="12.9710830" lon="77.5966974">
  <tag k="highway" v="crossing"/>
 </node>
 <node id="11506245564" visible="true" version="2" changeset="160776599" timestamp="2024-12-30T05:29:05Z" user="uknown-gryphus" uid="2425805" lat="12.9718712" lon="77.5946396"/>
 <node id="11506245565" visible="true" version="3" changeset="162150073" timestamp="2025-02-05T04:42:45Z" user="rajanik" uid="18812448" lat="12.9718482" lon="77.5946974"/>
 <node id="11524819542" visible="true" version="1" changeset="146365598" timestamp="2024-01-17T13:49:27Z" user="Vonter" uid="3926189" lat="12.9727242" lon="77.5958190"/>
 <node id="11524819543" visible="true" version="1" changeset="146365598" timestamp="2024-01-17T13:49:27Z" user="Vonter" uid="3926189" lat="12.9727516" lon="77.5957565"/>
 <node id="11732899888" visible="true" version="3" changeset="177282171" timestamp="2026-01-16T04:17:16Z" user="uknown-gryphus" uid="2425805" lat="12.9720685" lon="77.5941468">
  <tag k="crossing" v="traffic_signals"/>
  <tag k="crossing:markings" v="zebra"/>
  <tag k="highway" v="crossing"/>
  <tag k="traffic_signals:countdown" v="yes"/>
 </node>
 <node id="11768591362" visible="true" version="1" changeset="149260386" timestamp="2024-03-28T10:07:28Z" user="Vonter" uid="3926189" lat="12.9778210" lon="77.6066810"/>
 <node id="11768591363" visible="true" version="1" changeset="149260386" timestamp="2024-03-28T10:07:28Z" user="Vonter" uid="3926189" lat="12.9782045" lon="77.6054811"/>
 <node id="11768591364" visible="true" version="1" changeset="149260386" timestamp="2024-03-28T10:07:28Z" user="Vonter" uid="3926189" lat="12.9782978" lon="77.6051908"/>
 <node id="11768591365" visible="true" version="1" changeset="149260386" timestamp="2024-03-28T10:07:28Z" user="Vonter" uid="3926189" lat="12.9788791" lon="77.6034160"/>
 <node id="11768591366" visible="true" version="1" changeset="149260386" timestamp="2024-03-28T10:07:28Z" user="Vonter" uid="3926189" lat="12.9791959" lon="77.6024480"/>
 <node id="11768591367" visible="true" version="1" changeset="149260386" timestamp="2024-03-28T10:07:28Z" user="Vonter" uid="3926189" lat="12.9792367" lon="77.6023206"/>
 <node id="11768591368" visible="true" version="1" changeset="149260386" timestamp="2024-03-28T10:07:28Z" user="Vonter" uid="3926189" lat="12.9797228" lon="77.6009150"/>
 <node id="11768591369" visible="true" version="1" changeset="149260386" timestamp="2024-03-28T10:07:28Z" user="Vonter" uid="3926189" lat="12.9802833" lon="77.5992966"/>
 <node id="11768591370" visible="true" version="1" changeset="149260386" timestamp="2024-03-28T10:07:28Z" user="Vonter" uid="3926189" lat="12.9805485" lon="77.5984190"/>
 <node id="11768591371" visible="true" version="1" changeset="149260386" timestamp="2024-03-28T10:07:28Z" user="Vonter" uid="3926189" lat="12.9807482" lon="77.5977601"/>
 <node id="11768591372" visible="true" version="1" changeset="149260386" timestamp="2024-03-28T10:07:28Z" user="Vonter" uid="3926189" lat="12.9805440" lon="77.5975122"/>
 <node id="11768591373" visible="true" version="1" changeset="149260386" timestamp="2024-03-28T10:07:28Z" user="Vonter" uid="3926189" lat="12.9795261" lon="77.5980008"/>
 <node id="11768591374" visible="true" version="1" changeset="149260386" timestamp="2024-03-28T10:07:28Z" user="Vonter" uid="3926189" lat="12.9783167" lon="77.5985628"/>
 <node id="11768591375" visible="true" version="1" changeset="149260386" timestamp="2024-03-28T10:07:28Z" user="Vonter" uid="3926189" lat="12.9766649" lon="77.5993206"/>
 <node id="11768591376" visible="true" version="1" changeset="149260386" timestamp="2024-03-28T10:07:28Z" user="Vonter" uid="3926189" lat="12.9753728" lon="77.5975321"/>
 <node id="11768591377" visible="true" version="1" changeset="149260386" timestamp="2024-03-28T10:07:28Z" user="Vonter" uid="3926189" lat="12.9747174" lon="77.5966319"/>
 <node id="11768591378" visible="true" version="1" changeset="149260386" timestamp="2024-03-28T10:07:28Z" user="Vonter" uid="3926189" lat="12.9739265" lon="77.5956828"/>
 <node id="11768591379" visible="true" version="1" changeset="149260386" timestamp="2024-03-28T10:07:28Z" user="Vonter" uid="3926189" lat="12.9734438" lon="77.5950525"/>
 <node id="11768591380" visible="true" version="1" changeset="149260386" timestamp="2024-03-28T10:07:28Z" user="Vonter" uid="3926189" lat="12.9727547" lon="77.5945116"/>
 <node id="11768591381" visible="true" version="1" changeset="149260386" timestamp="2024-03-28T10:07:28Z" user="Vonter" uid="3926189" lat="12.9721730" lon="77.5940669"/>
 <node id="11768591382" visible="true" version="1" changeset="149260386" timestamp="2024-03-28T10:07:28Z" user="Vonter" uid="3926189" lat="12.9720240" lon="77.5939530"/>
 <node id="11768591383" visible="true" version="1" changeset="149260386" timestamp="2024-03-28T10:07:28Z" user="Vonter" uid="3926189" lat="12.9697595" lon="77.5944328"/>
 <node id="11768591384" visible="true" version="1" changeset="149260386" timestamp="2024-03-28T10:07:28Z" user="Vonter" uid="3926189" lat="12.9681886" lon="77.5947780"/>
 <node id="11768591385" visible="true" version="1" changeset="149260386" timestamp="2024-03-28T10:07:28Z" user="Vonter" uid="3926189" lat="12.9675048" lon="77.5949471"/>
 <node id="11768591386" visible="true" version="1" changeset="149260386" timestamp="2024-03-28T10:07:28Z" user="Vonter" uid="3926189" lat="12.9673929" lon="77.5949627"/>
 <node id="11768591387" visible="true" version="1" changeset="149260386" timestamp="2024-03-28T10:07:28Z" user="Vonter" uid="3926189" lat="12.9672324" lon="77.5949731"/>
 <node id="11768591388" visible="true" version="1" changeset="149260386" timestamp="2024-03-28T10:07:28Z" user="Vonter" uid="3926189" lat="12.9670439" lon="77.5949608"/>
 <node id="11768591389" visible="true" version="1" changeset="149260386" timestamp="2024-03-28T10:07:28Z" user="Vonter" uid="3926189" lat="12.9665686" lon="77.5950658"/>
 <node id="11768591390" visible="true" version="1" changeset="149260386" timestamp="2024-03-28T10:07:28Z" user="Vonter" uid="3926189" lat="12.9662808" lon="77.5951595"/>
 <node id="11768591391" visible="true" version="1" changeset="149260386" timestamp="2024-03-28T10:07:28Z" user="Vonter" uid="3926189" lat="12.9661729" lon="77.5952212"/>
 <node id="11768591392" visible="true" version="1" changeset="149260386" timestamp="2024-03-28T10:07:28Z" user="Vonter" uid="3926189" lat="12.9660115" lon="77.5953254"/>
 <node id="11768591393" visible="true" version="1" changeset="149260386" timestamp="2024-03-28T10:07:28Z" user="Vonter" uid="3926189" lat="12.9658626" lon="77.5954212"/>
 <node id="11768591394" visible="true" version="1" changeset="149260386" timestamp="2024-03-28T10:07:28Z" user="Vonter" uid="3926189" lat="12.9655978" lon="77.5955923"/>
 <node id="11768591395" visible="true" version="1" changeset="149260386" timestamp="2024-03-28T10:07:28Z" user="Vonter" uid="3926189" lat="12.9654875" lon="77.5956666"/>
 <node id="11768591396" visible="true" version="1" changeset="149260386" timestamp="2024-03-28T10:07:28Z" user="Vonter" uid="3926189" lat="12.9653465" lon="77.5957642"/>
 <node id="11768591397" visible="true" version="1" changeset="149260386" timestamp="2024-03-28T10:07:28Z" user="Vonter" uid="3926189" lat="12.9652270" lon="77.5958591"/>
 <node id="11768591398" visible="true" version="1" changeset="149260386" timestamp="2024-03-28T10:07:28Z" user="Vonter" uid="3926189" lat="12.9651302" lon="77.5959427"/>
 <node id="11768591399" visible="true" version="1" changeset="149260386" timestamp="2024-03-28T10:07:28Z" user="Vonter" uid="3926189" lat="12.9649953" lon="77.5961071"/>
 <node id="11768591400" visible="true" version="1" changeset="149260386" timestamp="2024-03-28T10:07:28Z" user="Vonter" uid="3926189" lat="12.9649237" lon="77.5962635"/>
 <node id="11768591401" visible="true" version="1" changeset="149260386" timestamp="2024-03-28T10:07:28Z" user="Vonter" uid="3926189" lat="12.9648930" lon="77.5963985"/>
 <node id="11768591402" visible="true" version="1" changeset="149260386" timestamp="2024-03-28T10:07:28Z" user="Vonter" uid="3926189" lat="12.9648259" lon="77.5969084"/>
 <node id="11768591403" visible="true" version="1" changeset="149260386" timestamp="2024-03-28T10:07:28Z" user="Vonter" uid="3926189" lat="12.9646964" lon="77.5968611"/>
 <node id="11768591404" visible="true" version="1" changeset="149260386" timestamp="2024-03-28T10:07:28Z" user="Vonter" uid="3926189" lat="12.9641917" lon="77.5966238"/>
 <node id="11768591405" visible="true" version="1" changeset="149260386" timestamp="2024-03-28T10:07:28Z" user="Vonter" uid="3926189" lat="12.9639661" lon="77.5964862"/>
 <node id="11768591406" visible="true" version="1" changeset="149260386" timestamp="2024-03-28T10:07:28Z" user="Vonter" uid="3926189" lat="12.9637932" lon="77.5963773"/>
 <node id="11768591407" visible="true" version="1" changeset="149260386" timestamp="2024-03-28T10:07:28Z" user="Vonter" uid="3926189" lat="12.9636103" lon="77.5962626"/>
 <node id="11768591408" visible="true" version="1" changeset="149260386" timestamp="2024-03-28T10:07:28Z" user="Vonter" uid="3926189" lat="12.9632442" lon="77.5959508"/>
 <node id="11768591409" visible="true" version="1" changeset="149260386" timestamp="2024-03-28T10:07:28Z" user="Vonter" uid="3926189" lat="12.9630341" lon="77.5957258"/>
 <node id="11768591410" visible="true" version="1" changeset="149260386" timestamp="2024-03-28T10:07:28Z" user="Vonter" uid="3926189" lat="12.9625810" lon="77.5951828"/>
 <node id="11768591411" visible="true" version="1" changeset="149260386" timestamp="2024-03-28T10:07:28Z" user="Vonter" uid="3926189" lat="12.9624038" lon="77.5949261"/>
 <node id="11799154693" visible="true" version="1" changeset="149678574" timestamp="2024-04-07T05:45:13Z" user="ppku" uid="14057548" lat="12.9715457" lon="77.5922398"/>
 <node id="11799171249" visible="true" version="1" changeset="149678659" timestamp="2024-04-07T05:52:38Z" user="ppku" uid="14057548" lat="12.9714944" lon="77.5913369"/>
 <node id="11799171254" visible="true" version="2" changeset="163715896" timestamp="2025-03-17T05:49:25Z" user="uknown-gryphus" uid="2425805" lat="12.9709289" lon="77.5907487"/>
 <node id="11819678528" visible="true" version="2" changeset="177282171" timestamp="2026-01-16T04:17:16Z" user="uknown-gryphus" uid="2425805" lat="12.9747121" lon="77.5964357"/>
 <node id="11819678530" visible="true" version="2" changeset="177282171" timestamp="2026-01-16T04:17:16Z" user="uknown-gryphus" uid="2425805" lat="12.9747302" lon="77.5964783"/>
 <node id="11819678533" visible="true" version="2" changeset="177282171" timestamp="2026-01-16T04:17:16Z" user="uknown-gryphus" uid="2425805" lat="12.9750244" lon="77.5968386"/>
 <node id="11819678534" visible="true" version="2" changeset="177282171" timestamp="2026-01-16T04:17:16Z" user="uknown-gryphus" uid="2425805" lat="12.9743465" lon="77.5960276"/>
 <node id="11819678537" visible="true" version="2" changeset="177282171" timestamp="2026-01-16T04:17:16Z" user="uknown-gryphus" uid="2425805" lat="12.9746214" lon="77.5963500"/>
 <node id="11819678539" visible="true" version="2" changeset="177282171" timestamp="2026-01-16T04:17:16Z" user="uknown-gryphus" uid="2425805" lat="12.9754759" lon="77.5975084"/>
 <node id="11854682514" visible="true" version="1" changeset="150581212" timestamp="2024-04-27T13:55:14Z" user="uknown-gryphus" uid="2425805" lat="12.9744444" lon="77.5912476">
  <tag k="traffic_calming" v="bump"/>
 </node>
 <node id="12009414946" visible="true" version="1" changeset="153153941" timestamp="2024-06-25T12:00:22Z" user="Vonter" uid="3926189" lat="12.9765907" lon="77.5920017"/>
 <node id="12076308889" visible="true" version="1" changeset="154466975" timestamp="2024-07-27T03:40:38Z" user="Vonter" uid="3926189" lat="12.9803343" lon="77.5969531"/>
 <node id="12118059790" visible="true" version="1" changeset="155401180" timestamp="2024-08-18T08:15:43Z" user="Vonter" uid="3926189" lat="12.9718887" lon="77.5942031">
  <tag k="emergency" v="fire_hose"/>
 </node>
 <node id="12119647583" visible="true" version="1" changeset="155442207" timestamp="2024-08-19T05:16:10Z" user="uknown-gryphus" uid="2425805" lat="12.9716022" lon="77.5941817"/>
 <node id="12119649244" visible="true" version="3" changeset="177282171" timestamp="2026-01-16T04:17:16Z" user="uknown-gryphus" uid="2425805" lat="12.9719602" lon="77.5941178">
  <tag k="crossing" v="traffic_signals"/>
  <tag k="highway" v="crossing"/>
  <tag k="traffic_signals:countdown" v="yes"/>
 </node>
 <node id="12119649245" visible="true" version="2" changeset="177282171" timestamp="2026-01-16T04:17:16Z" user="uknown-gryphus" uid="2425805" lat="12.9719280" lon="77.5941387">
  <tag k="barrier" v="kerb"/>
 </node>
 <node id="12119649246" visible="true" version="2" changeset="177282171" timestamp="2026-01-16T04:17:16Z" user="uknown-gryphus" uid="2425805" lat="12.9719871" lon="77.5941023">
  <tag k="noexit" v="yes"/>
 </node>
 <node id="12119649247" visible="true" version="1" changeset="155442207" timestamp="2024-08-19T05:16:10Z" user="uknown-gryphus" uid="2425805" lat="12.9710940" lon="77.5965558"/>
 <node id="12119649248" visible="true" version="2" changeset="160776599" timestamp="2024-12-30T05:29:05Z" user="uknown-gryphus" uid="2425805" lat="12.9711636" lon="77.5965637">
  <tag k="crossing" v="uncontrolled"/>
  <tag k="crossing:markings" v="zebra"/>
  <tag k="highway" v="crossing"/>
 </node>
 <node id="12119649251" visible="true" version="1" changeset="155442207" timestamp="2024-08-19T05:16:10Z" user="uknown-gryphus" uid="2425805" lat="12.9712178" lon="77.5965706"/>
 <node id="12119649256" visible="true" version="2" changeset="189574945" timestamp="2026-09-26T07:53:34Z" user="likhithaola" uid="22355701" lat="12.9711818" lon="77.5966941"/>
 <node id="12119649257" visible="true" version="1" changeset="155442207" timestamp="2024-08-19T05:16:10Z" user="uknown-gryphus" uid="2425805" lat="12.9713314" lon="77.5959738"/>
 <node id="12147816737" visible="true" version="2" changeset="177282171" timestamp="2026-01-16T04:17:16Z" user="uknown-gryphus" uid="2425805" lat="12.9762974" lon="77.5987263"/>
 <node id="12147816753" visible="true" version="2" changeset="177282171" timestamp="2026-01-16T04:17:16Z" user="uknown-gryphus" uid="2425805" lat="12.9753732" lon="77.5975811">
  <tag k="maxspeed" v="30"/>
  <tag k="traffic_sign" v="maxspeed"/>
  <tag k="traffic_sign:direction" v="forward"/>
 </node>
 <node id="12179846005" visible="true" version="1" changeset="156679076" timestamp="2024-09-16T09:27:31Z" user="olaag" uid="21150819" lat="12.9682253" lon="77.5888074"/>
 <node id="12190248477" visible="true" version="2" changeset="163678848" timestamp="2025-03-16T09:03:52Z" user="uknown-gryphus" uid="2425805" lat="12.9745219" lon="77.5934423"/>
 <node id="12190250140" visible="true" version="1" changeset="156921633" timestamp="2024-09-21T17:11:31Z" user="uknown-gryphus" uid="2425805" lat="12.9724628" lon="77.5939344">
  <tag k="direction" v="180"/>
  <tag k="historic" v="memorial"/>
  <tag k="material" v="stone"/>
  <tag k="memorial" v="plaque"/>
 </node>
 <node id="12438699393" visible="true" version="2" changeset="177282171" timestamp="2026-01-16T04:17:16Z" user="uknown-gryphus" uid="2425805" lat="12.9762430" lon="77.5987758"/>
 <node id="12462431258" visible="true" version="1" changeset="160776755" timestamp="2024-12-30T05:40:21Z" user="uknown-gryphus" uid="2425805" lat="12.9743867" lon="77.5934762"/>
 <node id="12462431259" visible="true" version="1" changeset="160776755" timestamp="2024-12-30T05:40:21Z" user="uknown-gryphus" uid="2425805" lat="12.9737759" lon="77.5936271"/>
 <node id="12462431260" visible="true" version="1" changeset="160776755" timestamp="2024-12-30T05:40:21Z" user="uknown-gryphus" uid="2425805" lat="12.9726143" lon="77.5938670"/>
 <node id="12462431261" visible="true" version="1" changeset="160776755" timestamp="2024-12-30T05:40:21Z" user="uknown-gryphus" uid="2425805" lat="12.9724436" lon="77.5939205"/>
 <node id="12462431262" visible="true" version="1" changeset="160776755" timestamp="2024-12-30T05:40:21Z" user="uknown-gryphus" uid="2425805" lat="12.9724165" lon="77.5938406"/>
 <node id="12462431263" visible="true" version="1" changeset="160776755" timestamp="2024-12-30T05:40:21Z" user="uknown-gryphus" uid="2425805" lat="12.9725668" lon="77.5938179"/>
 <node id="12462431264" visible="true" version="1" changeset="160776755" timestamp="2024-12-30T05:40:21Z" user="uknown-gryphus" uid="2425805" lat="12.9726778" lon="77.5938027"/>
 <node id="12462431265" visible="true" version="1" changeset="160776755" timestamp="2024-12-30T05:40:21Z" user="uknown-gryphus" uid="2425805" lat="12.9730401" lon="77.5937051"/>
 <node id="12462431266" visible="true" version="1" changeset="160776755" timestamp="2024-12-30T05:40:21Z" user="uknown-gryphus" uid="2425805" lat="12.9732807" lon="77.5936455"/>
 <node id="12462431267" visible="true" version="1" changeset="160776755" timestamp="2024-12-30T05:40:21Z" user="uknown-gryphus" uid="2425805" lat="12.9741913" lon="77.5934517"/>
 <node id="12462431268" visible="true" version="1" changeset="160776755" timestamp="2024-12-30T05:40:21Z" user="uknown-gryphus" uid="2425805" lat="12.9744032" lon="77.5934058"/>
 <node id="12462431269" visible="true" version="2" changeset="163678848" timestamp="2025-03-16T09:03:52Z" user="uknown-gryphus" uid="2425805" lat="12.9744887" lon="77.5933775"/>
 <node id="12462431270" visible="true" version="1" changeset="160776755" timestamp="2024-12-30T05:40:21Z" user="uknown-gryphus" uid="2425805" lat="12.9746116" lon="77.5933441"/>
 <node id="12462431271" visible="true" version="1" changeset="160776755" timestamp="2024-12-30T05:40:21Z" user="uknown-gryphus" uid="2425805" lat="12.9746743" lon="77.5933198"/>
 <node id="12462431272" visible="true" version="1" changeset="160776755" timestamp="2024-12-30T05:40:21Z" user="uknown-gryphus" uid="2425805" lat="12.9748076" lon="77.5932223"/>
 <node id="12462431273" visible="true" version="1" changeset="160776755" timestamp="2024-12-30T05:40:21Z" user="uknown-gryphus" uid="2425805" lat="12.9748816" lon="77.5931123"/>
 <node id="12462431274" visible="true" version="1" changeset="160776755" timestamp="2024-12-30T05:40:21Z" user="uknown-gryphus" uid="2425805" lat="12.9749459" lon="77.5929595"/>
 <node id="12462431275" visible="true" version="1" changeset="160776755" timestamp="2024-12-30T05:40:21Z" user="uknown-gryphus" uid="2425805" lat="12.9749791" lon="77.5928330"/>
 <node id="12462431276" visible="true" version="1" changeset="160776755" timestamp="2024-12-30T05:40:21Z" user="uknown-gryphus" uid="2425805" lat="12.9749394" lon="77.5926218"/>
 <node id="12462431277" visible="true" version="1" changeset="160776755" timestamp="2024-12-30T05:40:21Z" user="uknown-gryphus" uid="2425805" lat="12.9747343" lon="77.5918028"/>
 <node id="12462431278" visible="true" version="1" changeset="160776755" timestamp="2024-12-30T05:40:21Z" user="uknown-gryphus" uid="2425805" lat="12.9746490" lon="77.5915110"/>
 <node id="12462431279" visible="true" version="1" changeset="160776755" timestamp="2024-12-30T05:40:21Z" user="uknown-gryphus" uid="2425805" lat="12.9746168" lon="77.5914395"/>
 <node id="12462431280" visible="true" version="1" changeset="160776755" timestamp="2024-12-30T05:40:21Z" user="uknown-gryphus" uid="2425805" lat="12.9745086" lon="77.5913581"/>
 <node id="12462431281" visible="true" version="1" changeset="160776755" timestamp="2024-12-30T05:40:21Z" user="uknown-gryphus" uid="2425805" lat="12.9743082" lon="77.5914109"/>
 <node id="12462431282" visible="true" version="1" changeset="160776755" timestamp="2024-12-30T05:40:21Z" user="uknown-gryphus" uid="2425805" lat="12.9738763" lon="77.5917442"/>
 <node id="12462431283" visible="true" version="1" changeset="160776755" timestamp="2024-12-30T05:40:21Z" user="uknown-gryphus" uid="2425805" lat="12.9734025" lon="77.5923150"/>
 <node id="12462431284" visible="true" version="1" changeset="160776755" timestamp="2024-12-30T05:40:21Z" user="uknown-gryphus" uid="2425805" lat="12.9732483" lon="77.5925233"/>
 <node id="12462431285" visible="true" version="1" changeset="160776755" timestamp="2024-12-30T05:40:21Z" user="uknown-gryphus" uid="2425805" lat="12.9725092" lon="77.5935859"/>
 <node id="12462431286" visible="true" version="1" changeset="160776755" timestamp="2024-12-30T05:40:21Z" user="uknown-gryphus" uid="2425805" lat="12.9724501" lon="77.5936923"/>
 <node id="12462431287" visible="true" version="1" changeset="160776755" timestamp="2024-12-30T05:40:21Z" user="uknown-gryphus" uid="2425805" lat="12.9723890" lon="77.5938012"/>
 <node id="12462450428" visible="true" version="1" changeset="160776599" timestamp="2024-12-30T05:29:05Z" user="uknown-gryphus" uid="2425805" lat="12.9716400" lon="77.5954007"/>
 <node id="12462450430" visible="true" version="1" changeset="160776599" timestamp="2024-12-30T05:29:05Z" user="uknown-gryphus" uid="2425805" lat="12.9715280" lon="77.5953548"/>
 <node id="12462450432" visible="true" version="1" changeset="160776599" timestamp="2024-12-30T05:29:05Z" user="uknown-gryphus" uid="2425805" lat="12.9715852" lon="77.5953784">
  <tag k="crossing" v="uncontrolled"/>
  <tag k="highway" v="crossing"/>
 </node>
 <node id="12462450433" visible="true" version="1" changeset="160776599" timestamp="2024-12-30T05:29:05Z" user="uknown-gryphus" uid="2425805" lat="12.9712111" lon="77.5962870"/>
 <node id="12462450434" visible="true" version="1" changeset="160776599" timestamp="2024-12-30T05:29:05Z" user="uknown-gryphus" uid="2425805" lat="12.9712211" lon="77.5976194"/>
 <node id="12525844635" visible="true" version="1" changeset="161663569" timestamp="2025-01-23T07:54:36Z" user="Vonter" uid="3926189" lat="12.9721660" lon="77.5941679">
  <tag k="camera:mount" v="pole"/>
  <tag k="camera:type" v="dome"/>
  <tag k="man_made" v="surveillance"/>
  <tag k="surveillance" v="public"/>
  <tag k="surveillance:type" v="camera"/>
 </node>
 <node id="12525844636" visible="true" version="1" changeset="161663569" timestamp="2025-01-23T07:54:36Z" user="Vonter" uid="3926189" lat="12.9722968" lon="77.5938815">
  <tag k="camera:direction" v="39"/>
  <tag k="camera:mount" v="pole"/>
  <tag k="camera:type" v="fixed"/>
  <tag k="man_made" v="surveillance"/>
  <tag k="surveillance" v="public"/>
  <tag k="surveillance:type" v="camera"/>
 </node>
 <node id="12525844637" visible="true" version="1" changeset="161663569" timestamp="2025-01-23T07:54:36Z" user="Vonter" uid="3926189" lat="12.9733355" lon="77.5936503">
  <tag k="natural" v="tree"/>
 </node>
 <node id="12558269328" visible="true" version="2" changeset="177282171" timestamp="2026-01-16T04:17:16Z" user="uknown-gryphus" uid="2425805" lat="12.9718895" lon="77.5947383"/>
 <node id="12558269329" visible="true" version="1" changeset="162150073" timestamp="2025-02-05T04:42:45Z" user="rajanik" uid="18812448" lat="12.9717766" lon="77.5950067"/>
 <node id="12558269330" visible="true" version="1" changeset="162150073" timestamp="2025-02-05T04:42:45Z" user="rajanik" uid="18812448" lat="12.9716627" lon="77.5952956"/>
 <node id="12558269331" visible="true" version="1" changeset="162150073" timestamp="2025-02-05T04:42:45Z" user="rajanik" uid="18812448" lat="12.9715817" lon="77.5954727"/>
 <node id="12558269332" visible="true" version="1" changeset="162150073" timestamp="2025-02-05T04:42:45Z" user="rajanik" uid="18812448" lat="12.9714627" lon="77.5957712"/>
 <node id="12558269333" visible="true" version="1" changeset="162150073" timestamp="2025-02-05T04:42:45Z" user="rajanik" uid="18812448" lat="12.9713299" lon="77.5960626"/>
 <node id="12558269334" visible="true" version="1" changeset="162150073" timestamp="2025-02-05T04:42:45Z" user="rajanik" uid="18812448" lat="12.9712420" lon="77.5963109"/>
 <node id="12558269335" visible="true" version="1" changeset="162150073" timestamp="2025-02-05T04:42:45Z" user="rajanik" uid="18812448" lat="12.9712190" lon="77.5964053"/>
 <node id="12558269336" visible="true" version="1" changeset="162150073" timestamp="2025-02-05T04:42:45Z" user="rajanik" uid="18812448" lat="12.9711903" lon="77.5966058"/>
 <node id="12558269337" visible="true" version="1" changeset="162150073" timestamp="2025-02-05T04:42:45Z" user="rajanik" uid="18812448" lat="12.9711845" lon="77.5966524"/>
 <node id="12558269338" visible="true" version="1" changeset="162150073" timestamp="2025-02-05T04:42:45Z" user="rajanik" uid="18812448" lat="12.9711655" lon="77.5969438"/>
 <node id="12558269339" visible="true" version="1" changeset="162150073" timestamp="2025-02-05T04:42:45Z" user="rajanik" uid="18812448" lat="12.9711638" lon="77.5972039"/>
 <node id="12558269344" visible="true" version="1" changeset="162150073" timestamp="2025-02-05T04:42:45Z" user="rajanik" uid="18812448" lat="12.9717279" lon="77.5951284"/>
 <node id="12558269345" visible="true" version="1" changeset="162150073" timestamp="2025-02-05T04:42:45Z" user="rajanik" uid="18812448" lat="12.9716185" lon="77.5953922">
  <tag k="crossing" v="uncontrolled"/>
  <tag k="highway" v="crossing"/>
 </node>
 <node id="12558269346" visible="true" version="1" changeset="162150073" timestamp="2025-02-05T04:42:45Z" user="rajanik" uid="18812448" lat="12.9711957" lon="77.5965678">
  <tag k="crossing" v="uncontrolled"/>
  <tag k="highway" v="crossing"/>
 </node>
 <node id="12558269347" visible="true" version="1" changeset="162150073" timestamp="2025-02-05T04:42:45Z" user="rajanik" uid="18812448" lat="12.9711680" lon="77.5969057"/>
 <node id="12558269348" visible="true" version="1" changeset="162150073" timestamp="2025-02-05T04:42:45Z" user="rajanik" uid="18812448" lat="12.9711641" lon="77.5971675"/>
 <node id="12558269349" visible="true" version="1" changeset="162150073" timestamp="2025-02-05T04:42:45Z" user="rajanik" uid="18812448" lat="12.9711672" lon="77.5972449"/>
 <node id="12558269350" visible="true" version="1" changeset="162150073" timestamp="2025-02-05T04:42:45Z" user="rajanik" uid="18812448" lat="12.9711727" lon="77.5968337"/>
 <node id="12558269351" visible="true" version="1" changeset="162150073" timestamp="2025-02-05T04:42:45Z" user="rajanik" uid="18812448" lat="12.9711448" lon="77.5967599"/>
 <node id="12669376167" visible="true" version="1" changeset="163674874" timestamp="2025-03-16T05:26:08Z" user="AdityaBLR" uid="22635263" lat="12.9745791" lon="77.5914111">
  <tag k="addr:floor" v="G"/>
  <tag k="barrier" v="turnstile"/>
  <tag k="level" v="0"/>
 </node>
 <node id="12669651433" visible="true" version="1" changeset="163678848" timestamp="2025-03-16T09:03:52Z" user="uknown-gryphus" uid="2425805" lat="12.9715152" lon="77.5921887"/>
 <node id="12670329170" visible="true" version="1" changeset="163696101" timestamp="2025-03-16T16:15:24Z" user="uknown-gryphus" uid="2425805" lat="12.9725309" lon="77.5944333"/>
 <node id="12670329171" visible="true" version="1" changeset="163696101" timestamp="2025-03-16T16:15:24Z" user="uknown-gryphus" uid="2425805" lat="12.9727491" lon="77.5942992"/>
 <node id="12670329172" visible="true" version="1" changeset="163696101" timestamp="2025-03-16T16:15:24Z" user="uknown-gryphus" uid="2425805" lat="12.9728798" lon="77.5942804"/>
 <node id="12670329173" visible="true" version="1" changeset="163696101" timestamp="2025-03-16T16:15:24Z" user="uknown-gryphus" uid="2425805" lat="12.9732170" lon="77.5945459"/>
 <node id="12670329174" visible="true" version="1" changeset="163696101" timestamp="2025-03-16T16:15:24Z" user="uknown-gryphus" uid="2425805" lat="12.9736966" lon="77.5949858"/>
 <node id="12670329175" visible="true" version="1" changeset="163696101" timestamp="2025-03-16T16:15:24Z" user="uknown-gryphus" uid="2425805" lat="12.9741266" lon="77.5955799"/>
 <node id="12670329176" visible="true" version="1" changeset="163696101" timestamp="2025-03-16T16:15:24Z" user="uknown-gryphus" uid="2425805" lat="12.9742638" lon="77.5956684"/>
 <node id="12670329177" visible="true" version="1" changeset="163696101" timestamp="2025-03-16T16:15:24Z" user="uknown-gryphus" uid="2425805" lat="12.9743592" lon="77.5956751"/>
 <node id="12670329178" visible="true" version="1" changeset="163696101" timestamp="2025-03-16T16:15:24Z" user="uknown-gryphus" uid="2425805" lat="12.9744324" lon="77.5956269"/>
 <node id="12670329179" visible="true" version="2" changeset="177282171" timestamp="2026-01-16T04:17:16Z" user="uknown-gryphus" uid="2425805" lat="12.9745091" lon="77.5955615"/>
 <node id="12672242885" visible="true" version="1" changeset="163715896" timestamp="2025-03-17T05:49:25Z" user="uknown-gryphus" uid="2425805" lat="12.9707554" lon="77.5906371"/>
 <node id="12672290808" visible="true" version="1" changeset="163715896" timestamp="2025-03-17T05:49:25Z" user="uknown-gryphus" uid="2425805" lat="12.9704598" lon="77.5918769"/>
 <node id="12673415800" visible="true" version="2" changeset="177282171" timestamp="2026-01-16T04:17:16Z" user="uknown-gryphus" uid="2425805" lat="12.9720342" lon="77.5938314">
  <tag k="highway" v="traffic_signals"/>
  <tag k="traffic_signals" v="signal"/>
 </node>
 <node id="12675389867" visible="true" version="2" changeset="177282171" timestamp="2026-01-16T04:17:16Z" user="uknown-gryphus" uid="2425805" lat="12.9766045" lon="77.5988920"/>
 <node id="12712748525" visible="true" version="1" changeset="164277393" timestamp="2025-03-30T08:40:27Z" user="uknown-gryphus" uid="2425805" lat="12.9715994" lon="77.5930355">
  <tag k="direction" v="forward"/>
  <tag k="distance" v="0.700"/>
  <tag k="highway" v="milestone"/>
 </node>
 <node id="12712748526" visible="true" version="1" changeset="164277393" timestamp="2025-03-30T08:40:27Z" user="uknown-gryphus" uid="2425805" lat="12.9716067" lon="77.5926168"/>
 <node id="12712748538" visible="true" version="1" changeset="164277393" timestamp="2025-03-30T08:40:27Z" user="uknown-gryphus" uid="2425805" lat="12.9712171" lon="77.5927269"/>
 <node id="12712748549" visible="true" version="1" changeset="164277393" timestamp="2025-03-30T08:40:27Z" user="uknown-gryphus" uid="2425805" lat="12.9705559" lon="77.5919373"/>
 <node id="12712758437" visible="true" version="1" changeset="164277953" timestamp="2025-03-30T08:58:48Z" user="uknown-gryphus" uid="2425805" lat="12.9711819" lon="77.5918259"/>
 <node id="12712758438" visible="true" version="1" changeset="164277953" timestamp="2025-03-30T08:58:48Z" user="uknown-gryphus" uid="2425805" lat="12.9712632" lon="77.5919241"/>
 <node id="12718254341" visible="true" version="1" changeset="164368201" timestamp="2025-04-01T10:35:14Z" user="nileshbarawkar" uid="16275544" lat="12.9721319" lon="77.5941296"/>
 <node id="12722551247" visible="true" version="1" changeset="164409252" timestamp="2025-04-02T08:43:40Z" user="nagz02" uid="22306380" lat="12.9714312" lon="77.5941603"/>
 <node id="12722551251" visible="true" version="2" changeset="182566030" timestamp="2026-05-12T17:11:01Z" user="Vonter" uid="3926189" lat="12.9713085" lon="77.5943490"/>
 <node id="12722551252" visible="true" version="2" changeset="182566030" timestamp="2026-05-12T17:11:01Z" user="Vonter" uid="3926189" lat="12.9713206" lon="77.5944676"/>
 <node id="12759084951" visible="true" version="2" changeset="177087674" timestamp="2026-01-11T08:50:17Z" user="uknown-gryphus" uid="2425805" lat="12.9677785" lon="77.5883841"/>
 <node id="12759084952" visible="true" version="2" changeset="177087674" timestamp="2026-01-11T08:50:17Z" user="uknown-gryphus" uid="2425805" lat="12.9678101" lon="77.5885114"/>
 <node id="12797816409" visible="true" version="2" changeset="177282171" timestamp="2026-01-16T04:17:16Z" user="uknown-gryphus" uid="2425805" lat="12.9758675" lon="77.5982649"/>
 <node id="12872744048" visible="true" version="1" changeset="166909092" timestamp="2025-05-29T08:51:50Z" user="Amolbagal" uid="18397086" lat="12.9717508" lon="77.5958147"/>
 <node id="12872744050" visible="true" version="1" changeset="166909092" timestamp="2025-05-29T08:51:50Z" user="Amolbagal" uid="18397086" lat="12.9718021" lon="77.5958395"/>
 <node id="12872744052" visible="true" version="1" changeset="166909092" timestamp="2025-05-29T08:51:50Z" user="Amolbagal" uid="18397086" lat="12.9718969" lon="77.5958812"/>
 <node id="12985433645" visible="true" version="1" changeset="168600404" timestamp="2025-07-07T11:30:15Z" user="uknown-gryphus" uid="2425805" lat="12.9767684" lon="77.5987677"/>
 <node id="13065062913" visible="true" version="1" changeset="170333695" timestamp="2025-08-12T10:24:33Z" user="alivapanda" uid="19505674" lat="12.9712805" lon="77.5962022"/>
 <node id="13288585567" visible="true" version="1" changeset="174361446" timestamp="2025-11-08T06:57:14Z" user="Vonter" uid="3926189" lat="12.9722581" lon="77.5951553">
  <tag k="amenity" v="restaurant"/>
  <tag k="name" v="Madras Kitchen and The Bar"/>
 </node>
 <node id="13332301132" visible="true" version="1" changeset="175125380" timestamp="2025-11-25T19:35:27Z" user="Vonter" uid="3926189" lat="12.9648472" lon="77.5969162"/>
 <node id="13332301133" visible="true" version="1" changeset="175125380" timestamp="2025-11-25T19:35:27Z" user="Vonter" uid="3926189" lat="12.9648482" lon="77.5969054"/>
 <node id="13332301134" visible="true" version="1" changeset="175125380" timestamp="2025-11-25T19:35:27Z" user="Vonter" uid="3926189" lat="12.9648492" lon="77.5968937"/>
 <node id="13332301136" visible="true" version="1" changeset="175125380" timestamp="2025-11-25T19:35:27Z" user="Vonter" uid="3926189" lat="12.9649141" lon="77.5963059"/>
 <node id="13332301138" visible="true" version="1" changeset="175125380" timestamp="2025-11-25T19:35:27Z" user="Vonter" uid="3926189" lat="12.9649273" lon="77.5962486"/>
 <node id="13332301141" visible="true" version="1" changeset="175125380" timestamp="2025-11-25T19:35:27Z" user="Vonter" uid="3926189" lat="12.9651735" lon="77.5959051"/>
 <node id="13332301142" visible="true" version="1" changeset="175125380" timestamp="2025-11-25T19:35:27Z" user="Vonter" uid="3926189" lat="12.9652042" lon="77.5958784"/>
 <node id="13332301144" visible="true" version="1" changeset="175125380" timestamp="2025-11-25T19:35:27Z" user="Vonter" uid="3926189" lat="12.9652817" lon="77.5958107"/>
 <node id="13332301146" visible="true" version="1" changeset="175125380" timestamp="2025-11-25T19:35:27Z" user="Vonter" uid="3926189" lat="12.9654876" lon="77.5956666"/>
 <node id="13332301148" visible="true" version="1" changeset="175125380" timestamp="2025-11-25T19:35:27Z" user="Vonter" uid="3926189" lat="12.9656410" lon="77.5955651"/>
 <node id="13332301149" visible="true" version="1" changeset="175125380" timestamp="2025-11-25T19:35:27Z" user="Vonter" uid="3926189" lat="12.9658627" lon="77.5954212"/>
 <node id="13332301150" visible="true" version="1" changeset="175125380" timestamp="2025-11-25T19:35:27Z" user="Vonter" uid="3926189" lat="12.9659388" lon="77.5953730"/>
 <node id="13332301151" visible="true" version="1" changeset="175125380" timestamp="2025-11-25T19:35:27Z" user="Vonter" uid="3926189" lat="12.9660116" lon="77.5953254"/>
 <node id="13332301152" visible="true" version="1" changeset="175125380" timestamp="2025-11-25T19:35:27Z" user="Vonter" uid="3926189" lat="12.9661730" lon="77.5952212"/>
 <node id="13332301153" visible="true" version="1" changeset="175125380" timestamp="2025-11-25T19:35:27Z" user="Vonter" uid="3926189" lat="12.9661786" lon="77.5952180"/>
 <node id="13332301154" visible="true" version="1" changeset="175125380" timestamp="2025-11-25T19:35:27Z" user="Vonter" uid="3926189" lat="12.9662809" lon="77.5951595"/>
 <node id="13332301155" visible="true" version="1" changeset="175125380" timestamp="2025-11-25T19:35:27Z" user="Vonter" uid="3926189" lat="12.9664641" lon="77.5950998"/>
 <node id="13332301157" visible="true" version="1" changeset="175125380" timestamp="2025-11-25T19:35:27Z" user="Vonter" uid="3926189" lat="12.9670440" lon="77.5949608"/>
 <node id="13332301158" visible="true" version="1" changeset="175125380" timestamp="2025-11-25T19:35:27Z" user="Vonter" uid="3926189" lat="12.9671851" lon="77.5949700"/>
 <node id="13332301159" visible="true" version="1" changeset="175125380" timestamp="2025-11-25T19:35:27Z" user="Vonter" uid="3926189" lat="12.9671985" lon="77.5949709"/>
 <node id="13332301161" visible="true" version="1" changeset="175125380" timestamp="2025-11-25T19:35:27Z" user="Vonter" uid="3926189" lat="12.9672595" lon="77.5949750"/>
 <node id="13332301162" visible="true" version="1" changeset="175125380" timestamp="2025-11-25T19:35:27Z" user="Vonter" uid="3926189" lat="12.9672900" lon="77.5949771"/>
 <node id="13332301164" visible="true" version="1" changeset="175125380" timestamp="2025-11-25T19:35:27Z" user="Vonter" uid="3926189" lat="12.9675049" lon="77.5949471"/>
 <node id="13332301165" visible="true" version="1" changeset="175125380" timestamp="2025-11-25T19:35:27Z" user="Vonter" uid="3926189" lat="12.9680910" lon="77.5948022"/>
 <node id="13332301167" visible="true" version="1" changeset="175125380" timestamp="2025-11-25T19:35:27Z" user="Vonter" uid="3926189" lat="12.9685091" lon="77.5947076"/>
 <node id="13332301168" visible="true" version="1" changeset="175125380" timestamp="2025-11-25T19:35:27Z" user="Vonter" uid="3926189" lat="12.9685344" lon="77.5947020"/>
 <node id="13332301169" visible="true" version="1" changeset="175125380" timestamp="2025-11-25T19:35:27Z" user="Vonter" uid="3926189" lat="12.9694675" lon="77.5944969"/>
 <node id="13332301170" visible="true" version="1" changeset="175125380" timestamp="2025-11-25T19:35:27Z" user="Vonter" uid="3926189" lat="12.9697596" lon="77.5944328"/>
 <node id="13332301171" visible="true" version="1" changeset="175125380" timestamp="2025-11-25T19:35:27Z" user="Vonter" uid="3926189" lat="12.9697861" lon="77.5944271"/>
 <node id="13332301172" visible="true" version="1" changeset="175125380" timestamp="2025-11-25T19:35:27Z" user="Vonter" uid="3926189" lat="12.9703853" lon="77.5943002"/>
 <node id="13332301173" visible="true" version="1" changeset="175125380" timestamp="2025-11-25T19:35:27Z" user="Vonter" uid="3926189" lat="12.9704424" lon="77.5942881"/>
 <node id="13332301174" visible="true" version="1" changeset="175125380" timestamp="2025-11-25T19:35:27Z" user="Vonter" uid="3926189" lat="12.9716485" lon="77.5940326"/>
 <node id="13332301175" visible="true" version="1" changeset="175125380" timestamp="2025-11-25T19:35:27Z" user="Vonter" uid="3926189" lat="12.9718461" lon="77.5939907"/>
 <node id="13332301176" visible="true" version="1" changeset="175125380" timestamp="2025-11-25T19:35:27Z" user="Vonter" uid="3926189" lat="12.9719610" lon="77.5939664"/>
 <node id="13332301177" visible="true" version="1" changeset="175125380" timestamp="2025-11-25T19:35:27Z" user="Vonter" uid="3926189" lat="12.9719743" lon="77.5939636"/>
 <node id="13332301178" visible="true" version="1" changeset="175125380" timestamp="2025-11-25T19:35:27Z" user="Vonter" uid="3926189" lat="12.9720241" lon="77.5939530"/>
 <node id="13332301179" visible="true" version="1" changeset="175125380" timestamp="2025-11-25T19:35:27Z" user="Vonter" uid="3926189" lat="12.9720868" lon="77.5940009"/>
 <node id="13332301180" visible="true" version="1" changeset="175125380" timestamp="2025-11-25T19:35:27Z" user="Vonter" uid="3926189" lat="12.9727548" lon="77.5945116"/>
 <node id="13332301181" visible="true" version="1" changeset="175125380" timestamp="2025-11-25T19:35:27Z" user="Vonter" uid="3926189" lat="12.9728704" lon="77.5946023"/>
 <node id="13332301182" visible="true" version="1" changeset="175125380" timestamp="2025-11-25T19:35:27Z" user="Vonter" uid="3926189" lat="12.9729237" lon="77.5946442"/>
 <node id="13332301183" visible="true" version="1" changeset="175125380" timestamp="2025-11-25T19:35:27Z" user="Vonter" uid="3926189" lat="12.9729881" lon="77.5946947"/>
 <node id="13332301184" visible="true" version="1" changeset="175125380" timestamp="2025-11-25T19:35:27Z" user="Vonter" uid="3926189" lat="12.9729912" lon="77.5946972"/>
 <node id="13332301185" visible="true" version="1" changeset="175125380" timestamp="2025-11-25T19:35:27Z" user="Vonter" uid="3926189" lat="12.9732334" lon="77.5948873"/>
 <node id="13332301186" visible="true" version="1" changeset="175125380" timestamp="2025-11-25T19:35:27Z" user="Vonter" uid="3926189" lat="12.9734439" lon="77.5950525"/>
 <node id="13332301187" visible="true" version="1" changeset="175125380" timestamp="2025-11-25T19:35:27Z" user="Vonter" uid="3926189" lat="12.9735560" lon="77.5951988"/>
 <node id="13332301188" visible="true" version="1" changeset="175125380" timestamp="2025-11-25T19:35:27Z" user="Vonter" uid="3926189" lat="12.9739266" lon="77.5956828"/>
 <node id="13332301190" visible="true" version="1" changeset="175125380" timestamp="2025-11-25T19:35:27Z" user="Vonter" uid="3926189" lat="12.9747211" lon="77.5966364"/>
 <node id="13332301192" visible="true" version="1" changeset="175125380" timestamp="2025-11-25T19:35:27Z" user="Vonter" uid="3926189" lat="12.9758363" lon="77.5981737"/>
 <node id="13332301193" visible="true" version="1" changeset="175125380" timestamp="2025-11-25T19:35:27Z" user="Vonter" uid="3926189" lat="12.9759036" lon="77.5982668"/>
 <node id="13332301194" visible="true" version="1" changeset="175125380" timestamp="2025-11-25T19:35:27Z" user="Vonter" uid="3926189" lat="12.9763534" lon="77.5988894"/>
 <node id="13332301195" visible="true" version="1" changeset="175125380" timestamp="2025-11-25T19:35:27Z" user="Vonter" uid="3926189" lat="12.9765798" lon="77.5992029"/>
 <node id="13332301196" visible="true" version="1" changeset="175125380" timestamp="2025-11-25T19:35:27Z" user="Vonter" uid="3926189" lat="12.9766060" lon="77.5992391"/>
 <node id="13332301198" visible="true" version="1" changeset="175125380" timestamp="2025-11-25T19:35:27Z" user="Vonter" uid="3926189" lat="12.9766717" lon="77.5993172"/>
 <node id="13332301200" visible="true" version="1" changeset="175125380" timestamp="2025-11-25T19:35:27Z" user="Vonter" uid="3926189" lat="12.9795262" lon="77.5980008"/>
 <node id="13332301202" visible="true" version="1" changeset="175125380" timestamp="2025-11-25T19:35:27Z" user="Vonter" uid="3926189" lat="12.9806439" lon="77.5976335"/>
 <node id="13332301203" visible="true" version="1" changeset="175125380" timestamp="2025-11-25T19:35:27Z" user="Vonter" uid="3926189" lat="12.9807369" lon="77.5977464"/>
 <node id="13447636730" visible="true" version="1" changeset="177087674" timestamp="2026-01-11T08:50:17Z" user="uknown-gryphus" uid="2425805" lat="12.9702859" lon="77.5918264">
  <tag k="traffic_calming" v="rumble_strip"/>
 </node>
 <node id="13447636734" visible="true" version="1" changeset="177087674" timestamp="2026-01-11T08:50:17Z" user="uknown-gryphus" uid="2425805" lat="12.9704100" lon="77.5918209"/>
 <node id="13450602812" visible="true" version="1" changeset="177144430" timestamp="2026-01-12T16:03:22Z" user="uknown-gryphus" uid="2425805" lat="12.9681204" lon="77.5890769"/>
 <node id="13459508908" visible="true" version="1" changeset="177282171" timestamp="2026-01-16T04:17:16Z" user="uknown-gryphus" uid="2425805" lat="12.9739512" lon="77.5955426"/>
 <node id="13459508909" visible="true" version="1" changeset="177282171" timestamp="2026-01-16T04:17:16Z" user="uknown-gryphus" uid="2425805" lat="12.9738321" lon="77.5957178"/>
 <node id="13459508921" visible="true" version="1" changeset="177282171" timestamp="2026-01-16T04:17:16Z" user="uknown-gryphus" uid="2425805" lat="12.9746072" lon="77.5952758"/>
 <node id="13459508922" visible="true" version="1" changeset="177282171" timestamp="2026-01-16T04:17:16Z" user="uknown-gryphus" uid="2425805" lat="12.9745765" lon="77.5953610"/>
 <node id="13459508923" visible="true" version="1" changeset="177282171" timestamp="2026-01-16T04:17:16Z" user="uknown-gryphus" uid="2425805" lat="12.9745467" lon="77.5955233"/>
 <node id="13459508926" visible="true" version="1" changeset="177282171" timestamp="2026-01-16T04:17:16Z" user="uknown-gryphus" uid="2425805" lat="12.9739823" lon="77.5955808"/>
 <node id="13459508927" visible="true" version="1" changeset="177282171" timestamp="2026-01-16T04:17:16Z" user="uknown-gryphus" uid="2425805" lat="12.9740429" lon="77.5956178"/>
 <node id="13459508928" visible="true" version="1" changeset="177282171" timestamp="2026-01-16T04:17:16Z" user="uknown-gryphus" uid="2425805" lat="12.9766165" lon="77.5988710"/>
 <node id="13459508929" visible="true" version="1" changeset="177282171" timestamp="2026-01-16T04:17:16Z" user="uknown-gryphus" uid="2425805" lat="12.9758823" lon="77.5980498"/>
 <node id="13459508930" visible="true" version="1" changeset="177282171" timestamp="2026-01-16T04:17:16Z" user="uknown-gryphus" uid="2425805" lat="12.9757740" lon="77.5978947"/>
 <node id="13459508931" visible="true" version="1" changeset="177282171" timestamp="2026-01-16T04:17:16Z" user="uknown-gryphus" uid="2425805" lat="12.9754897" lon="77.5974977"/>
 <node id="13459508932" visible="true" version="1" changeset="177282171" timestamp="2026-01-16T04:17:16Z" user="uknown-gryphus" uid="2425805" lat="12.9748932" lon="77.5966409"/>
 <node id="13459508933" visible="true" version="1" changeset="177282171" timestamp="2026-01-16T04:17:16Z" user="uknown-gryphus" uid="2425805" lat="12.9740155" lon="77.5956215"/>
 <node id="13459508934" visible="true" version="1" changeset="177282171" timestamp="2026-01-16T04:17:16Z" user="uknown-gryphus" uid="2425805" lat="12.9739237" lon="77.5955088"/>
 <node id="13459508935" visible="true" version="1" changeset="177282171" timestamp="2026-01-16T04:17:16Z" user="uknown-gryphus" uid="2425805" lat="12.9739341" lon="77.5954958"/>
 <node id="13459508936" visible="true" version="1" changeset="177282171" timestamp="2026-01-16T04:17:16Z" user="uknown-gryphus" uid="2425805" lat="12.9724839" lon="77.5939700"/>
 <node id="13459508937" visible="true" version="1" changeset="177282171" timestamp="2026-01-16T04:17:16Z" user="uknown-gryphus" uid="2425805" lat="12.9724454" lon="77.5939555"/>
 <node id="13459508938" visible="true" version="1" changeset="177282171" timestamp="2026-01-16T04:17:16Z" user="uknown-gryphus" uid="2425805" lat="12.9724371" lon="77.5939548"/>
 <node id="13459508939" visible="true" version="1" changeset="177282171" timestamp="2026-01-16T04:17:16Z" user="uknown-gryphus" uid="2425805" lat="12.9724240" lon="77.5939910"/>
 <node id="13459508940" visible="true" version="1" changeset="177282171" timestamp="2026-01-16T04:17:16Z" user="uknown-gryphus" uid="2425805" lat="12.9724309" lon="77.5940517"/>
 <node id="13459508941" visible="true" version="1" changeset="177282171" timestamp="2026-01-16T04:17:16Z" user="uknown-gryphus" uid="2425805" lat="12.9724525" lon="77.5941228"/>
 <node id="13459508942" visible="true" version="1" changeset="177282171" timestamp="2026-01-16T04:17:16Z" user="uknown-gryphus" uid="2425805" lat="12.9724907" lon="77.5941798"/>
 <node id="13459508943" visible="true" version="1" changeset="177282171" timestamp="2026-01-16T04:17:16Z" user="uknown-gryphus" uid="2425805" lat="12.9727929" lon="77.5944420"/>
 <node id="13459508944" visible="true" version="1" changeset="177282171" timestamp="2026-01-16T04:17:16Z" user="uknown-gryphus" uid="2425805" lat="12.9734646" lon="77.5950150"/>
 <node id="13459508945" visible="true" version="1" changeset="177282171" timestamp="2026-01-16T04:17:16Z" user="uknown-gryphus" uid="2425805" lat="12.9735473" lon="77.5950857"/>
 <node id="13459508946" visible="true" version="1" changeset="177282171" timestamp="2026-01-16T04:17:16Z" user="uknown-gryphus" uid="2425805" lat="12.9737479" lon="77.5953355"/>
 <node id="13459508947" visible="true" version="1" changeset="177282171" timestamp="2026-01-16T04:17:16Z" user="uknown-gryphus" uid="2425805" lat="12.9739965" lon="77.5956369"/>
 <node id="13459508948" visible="true" version="1" changeset="177282171" timestamp="2026-01-16T04:17:16Z" user="uknown-gryphus" uid="2425805" lat="12.9740436" lon="77.5956557"/>
 <node id="13459508949" visible="true" version="1" changeset="177282171" timestamp="2026-01-16T04:17:16Z" user="uknown-gryphus" uid="2425805" lat="12.9742373" lon="77.5958944"/>
 <node id="13459508950" visible="true" version="1" changeset="177282171" timestamp="2026-01-16T04:17:16Z" user="uknown-gryphus" uid="2425805" lat="12.9742442" lon="77.5959367"/>
 <node id="13459508951" visible="true" version="1" changeset="177282171" timestamp="2026-01-16T04:17:16Z" user="uknown-gryphus" uid="2425805" lat="12.9742753" lon="77.5959766"/>
 <node id="13459508952" visible="true" version="1" changeset="177282171" timestamp="2026-01-16T04:17:16Z" user="uknown-gryphus" uid="2425805" lat="12.9743023" lon="77.5960064"/>
 <node id="13459508953" visible="true" version="1" changeset="177282171" timestamp="2026-01-16T04:17:16Z" user="uknown-gryphus" uid="2425805" lat="12.9746320" lon="77.5963859"/>
 <node id="13459508954" visible="true" version="1" changeset="177282171" timestamp="2026-01-16T04:17:16Z" user="uknown-gryphus" uid="2425805" lat="12.9746652" lon="77.5964252"/>
 <node id="13459508955" visible="true" version="1" changeset="177282171" timestamp="2026-01-16T04:17:16Z" user="uknown-gryphus" uid="2425805" lat="12.9746960" lon="77.5964594"/>
 <node id="13459508956" visible="true" version="1" changeset="177282171" timestamp="2026-01-16T04:17:16Z" user="uknown-gryphus" uid="2425805" lat="12.9750332" lon="77.5968805"/>
 <node id="13459508957" visible="true" version="1" changeset="177282171" timestamp="2026-01-16T04:17:16Z" user="uknown-gryphus" uid="2425805" lat="12.9750558" lon="77.5969127"/>
 <node id="13459508958" visible="true" version="1" changeset="177282171" timestamp="2026-01-16T04:17:16Z" user="uknown-gryphus" uid="2425805" lat="12.9751606" lon="77.5970682"/>
 <node id="13459508959" visible="true" version="1" changeset="177282171" timestamp="2026-01-16T04:17:16Z" user="uknown-gryphus" uid="2425805" lat="12.9752410" lon="77.5971852"/>
 <node id="13459508960" visible="true" version="1" changeset="177282171" timestamp="2026-01-16T04:17:16Z" user="uknown-gryphus" uid="2425805" lat="12.9754627" lon="77.5975187"/>
 <node id="13459508961" visible="true" version="1" changeset="177282171" timestamp="2026-01-16T04:17:16Z" user="uknown-gryphus" uid="2425805" lat="12.9757570" lon="77.5979053"/>
 <node id="13459508962" visible="true" version="1" changeset="177282171" timestamp="2026-01-16T04:17:16Z" user="uknown-gryphus" uid="2425805" lat="12.9758659" lon="77.5980652"/>
 <node id="13459508963" visible="true" version="1" changeset="177282171" timestamp="2026-01-16T04:17:16Z" user="uknown-gryphus" uid="2425805" lat="12.9762417" lon="77.5985944"/>
 <node id="13459508964" visible="true" version="1" changeset="177282171" timestamp="2026-01-16T04:17:16Z" user="uknown-gryphus" uid="2425805" lat="12.9765132" lon="77.5989095"/>
 <node id="13459508965" visible="true" version="1" changeset="177282171" timestamp="2026-01-16T04:17:16Z" user="uknown-gryphus" uid="2425805" lat="12.9765410" lon="77.5989199"/>
 <node id="13459508966" visible="true" version="1" changeset="177282171" timestamp="2026-01-16T04:17:16Z" user="uknown-gryphus" uid="2425805" lat="12.9765743" lon="77.5989129"/>
 <node id="13459508967" visible="true" version="1" changeset="177282171" timestamp="2026-01-16T04:17:16Z" user="uknown-gryphus" uid="2425805" lat="12.9766156" lon="77.5988946"/>
 <node id="13459508968" visible="true" version="1" changeset="177282171" timestamp="2026-01-16T04:17:16Z" user="uknown-gryphus" uid="2425805" lat="12.9766341" lon="77.5988754"/>
 <node id="13459508969" visible="true" version="1" changeset="177282171" timestamp="2026-01-16T04:17:16Z" user="uknown-gryphus" uid="2425805" lat="12.9721428" lon="77.5942410"/>
 <node id="13459508970" visible="true" version="1" changeset="177282171" timestamp="2026-01-16T04:17:16Z" user="uknown-gryphus" uid="2425805" lat="12.9721564" lon="77.5942988"/>
 <node id="13459508971" visible="true" version="1" changeset="177282171" timestamp="2026-01-16T04:17:16Z" user="uknown-gryphus" uid="2425805" lat="12.9722071" lon="77.5942898"/>
 <node id="13459508972" visible="true" version="1" changeset="177282171" timestamp="2026-01-16T04:17:16Z" user="uknown-gryphus" uid="2425805" lat="12.9741344" lon="77.5960916"/>
 <node id="13459508973" visible="true" version="1" changeset="177282171" timestamp="2026-01-16T04:17:16Z" user="uknown-gryphus" uid="2425805" lat="12.9738428" lon="77.5957634"/>
 <node id="13459508974" visible="true" version="1" changeset="177282171" timestamp="2026-01-16T04:17:16Z" user="uknown-gryphus" uid="2425805" lat="12.9738574" lon="77.5957509"/>
 <node id="13459508975" visible="true" version="1" changeset="177282171" timestamp="2026-01-16T04:17:16Z" user="uknown-gryphus" uid="2425805" lat="12.9738039" lon="77.5956808"/>
 <node id="13459508976" visible="true" version="1" changeset="177282171" timestamp="2026-01-16T04:17:16Z" user="uknown-gryphus" uid="2425805" lat="12.9737950" lon="77.5956684"/>
 <node id="13459508977" visible="true" version="1" changeset="177282171" timestamp="2026-01-16T04:17:16Z" user="uknown-gryphus" uid="2425805" lat="12.9737780" lon="77.5956829"/>
 <node id="13459508978" visible="true" version="1" changeset="177282171" timestamp="2026-01-16T04:17:16Z" user="uknown-gryphus" uid="2425805" lat="12.9736178" lon="77.5954840"/>
 <node id="13459508979" visible="true" version="1" changeset="177282171" timestamp="2026-01-16T04:17:16Z" user="uknown-gryphus" uid="2425805" lat="12.9734905" lon="77.5953249"/>
 <node id="13459508980" visible="true" version="1" changeset="177282171" timestamp="2026-01-16T04:17:16Z" user="uknown-gryphus" uid="2425805" lat="12.9731271" lon="77.5949927"/>
 <node id="13459508981" visible="true" version="1" changeset="177282171" timestamp="2026-01-16T04:17:16Z" user="uknown-gryphus" uid="2425805" lat="12.9730760" lon="77.5949529"/>
 <node id="13459508982" visible="true" version="1" changeset="177282171" timestamp="2026-01-16T04:17:16Z" user="uknown-gryphus" uid="2425805" lat="12.9721530" lon="77.5943338"/>
 <node id="13459508983" visible="true" version="1" changeset="177282171" timestamp="2026-01-16T04:17:16Z" user="uknown-gryphus" uid="2425805" lat="12.9721494" lon="77.5943186"/>
 <node id="13459508984" visible="true" version="1" changeset="177282171" timestamp="2026-01-16T04:17:16Z" user="uknown-gryphus" uid="2425805" lat="12.9721460" lon="77.5943042"/>
 <node id="13459508985" visible="true" version="1" changeset="177282171" timestamp="2026-01-16T04:17:16Z" user="uknown-gryphus" uid="2425805" lat="12.9722649" lon="77.5942871"/>
 <node id="13459508986" visible="true" version="1" changeset="177282171" timestamp="2026-01-16T04:17:16Z" user="uknown-gryphus" uid="2425805" lat="12.9723195" lon="77.5943005"/>
 <node id="13459508987" visible="true" version="1" changeset="177282171" timestamp="2026-01-16T04:17:16Z" user="uknown-gryphus" uid="2425805" lat="12.9723871" lon="77.5943240"/>
 <node id="13459508988" visible="true" version="1" changeset="177282171" timestamp="2026-01-16T04:17:16Z" user="uknown-gryphus" uid="2425805" lat="12.9724404" lon="77.5943642"/>
 <node id="13459508989" visible="true" version="1" changeset="177282171" timestamp="2026-01-16T04:17:16Z" user="uknown-gryphus" uid="2425805" lat="12.9724730" lon="77.5943924"/>
 <node id="13459508990" visible="true" version="1" changeset="177282171" timestamp="2026-01-16T04:17:16Z" user="uknown-gryphus" uid="2425805" lat="12.9726995" lon="77.5945892"/>
 <node id="13459508991" visible="true" version="1" changeset="177282171" timestamp="2026-01-16T04:17:16Z" user="uknown-gryphus" uid="2425805" lat="12.9727034" lon="77.5946180"/>
 <node id="13459508992" visible="true" version="1" changeset="177282171" timestamp="2026-01-16T04:17:16Z" user="uknown-gryphus" uid="2425805" lat="12.9728583" lon="77.5947437"/>
 <node id="13459508993" visible="true" version="1" changeset="177282171" timestamp="2026-01-16T04:17:16Z" user="uknown-gryphus" uid="2425805" lat="12.9728955" lon="77.5947421"/>
 <node id="13459508994" visible="true" version="1" changeset="177282171" timestamp="2026-01-16T04:17:16Z" user="uknown-gryphus" uid="2425805" lat="12.9729850" lon="77.5948172"/>
 <node id="13459508995" visible="true" version="1" changeset="177282171" timestamp="2026-01-16T04:17:16Z" user="uknown-gryphus" uid="2425805" lat="12.9729870" lon="77.5948463"/>
 <node id="13459508996" visible="true" version="1" changeset="177282171" timestamp="2026-01-16T04:17:16Z" user="uknown-gryphus" uid="2425805" lat="12.9730540" lon="77.5948956"/>
 <node id="13459508997" visible="true" version="1" changeset="177282171" timestamp="2026-01-16T04:17:16Z" user="uknown-gryphus" uid="2425805" lat="12.9730729" lon="77.5948879"/>
 <node id="13459508998" visible="true" version="1" changeset="177282171" timestamp="2026-01-16T04:17:16Z" user="uknown-gryphus" uid="2425805" lat="12.9731062" lon="77.5949099"/>
 <node id="13459508999" visible="true" version="1" changeset="177282171" timestamp="2026-01-16T04:17:16Z" user="uknown-gryphus" uid="2425805" lat="12.9731597" lon="77.5949495"/>
 <node id="13459509000" visible="true" version="1" changeset="177282171" timestamp="2026-01-16T04:17:16Z" user="uknown-gryphus" uid="2425805" lat="12.9733634" lon="77.5951186"/>
 <node id="13459537701" visible="true" version="1" changeset="177282171" timestamp="2026-01-16T04:17:16Z" user="uknown-gryphus" uid="2425805" lat="12.9733235" lon="77.5951374"/>
 <node id="13459537702" visible="true" version="1" changeset="177282171" timestamp="2026-01-16T04:17:16Z" user="uknown-gryphus" uid="2425805" lat="12.9728484" lon="77.5951836"/>
 <node id="13459537703" visible="true" version="1" changeset="177282171" timestamp="2026-01-16T04:17:16Z" user="uknown-gryphus" uid="2425805" lat="12.9726972" lon="77.5946227"/>
 <node id="13459537704" visible="true" version="1" changeset="177282171" timestamp="2026-01-16T04:17:16Z" user="uknown-gryphus" uid="2425805" lat="12.9728556" lon="77.5947508"/>
 <node id="13459537705" visible="true" version="1" changeset="177282171" timestamp="2026-01-16T04:17:16Z" user="uknown-gryphus" uid="2425805" lat="12.9734258" lon="77.5951917"/>
 <node id="13459537706" visible="true" version="1" changeset="177282171" timestamp="2026-01-16T04:17:16Z" user="uknown-gryphus" uid="2425805" lat="12.9735289" lon="77.5953044"/>
 <node id="13459537707" visible="true" version="1" changeset="177282171" timestamp="2026-01-16T04:17:16Z" user="uknown-gryphus" uid="2425805" lat="12.9735525" lon="77.5953342"/>
 <node id="13459537708" visible="true" version="1" changeset="177282171" timestamp="2026-01-16T04:17:16Z" user="uknown-gryphus" uid="2425805" lat="12.9735519" lon="77.5953667"/>
 <node id="13459537709" visible="true" version="1" changeset="177282171" timestamp="2026-01-16T04:17:16Z" user="uknown-gryphus" uid="2425805" lat="12.9735996" lon="77.5954244"/>
 <node id="13459537710" visible="true" version="1" changeset="177282171" timestamp="2026-01-16T04:17:16Z" user="uknown-gryphus" uid="2425805" lat="12.9736251" lon="77.5954297"/>
 <node id="13459537711" visible="true" version="1" changeset="177282171" timestamp="2026-01-16T04:17:16Z" user="uknown-gryphus" uid="2425805" lat="12.9736454" lon="77.5954549"/>
 <node id="13459537712" visible="true" version="1" changeset="177282171" timestamp="2026-01-16T04:17:16Z" user="uknown-gryphus" uid="2425805" lat="12.9738449" lon="77.5957093"/>
 <node id="13459537713" visible="true" version="1" changeset="177282171" timestamp="2026-01-16T04:17:16Z" user="uknown-gryphus" uid="2425805" lat="12.9738655" lon="77.5957187"/>
 <node id="13459537714" visible="true" version="2" changeset="181847347" timestamp="2026-04-26T14:08:39Z" user="uknown-gryphus" uid="2425805" lat="12.9739293" lon="77.5957968"/>
 <node id="13459537715" visible="true" version="2" changeset="181847347" timestamp="2026-04-26T14:08:39Z" user="uknown-gryphus" uid="2425805" lat="12.9740608" lon="77.5959580"/>
 <node id="13459537716" visible="true" version="1" changeset="177282171" timestamp="2026-01-16T04:17:16Z" user="uknown-gryphus" uid="2425805" lat="12.9743223" lon="77.5962726"/>
 <node id="13459537717" visible="true" version="1" changeset="177282171" timestamp="2026-01-16T04:17:16Z" user="uknown-gryphus" uid="2425805" lat="12.9743219" lon="77.5963031"/>
 <node id="13459537718" visible="true" version="1" changeset="177282171" timestamp="2026-01-16T04:17:16Z" user="uknown-gryphus" uid="2425805" lat="12.9743932" lon="77.5963846"/>
 <node id="13459537719" visible="true" version="1" changeset="177282171" timestamp="2026-01-16T04:17:16Z" user="uknown-gryphus" uid="2425805" lat="12.9744222" lon="77.5963903"/>
 <node id="13459537720" visible="true" version="1" changeset="177282171" timestamp="2026-01-16T04:17:16Z" user="uknown-gryphus" uid="2425805" lat="12.9744791" lon="77.5964560"/>
 <node id="13459537721" visible="true" version="1" changeset="177282171" timestamp="2026-01-16T04:17:16Z" user="uknown-gryphus" uid="2425805" lat="12.9744791" lon="77.5964959"/>
 <node id="13459537722" visible="true" version="1" changeset="177282171" timestamp="2026-01-16T04:17:16Z" user="uknown-gryphus" uid="2425805" lat="12.9745389" lon="77.5965609"/>
 <node id="13459537723" visible="true" version="1" changeset="177282171" timestamp="2026-01-16T04:17:16Z" user="uknown-gryphus" uid="2425805" lat="12.9745693" lon="77.5965626"/>
 <node id="13459537724" visible="true" version="1" changeset="177282171" timestamp="2026-01-16T04:17:16Z" user="uknown-gryphus" uid="2425805" lat="12.9745902" lon="77.5965898"/>
 <node id="13459537725" visible="true" version="1" changeset="177282171" timestamp="2026-01-16T04:17:16Z" user="uknown-gryphus" uid="2425805" lat="12.9745915" lon="77.5965998"/>
 <node id="13459537726" visible="true" version="1" changeset="177282171" timestamp="2026-01-16T04:17:16Z" user="uknown-gryphus" uid="2425805" lat="12.9745778" lon="77.5966223"/>
 <node id="13459537727" visible="true" version="1" changeset="177282171" timestamp="2026-01-16T04:17:16Z" user="uknown-gryphus" uid="2425805" lat="12.9745875" lon="77.5966105">
  <tag k="barrier" v="kerb"/>
 </node>
 <node id="13459537728" visible="true" version="1" changeset="177282171" timestamp="2026-01-16T04:17:16Z" user="uknown-gryphus" uid="2425805" lat="12.9745324" lon="77.5965623"/>
 <node id="13459537777" visible="true" version="1" changeset="177282171" timestamp="2026-01-16T04:17:16Z" user="uknown-gryphus" uid="2425805" lat="12.9740129" lon="77.5956299"/>
 <node id="13459537778" visible="true" version="1" changeset="177282171" timestamp="2026-01-16T04:17:16Z" user="uknown-gryphus" uid="2425805" lat="12.9740469" lon="77.5956453"/>
 <node id="13459537779" visible="true" version="1" changeset="177282171" timestamp="2026-01-16T04:17:16Z" user="uknown-gryphus" uid="2425805" lat="12.9732111" lon="77.5955491"/>
 <node id="13459537780" visible="true" version="1" changeset="177282171" timestamp="2026-01-16T04:17:16Z" user="uknown-gryphus" uid="2425805" lat="12.9748718" lon="77.5966156"/>
 <node id="13459537781" visible="true" version="1" changeset="177282171" timestamp="2026-01-16T04:17:16Z" user="uknown-gryphus" uid="2425805" lat="12.9749630" lon="77.5969938"/>
 <node id="13459537782" visible="true" version="1" changeset="177282171" timestamp="2026-01-16T04:17:16Z" user="uknown-gryphus" uid="2425805" lat="12.9749417" lon="77.5968399"/>
 <node id="13459537783" visible="true" version="1" changeset="177282171" timestamp="2026-01-16T04:17:16Z" user="uknown-gryphus" uid="2425805" lat="12.9748764" lon="77.5968764"/>
 <node id="13459537784" visible="true" version="1" changeset="177282171" timestamp="2026-01-16T04:17:16Z" user="uknown-gryphus" uid="2425805" lat="12.9744030" lon="77.5964339"/>
 <node id="13763658366" visible="true" version="1" changeset="181847347" timestamp="2026-04-26T14:08:39Z" user="uknown-gryphus" uid="2425805" lat="12.9739620" lon="77.5957740"/>
 <node id="13763658367" visible="true" version="1" changeset="181847347" timestamp="2026-04-26T14:08:39Z" user="uknown-gryphus" uid="2425805" lat="12.9740925" lon="77.5959319"/>
 <node id="13780598652" visible="true" version="1" changeset="182031390" timestamp="2026-04-30T12:25:06Z" user="olasakeeb" uid="19294194" lat="12.9760757" lon="77.5985482"/>
 <node id="13780598661" visible="true" version="1" changeset="182031390" timestamp="2026-04-30T12:25:06Z" user="olasakeeb" uid="19294194" lat="12.9759970" lon="77.5984411"/>
 <node id="13821898885" visible="true" version="1" changeset="182566030" timestamp="2026-05-12T17:11:01Z" user="Vonter" uid="3926189" lat="12.9710102" lon="77.5944089"/>
 <node id="13821904872" visible="true" version="1" changeset="182566030" timestamp="2026-05-12T17:11:01Z" user="Vonter" uid="3926189" lat="12.9722064" lon="77.5944459"/>
 <node id="13821904873" visible="true" version="1" changeset="182566030" timestamp="2026-05-12T17:11:01Z" user="Vonter" uid="3926189" lat="12.9722185" lon="77.5944306"/>
 <node id="13821904874" visible="true" version="1" changeset="182566030" timestamp="2026-05-12T17:11:01Z" user="Vonter" uid="3926189" lat="12.9721963" lon="77.5944628"/>
 <node id="13821904875" visible="true" version="1" changeset="182566030" timestamp="2026-05-12T17:11:01Z" user="Vonter" uid="3926189" lat="12.9720787" lon="77.5947216"/>
 <node id="13821904876" visible="true" version="1" changeset="182566030" timestamp="2026-05-12T17:11:01Z" user="Vonter" uid="3926189" lat="12.9725231" lon="77.5947982"/>
 <node id="13821904877" visible="true" version="1" changeset="182566030" timestamp="2026-05-12T17:11:01Z" user="Vonter" uid="3926189" lat="12.9725701" lon="77.5946183"/>
 <node id="13821904878" visible="true" version="1" changeset="182566030" timestamp="2026-05-12T17:11:01Z" user="Vonter" uid="3926189" lat="12.9723736" lon="77.5944135"/>
 <node id="13821904879" visible="true" version="1" changeset="182566030" timestamp="2026-05-12T17:11:01Z" user="Vonter" uid="3926189" lat="12.9723532" lon="77.5943986"/>
 <node id="13821904880" visible="true" version="1" changeset="182566030" timestamp="2026-05-12T17:11:01Z" user="Vonter" uid="3926189" lat="12.9723297" lon="77.5943893"/>
 <node id="13821904881" visible="true" version="1" changeset="182566030" timestamp="2026-05-12T17:11:01Z" user="Vonter" uid="3926189" lat="12.9722834" lon="77.5943890"/>
 <node id="13821904882" visible="true" version="1" changeset="182566030" timestamp="2026-05-12T17:11:01Z" user="Vonter" uid="3926189" lat="12.9722630" lon="77.5943962"/>
 <node id="13821904883" visible="true" version="1" changeset="182566030" timestamp="2026-05-12T17:11:01Z" user="Vonter" uid="3926189" lat="12.9723897" lon="77.5944333"/>
 <node id="13821904884" visible="true" version="1" changeset="182566030" timestamp="2026-05-12T17:11:01Z" user="Vonter" uid="3926189" lat="12.9723048" lon="77.5943863"/>
 <node id="13821904885" visible="true" version="1" changeset="182566030" timestamp="2026-05-12T17:11:01Z" user="Vonter" uid="3926189" lat="12.9722447" lon="77.5944078"/>
 <node id="13821904886" visible="true" version="1" changeset="182566030" timestamp="2026-05-12T17:11:01Z" user="Vonter" uid="3926189" lat="12.9728791" lon="77.5948526"/>
 <node id="13821904887" visible="true" version="1" changeset="182566030" timestamp="2026-05-12T17:11:01Z" user="Vonter" uid="3926189" lat="12.9728897" lon="77.5948470"/>
 <node id="13821904888" visible="true" version="1" changeset="182566030" timestamp="2026-05-12T17:11:01Z" user="Vonter" uid="3926189" lat="12.9729016" lon="77.5948467"/>
 <node id="13821904889" visible="true" version="1" changeset="182566030" timestamp="2026-05-12T17:11:01Z" user="Vonter" uid="3926189" lat="12.9729207" lon="77.5948624"/>
 <node id="13821904890" visible="true" version="1" changeset="182566030" timestamp="2026-05-12T17:11:01Z" user="Vonter" uid="3926189" lat="12.9729125" lon="77.5948517"/>
 <node id="13821904891" visible="true" version="1" changeset="182566030" timestamp="2026-05-12T17:11:01Z" user="Vonter" uid="3926189" lat="12.9729229" lon="77.5948758"/>
 <node id="13821904892" visible="true" version="1" changeset="182566030" timestamp="2026-05-12T17:11:01Z" user="Vonter" uid="3926189" lat="12.9729046" lon="77.5949898"/>
 <node id="13821904893" visible="true" version="1" changeset="182566030" timestamp="2026-05-12T17:11:01Z" user="Vonter" uid="3926189" lat="12.9727909" lon="77.5951333"/>
 <node id="13821904894" visible="true" version="1" changeset="182566030" timestamp="2026-05-12T17:11:01Z" user="Vonter" uid="3926189" lat="12.9727779" lon="77.5951856">
  <tag k="access" v="private"/>
  <tag k="amenity" v="parking_entrance"/>
  <tag k="parking" v="underground"/>
 </node>
 <node id="13821904895" visible="true" version="1" changeset="182566030" timestamp="2026-05-12T17:11:01Z" user="Vonter" uid="3926189" lat="12.9720086" lon="77.5947252"/>
 <node id="13821904896" visible="true" version="1" changeset="182566030" timestamp="2026-05-12T17:11:01Z" user="Vonter" uid="3926189" lat="12.9724773" lon="77.5948021"/>
 <node id="13821904897" visible="true" version="1" changeset="182566030" timestamp="2026-05-12T17:11:01Z" user="Vonter" uid="3926189" lat="12.9728720" lon="77.5948624"/>
 <node id="13821904898" visible="true" version="1" changeset="182566030" timestamp="2026-05-12T17:11:01Z" user="Vonter" uid="3926189" lat="12.9728511" lon="77.5949818"/>
 <node id="13821904899" visible="true" version="1" changeset="182566030" timestamp="2026-05-12T17:11:01Z" user="Vonter" uid="3926189" lat="12.9727387" lon="77.5951092"/>
 <node id="13821904900" visible="true" version="1" changeset="182566030" timestamp="2026-05-12T17:11:01Z" user="Vonter" uid="3926189" lat="12.9727034" lon="77.5953211"/>
 <node id="13821904901" visible="true" version="1" changeset="182566030" timestamp="2026-05-12T17:11:01Z" user="Vonter" uid="3926189" lat="12.9725975" lon="77.5953962"/>
 <node id="13821904902" visible="true" version="1" changeset="182566030" timestamp="2026-05-12T17:11:01Z" user="Vonter" uid="3926189" lat="12.9725910" lon="77.5954257"/>
 <node id="13821904903" visible="true" version="1" changeset="182566030" timestamp="2026-05-12T17:11:01Z" user="Vonter" uid="3926189" lat="12.9721349" lon="77.5953291"/>
 <node id="13821904904" visible="true" version="1" changeset="182566030" timestamp="2026-05-12T17:11:01Z" user="Vonter" uid="3926189" lat="12.9721980" lon="77.5952382"/>
 <node id="13821904905" visible="true" version="1" changeset="182566030" timestamp="2026-05-12T17:11:01Z" user="Vonter" uid="3926189" lat="12.9721868" lon="77.5953002"/>
 <node id="13821904906" visible="true" version="1" changeset="182566030" timestamp="2026-05-12T17:11:01Z" user="Vonter" uid="3926189" lat="12.9726921" lon="77.5951482"/>
 <node id="13821904907" visible="true" version="1" changeset="182566030" timestamp="2026-05-12T17:11:01Z" user="Vonter" uid="3926189" lat="12.9727191" lon="77.5951128"/>
 <node id="13821904908" visible="true" version="1" changeset="182566030" timestamp="2026-05-12T17:11:01Z" user="Vonter" uid="3926189" lat="12.9728366" lon="77.5949396"/>
 <node id="13821904909" visible="true" version="1" changeset="182566030" timestamp="2026-05-12T17:11:01Z" user="Vonter" uid="3926189" lat="12.9728311" lon="77.5949111"/>
 <node id="13821904910" visible="true" version="1" changeset="182566030" timestamp="2026-05-12T17:11:01Z" user="Vonter" uid="3926189" lat="12.9728302" lon="77.5949536"/>
 <node id="13821904911" visible="true" version="1" changeset="182566030" timestamp="2026-05-12T17:11:01Z" user="Vonter" uid="3926189" lat="12.9728367" lon="77.5949241"/>
 <node id="13821904912" visible="true" version="1" changeset="182566030" timestamp="2026-05-12T17:11:01Z" user="Vonter" uid="3926189" lat="12.9727981" lon="77.5948849"/>
 <node id="13821904913" visible="true" version="1" changeset="182566030" timestamp="2026-05-12T17:11:01Z" user="Vonter" uid="3926189" lat="12.9727501" lon="77.5948673"/>
 <node id="13821904914" visible="true" version="1" changeset="182566030" timestamp="2026-05-12T17:11:01Z" user="Vonter" uid="3926189" lat="12.9728210" lon="77.5949013"/>
 <node id="13821904915" visible="true" version="1" changeset="182566030" timestamp="2026-05-12T17:11:01Z" user="Vonter" uid="3926189" lat="12.9727727" lon="77.5948732"/>
 <node id="13821904916" visible="true" version="1" changeset="182566030" timestamp="2026-05-12T17:11:01Z" user="Vonter" uid="3926189" lat="12.9727269" lon="77.5948651"/>
 <node id="13821904917" visible="true" version="1" changeset="182566030" timestamp="2026-05-12T17:11:01Z" user="Vonter" uid="3926189" lat="12.9726746" lon="77.5948706"/>
 <node id="13821904918" visible="true" version="1" changeset="182566030" timestamp="2026-05-12T17:11:01Z" user="Vonter" uid="3926189" lat="12.9726245" lon="77.5948605"/>
 <node id="13821904919" visible="true" version="1" changeset="182566030" timestamp="2026-05-12T17:11:01Z" user="Vonter" uid="3926189" lat="12.9722376" lon="77.5948047"/>
 <node id="13821904920" visible="true" version="1" changeset="182566030" timestamp="2026-05-12T17:11:01Z" user="Vonter" uid="3926189" lat="12.9722355" lon="77.5948155"/>
 <node id="14218998641" visible="true" version="1" changeset="189574945" timestamp="2026-09-26T07:53:34Z" user="likhithaola" uid="22355701" lat="12.9731349" lon="77.5949816">
  <tag k="access" v="permissive"/>
  <tag k="barrier" v="gate"/>
 </node>
 <node id="14218998642" visible="true" version="1" changeset="189574945" timestamp="2026-09-26T07:53:34Z" user="likhithaola" uid="22355701" lat="12.9730780" lon="77.5949500">
  <tag k="access" v="permissive"/>
  <tag k="barrier" v="gate"/>
 </node>
 <node id="14218998646" visible="true" version="1" changeset="189574945" timestamp="2026-09-26T07:53:34Z" user="likhithaola" uid="22355701" lat="12.9711860" lon="77.5966407"/>
 <node id="14218998647" visible="true" version="1" changeset="189574945" timestamp="2026-09-26T07:53:34Z" user="likhithaola" uid="22355701" lat="12.9712041" lon="77.5966957"/>
 <node id="14218998648" visible="true" version="1" changeset="189574945" timestamp="2026-09-26T07:53:34Z" user="likhithaola" uid="22355701" lat="12.9712100" lon="77.5966422"/>
 <way id="22895320" visible="true" version="60" changeset="177282171" timestamp="2026-01-16T04:17:16Z" user="uknown-gryphus" uid="2425805">
  <nd ref="246472349"/>
  <nd ref="663321322"/>
  <nd ref="8483440842"/>
  <nd ref="456209062"/>
  <nd ref="8483440839"/>
  <nd ref="246472350"/>
  <nd ref="428831248"/>
  <nd ref="428831249"/>
  <nd ref="663321355"/>
  <nd ref="663321356"/>
  <nd ref="428831247"/>
  <nd ref="663564865"/>
  <nd ref="663484947"/>
  <nd ref="663196255"/>
  <nd ref="428831245"/>
  <nd ref="2189595230"/>
  <nd ref="428831244"/>
  <nd ref="12009414946"/>
  <nd ref="246472351"/>
  <nd ref="663592923"/>
  <nd ref="3701773008"/>
  <nd ref="246472352"/>
  <nd ref="663596553"/>
  <nd ref="246472354"/>
  <nd ref="663592927"/>
  <nd ref="663592931"/>
  <nd ref="11005925786"/>
  <nd ref="663592932"/>
  <nd ref="9033255821"/>
  <nd ref="663194672"/>
  <nd ref="4562270116"/>
  <nd ref="3676120325"/>
  <nd ref="9162183598"/>
  <nd ref="12076308889"/>
  <nd ref="4562270123"/>
  <nd ref="4562270122"/>
  <nd ref="665065764"/>
  <nd ref="665065762"/>
  <nd ref="663941160"/>
  <nd ref="4562270121"/>
  <nd ref="4562270120"/>
  <nd ref="12985433645"/>
  <nd ref="4562270119"/>
  <nd ref="13459508968"/>
  <nd ref="13459508928"/>
  <nd ref="663931665"/>
  <nd ref="663931664"/>
  <nd ref="663551475"/>
  <nd ref="663195623"/>
  <nd ref="663551477"/>
  <nd ref="663551460"/>
  <nd ref="663551463"/>
  <nd ref="663558099"/>
  <nd ref="663551415"/>
  <nd ref="663551417"/>
  <nd ref="663551419"/>
  <nd ref="663551421"/>
  <nd ref="663551410"/>
  <nd ref="3307263065"/>
  <nd ref="663551413"/>
  <nd ref="663592924"/>
  <nd ref="663309985"/>
  <nd ref="3307263064"/>
  <nd ref="663309979"/>
  <nd ref="663309955"/>
  <nd ref="3730964473"/>
  <nd ref="3730964462"/>
  <nd ref="3730964438"/>
  <nd ref="3730964436"/>
  <nd ref="3730964458"/>
  <nd ref="3730964464"/>
  <nd ref="246472360"/>
  <nd ref="3676355560"/>
  <nd ref="246472362"/>
  <nd ref="3943327581"/>
  <nd ref="3943327580"/>
  <nd ref="13459508936"/>
  <nd ref="3943327579"/>
  <nd ref="2189683203"/>
  <nd ref="3943327574"/>
  <nd ref="3943327572"/>
  <nd ref="3943327570"/>
  <nd ref="428421112"/>
  <nd ref="12712748549"/>
  <nd ref="663941092"/>
  <nd ref="10833881136"/>
  <nd ref="10833881137"/>
  <nd ref="663941091"/>
  <nd ref="3755954095"/>
  <nd ref="3755954092"/>
  <nd ref="663941089"/>
  <nd ref="663941090"/>
  <nd ref="246472363"/>
  <nd ref="2189683167"/>
  <nd ref="12179846005"/>
  <nd ref="2189683169"/>
  <nd ref="3943325846"/>
  <nd ref="246472345"/>
  <nd ref="10279677022"/>
  <nd ref="9870744990"/>
  <nd ref="663317784"/>
  <nd ref="246472346"/>
  <nd ref="246472364"/>
  <nd ref="663484906"/>
  <nd ref="3701772973"/>
  <nd ref="3701772986"/>
  <nd ref="246472347"/>
  <nd ref="3701772981"/>
  <nd ref="246472349"/>
  <tag k="dog" v="leashed"/>
  <tag k="historic:name" v="Meade's Park"/>
  <tag k="leisure" v="park"/>
  <tag k="name" v="Cubbon Park"/>
  <tag k="name:etymology:wikidata" v="Q6767214"/>
  <tag k="name:hi" v="कब्बन पार्क"/>
  <tag k="name:kn" v="ಕಬ್ಬನ್ ಉದ್ಯಾನ"/>
  <tag k="name:ml" v="കബ്ബൺ പാർക്ക്"/>
  <tag k="name:te" v="కబ్బన్ పార్క్"/>
  <tag k="official_name" v="Sri Chamarajendra Park"/>
  <tag k="official_name:kn" v="ಶ್ರೀ ಚಾಮರಾಜೇಂದ್ರ ಉದ್ಯಾನ"/>
  <tag k="pets" v="yes"/>
  <tag k="start_date" v="1864"/>
  <tag k="website" v="https://cubbonpark.in/"/>
  <tag k="wikidata" v="Q3633776"/>
  <tag k="wikimedia_commons" v="Category:Cubbon Park"/>
  <tag k="wikipedia" v="en:Cubbon Park"/>
 </way>
 <way id="23029710" visible="true" version="32" changeset="162150073" timestamp="2025-02-05T04:42:45Z" user="rajanik" uid="18812448">
  <nd ref="248459840"/>
  <nd ref="11297929245"/>
  <nd ref="10595455534"/>
  <nd ref="10595455532"/>
  <nd ref="10991656257"/>
  <nd ref="1232939392"/>
  <nd ref="10595455531"/>
  <nd ref="12558269351"/>
  <nd ref="10595455530"/>
  <nd ref="12119649248"/>
  <nd ref="10595455529"/>
  <nd ref="248459846"/>
  <nd ref="12462450433"/>
  <nd ref="10060517416"/>
  <nd ref="12119649257"/>
  <nd ref="12462450432"/>
  <nd ref="1557709050"/>
  <nd ref="10060517398"/>
  <nd ref="10595455527"/>
  <nd ref="11506245565"/>
  <tag k="bicycle" v="yes"/>
  <tag k="foot" v="designated"/>
  <tag k="highway" v="tertiary"/>
  <tag k="lanes" v="2"/>
  <tag k="lanes:backward" v="1"/>
  <tag k="lanes:forward" v="1"/>
  <tag k="name" v="Vittal Mallya Road"/>
  <tag k="name:etymology:wikidata" v="Q7937268"/>
  <tag k="name:kn" v="ವಿಠ್ಠಲ ಮಲ್ಯ ರಸ್ತೆ"/>
  <tag k="old_name" v="Grant Road"/>
  <tag k="oneway" v="yes"/>
  <tag k="smoothness" v="excellent"/>
  <tag k="surface" v="concrete"/>
 </way>
 <way id="26283603" visible="true" version="48" changeset="177282171" timestamp="2026-01-16T04:17:16Z" user="uknown-gryphus" uid="2425805">
  <nd ref="4058224855"/>
  <nd ref="3943327578"/>
  <tag k="highway" v="secondary"/>
  <tag k="lanes" v="2"/>
  <tag k="maxheight" v="5.7"/>
  <tag k="name" v="Kasturba Road"/>
  <tag k="name:etymology:wikidata" v="Q264908"/>
  <tag k="name:kn" v="ಕಸ್ತೂರ್ಬಾ ರಸ್ತೆ"/>
  <tag k="old_name" v="Sidney Road"/>
  <tag k="oneway" v="yes"/>
  <tag k="sidewalk" v="separate"/>
  <tag k="smoothness" v="excellent"/>
  <tag k="surface" v="asphalt"/>
 </way>
 <way id="36882311" visible="true" version="31" changeset="157910542" timestamp="2024-10-15T08:49:41Z" user="Vonter" uid="3926189">
  <nd ref="3943327573"/>
  <nd ref="4058224860"/>
  <nd ref="3943327574"/>
  <nd ref="3701772966"/>
  <nd ref="663599764"/>
  <nd ref="11133510086"/>
  <nd ref="2189657381"/>
  <nd ref="663599758"/>
  <nd ref="287794473"/>
  <nd ref="663313908"/>
  <nd ref="11854682514"/>
  <nd ref="456209065"/>
  <nd ref="286964496"/>
  <nd ref="428831267"/>
  <tag k="access" v="permissive"/>
  <tag k="bicycle" v="no"/>
  <tag k="bicycle:conditional" v="yes @ (Mo-Su 08:00-21:00)"/>
  <tag k="cycleway" v="no"/>
  <tag k="foot" v="yes"/>
  <tag k="highway" v="unclassified"/>
  <tag k="lanes" v="2"/>
  <tag k="maxspeed" v="25"/>
  <tag k="motor_vehicle:conditional" v="yes @ (Mo-Sa 08:00-21:00)"/>
  <tag k="note" v="Vehicular Traffic Allowed only between - 8AM to 9PM from Monday to Saturday. Sunday Vehicles not permitted."/>
  <tag k="oneway" v="yes"/>
  <tag k="sidewalk" v="both"/>
  <tag k="surface" v="asphalt"/>
 </way>
 <way id="36882313" visible="true" version="15" changeset="164277393" timestamp="2025-03-30T08:40:27Z" user="uknown-gryphus" uid="2425805">
  <nd ref="248459848"/>
  <nd ref="4058224827"/>
  <tag k="highway" v="secondary"/>
  <tag k="name" v="Kasturba Road"/>
  <tag k="name:etymology:wikidata" v="Q264908"/>
  <tag k="name:kn" v="ಕಸ್ತೂರ್ಬಾ ರಸ್ತೆ"/>
  <tag k="old_name" v="Sidney Road"/>
  <tag k="oneway" v="yes"/>
  <tag k="sidewalk" v="separate"/>
  <tag k="smoothness" v="excellent"/>
  <tag k="surface" v="asphalt"/>
 </way>
 <way id="36913434" visible="true" version="41" changeset="182031390" timestamp="2026-04-30T12:25:06Z" user="olasakeeb" uid="19294194">
  <nd ref="429303163"/>
  <nd ref="1232686148"/>
  <nd ref="6834406263"/>
  <nd ref="12438699393"/>
  <nd ref="13780598652"/>
  <nd ref="13780598661"/>
  <nd ref="12797816409"/>
  <nd ref="10117863522"/>
  <nd ref="12147816753"/>
  <nd ref="10991527881"/>
  <nd ref="429303170"/>
  <nd ref="13459537781"/>
  <nd ref="13459537783"/>
  <nd ref="663573138"/>
  <nd ref="10038561237"/>
  <nd ref="13763658367"/>
  <nd ref="13763658366"/>
  <nd ref="10038561231"/>
  <nd ref="10038561229"/>
  <nd ref="429303165"/>
  <nd ref="10290842816"/>
  <nd ref="10290842814"/>
  <nd ref="429303166"/>
  <tag k="check_date:lit" v="2023-10-12"/>
  <tag k="dual_carriageway" v="yes"/>
  <tag k="highway" v="secondary"/>
  <tag k="lanes" v="2"/>
  <tag k="lit" v="yes"/>
  <tag k="maxheight" v="5.7"/>
  <tag k="maxspeed" v="30"/>
  <tag k="name" v="Kasturba Road"/>
  <tag k="name:etymology:wikidata" v="Q264908"/>
  <tag k="name:kn" v="ಕಸ್ತೂರ್ಬಾ ರಸ್ತೆ"/>
  <tag k="old_name" v="Sidney Road"/>
  <tag k="oneway" v="yes"/>
  <tag k="sidewalk" v="separate"/>
  <tag k="smoothness" v="excellent"/>
  <tag k="surface" v="asphalt"/>
 </way>
 <way id="38773290" visible="true" version="18" changeset="179435739" timestamp="2026-03-06T09:44:27Z" user="wheelmap_visitor" uid="290680">
  <nd ref="459815988"/>
  <nd ref="663573132"/>
  <nd ref="11425338204"/>
  <nd ref="3384460219"/>
  <nd ref="9796460459"/>
  <nd ref="459815990"/>
  <nd ref="10290817606"/>
  <nd ref="459815991"/>
  <nd ref="10290817608"/>
  <nd ref="459815992"/>
  <nd ref="2189718252"/>
  <nd ref="13459537779"/>
  <nd ref="10298007194"/>
  <nd ref="10290842819"/>
  <nd ref="10290842818"/>
  <nd ref="13459508980"/>
  <nd ref="13459508981"/>
  <nd ref="1232939382"/>
  <nd ref="13459537702"/>
  <nd ref="3384460248"/>
  <nd ref="1232939416"/>
  <nd ref="1232939458"/>
  <nd ref="459815988"/>
  <tag k="addr:city" v="Bangalore"/>
  <tag k="addr:housenumber" v="24"/>
  <tag k="addr:postcode" v="560001"/>
  <tag k="addr:street" v="Vittal Mallya Road"/>
  <tag k="landuse" v="commercial"/>
  <tag k="name" v="UB City"/>
  <tag k="shop" v="mall"/>
  <tag k="wheelchair" v="limited"/>
  <tag k="wikidata" v="Q3595524"/>
  <tag k="wikimedia_commons" v="Category:UB City"/>
  <tag k="wikipedia" v="en:UB City"/>
 </way>
 <way id="52060140" visible="true" version="4" changeset="160754584" timestamp="2024-12-29T15:11:52Z" user="Vonter" uid="3926189">
  <nd ref="663568568"/>
  <nd ref="663568570"/>
  <nd ref="663568569"/>
  <nd ref="663568571"/>
  <nd ref="11425338120"/>
  <nd ref="11425338119"/>
  <nd ref="663568568"/>
  <tag k="building" v="commercial"/>
  <tag k="building:levels" v="11"/>
 </way>
 <way id="52060141" visible="true" version="3" changeset="163679309" timestamp="2025-03-16T09:13:15Z" user="uknown-gryphus" uid="2425805">
  <nd ref="663573129"/>
  <nd ref="663568589"/>
  <nd ref="663568577"/>
  <nd ref="663568578"/>
  <nd ref="663573129"/>
  <tag k="addr:city" v="Bangalore"/>
  <tag k="addr:housename" v="HDFC House"/>
  <tag k="addr:housenumber" v="24/3, 51"/>
  <tag k="addr:postcode" v="560001"/>
  <tag k="addr:street" v="Kasturba Road"/>
  <tag k="amenity" v="bank"/>
  <tag k="atm" v="yes"/>
  <tag k="branch" v="Ltd"/>
  <tag k="brand" v="HDFC Bank"/>
  <tag k="brand:wikidata" v="Q631047"/>
  <tag k="building" v="office"/>
  <tag k="building:levels" v="5"/>
  <tag k="building:material" v="granite"/>
  <tag k="name" v="HDFC Bank"/>
  <tag k="name:kn" v="ಎಚ್ ಡಿ ಎಫ್ ಸಿ"/>
  <tag k="short_name" v="HDFC"/>
  <tag k="source" v="www.hdfcbank.com"/>
 </way>
 <way id="52060142" visible="true" version="2" changeset="123123549" timestamp="2022-07-02T15:09:12Z" user="user_14062769" uid="14062769">
  <nd ref="663568579"/>
  <nd ref="663568581"/>
  <nd ref="663568582"/>
  <nd ref="663568580"/>
  <nd ref="663568579"/>
  <tag k="building" v="temple"/>
 </way>
 <way id="52063804" visible="true" version="8" changeset="163715896" timestamp="2025-03-17T05:49:25Z" user="uknown-gryphus" uid="2425805">
  <nd ref="12672242885"/>
  <nd ref="665065735"/>
  <nd ref="11799171254"/>
  <nd ref="663599744"/>
  <nd ref="11799171249"/>
  <nd ref="663599742"/>
  <nd ref="3701772956"/>
  <nd ref="663599762"/>
  <nd ref="3701772965"/>
  <nd ref="663599767"/>
  <nd ref="663599764"/>
  <nd ref="12462431286"/>
  <nd ref="12462431263"/>
  <nd ref="663599771"/>
  <nd ref="12462431260"/>
  <nd ref="3448365054"/>
  <nd ref="3448365058"/>
  <tag k="highway" v="footway"/>
  <tag k="surface" v="paving_stones"/>
 </way>
 <way id="52063806" visible="true" version="2" changeset="111371253" timestamp="2021-09-18T11:17:37Z" user="Vonter" uid="3926189">
  <nd ref="663599766"/>
  <nd ref="9103464455"/>
  <nd ref="663599767"/>
  <tag k="highway" v="footway"/>
 </way>
 <way id="52245042" visible="true" version="9" changeset="182566030" timestamp="2026-05-12T17:11:01Z" user="Vonter" uid="3926189">
  <nd ref="11425324457"/>
  <nd ref="12722551247"/>
  <nd ref="665065742"/>
  <nd ref="2189683195"/>
  <nd ref="10086861534"/>
  <nd ref="10086861539"/>
  <nd ref="2189683198"/>
  <nd ref="10086861531"/>
  <nd ref="10086861533"/>
  <nd ref="459815982"/>
  <nd ref="10086861540"/>
  <nd ref="13821898885"/>
  <nd ref="12722551252"/>
  <nd ref="12722551251"/>
  <nd ref="11425324457"/>
  <tag k="landuse" v="commercial"/>
 </way>
 <way id="107240640" visible="true" version="9" changeset="177282171" timestamp="2026-01-16T04:17:16Z" user="uknown-gryphus" uid="2425805">
  <nd ref="1232939382"/>
  <nd ref="1232939387"/>
  <nd ref="11342928944"/>
  <nd ref="2189683201"/>
  <nd ref="13459508982"/>
  <nd ref="1232939467"/>
  <nd ref="459815988"/>
  <nd ref="1232939458"/>
  <nd ref="1232939416"/>
  <nd ref="3384460248"/>
  <nd ref="13459537702"/>
  <nd ref="1232939382"/>
  <tag k="air_conditioning" v="yes"/>
  <tag k="brand" v="JW Marriott"/>
  <tag k="brand:wikidata" v="Q1067636"/>
  <tag k="landuse" v="commercial"/>
  <tag k="name" v="JW Marriott"/>
  <tag k="tourism" v="hotel"/>
 </way>
 <way id="107240643" visible="true" version="14" changeset="182566030" timestamp="2026-05-12T17:11:01Z" user="Vonter" uid="3926189">
  <nd ref="1232939482"/>
  <nd ref="1232939464"/>
  <nd ref="13821904920"/>
  <nd ref="13821904919"/>
  <nd ref="3474511230"/>
  <nd ref="3766731036"/>
  <nd ref="3474511232"/>
  <nd ref="3474511234"/>
  <nd ref="13821904918"/>
  <nd ref="3474511236"/>
  <nd ref="3766731037"/>
  <nd ref="13821904917"/>
  <nd ref="1232939483"/>
  <nd ref="13821904916"/>
  <nd ref="13821904913"/>
  <nd ref="13821904915"/>
  <nd ref="13821904912"/>
  <nd ref="13821904914"/>
  <nd ref="13821904909"/>
  <nd ref="13821904911"/>
  <nd ref="13821904908"/>
  <nd ref="13821904910"/>
  <nd ref="4960830684"/>
  <nd ref="13821904907"/>
  <nd ref="13821904906"/>
  <nd ref="3765997160"/>
  <nd ref="4960830669"/>
  <nd ref="3765997159"/>
  <nd ref="13821904905"/>
  <nd ref="13821904904"/>
  <nd ref="3765997157"/>
  <nd ref="3765997158"/>
  <nd ref="1232939482"/>
  <tag k="air_conditioning" v="yes"/>
  <tag k="building" v="hotel"/>
  <tag k="building:colour" v="#ceb78b"/>
  <tag k="building:levels" v="19"/>
  <tag k="building:part" v="yes"/>
  <tag k="height" v="50"/>
 </way>
 <way id="142321526" visible="true" version="7" changeset="189574945" timestamp="2026-09-26T07:53:34Z" user="likhithaola" uid="22355701">
  <nd ref="1557709035"/>
  <nd ref="3384460249"/>
  <nd ref="3384460267"/>
  <nd ref="3384460242"/>
  <nd ref="3384460226"/>
  <nd ref="1557709046"/>
  <nd ref="3384460240"/>
  <nd ref="3384460263"/>
  <nd ref="10290842817"/>
  <tag k="access" v="permissive"/>
  <tag k="highway" v="service"/>
  <tag k="maxspeed" v="10"/>
  <tag k="oneway" v="no"/>
 </way>
 <way id="150785560" visible="true" version="8" changeset="177282171" timestamp="2026-01-16T04:17:16Z" user="uknown-gryphus" uid="2425805">
  <nd ref="429303166"/>
  <nd ref="1636623340"/>
  <nd ref="1636623269"/>
  <nd ref="1636623247"/>
  <nd ref="1636623242"/>
  <tag k="highway" v="secondary_link"/>
  <tag k="oneway" v="yes"/>
  <tag k="surface" v="asphalt"/>
 </way>
 <way id="154340361" visible="true" version="18" changeset="177087674" timestamp="2026-01-11T08:50:17Z" user="uknown-gryphus" uid="2425805">
  <nd ref="245615180"/>
  <nd ref="12759084951"/>
  <nd ref="12759084952"/>
  <nd ref="3943325840"/>
  <nd ref="11405428617"/>
  <nd ref="287793665"/>
  <nd ref="1611272361"/>
  <nd ref="663313897"/>
  <nd ref="428420786"/>
  <nd ref="7106320854"/>
  <nd ref="3943325826"/>
  <nd ref="6308519860"/>
  <nd ref="13447636730"/>
  <nd ref="9633893516"/>
  <nd ref="2760170981"/>
  <nd ref="2760171119"/>
  <nd ref="248459848"/>
  <tag k="highway" v="primary"/>
  <tag k="lanes" v="3"/>
  <tag k="name" v="Kasturba Road"/>
  <tag k="name:etymology:wikidata" v="Q264908"/>
  <tag k="name:kn" v="ಕಸ್ತೂರ್ಬಾ ರಸ್ತೆ"/>
  <tag k="old_name" v="Sidney Road"/>
  <tag k="oneway" v="yes"/>
  <tag k="sidewalk" v="separate"/>
  <tag k="smoothness" v="excellent"/>
  <tag k="surface" v="concrete"/>
 </way>
 <way id="208697530" visible="true" version="10" changeset="164277953" timestamp="2025-03-30T08:58:48Z" user="uknown-gryphus" uid="2425805">
  <nd ref="12712758437"/>
  <nd ref="12712758438"/>
  <nd ref="3701772943"/>
  <nd ref="12669651433"/>
  <nd ref="11799154693"/>
  <nd ref="3701772948"/>
  <nd ref="3701772951"/>
  <nd ref="12712748526"/>
  <nd ref="3701772947"/>
  <nd ref="3701772945"/>
  <nd ref="3701772946"/>
  <nd ref="12712748525"/>
  <nd ref="3701772961"/>
  <nd ref="3701772964"/>
  <nd ref="3701772966"/>
  <tag k="highway" v="footway"/>
  <tag k="surface" v="ground"/>
 </way>
 <way id="208697538" visible="true" version="18" changeset="189574945" timestamp="2026-09-26T07:53:34Z" user="likhithaola" uid="22355701">
  <nd ref="13459537727"/>
  <nd ref="13459537728"/>
  <nd ref="11342975218"/>
  <nd ref="11425338205"/>
  <nd ref="11342975216"/>
  <nd ref="11425338209"/>
  <nd ref="11342975211"/>
  <nd ref="11342975215"/>
  <nd ref="11342975214"/>
  <nd ref="11342975213"/>
  <nd ref="11342975187"/>
  <nd ref="11342975186"/>
  <nd ref="11342975185"/>
  <nd ref="13459537704"/>
  <nd ref="13459537703"/>
  <nd ref="11342975184"/>
  <nd ref="11342975182"/>
  <nd ref="11342975181"/>
  <nd ref="11342928945"/>
  <nd ref="13459508983"/>
  <nd ref="11342975180"/>
  <nd ref="4960830624"/>
  <nd ref="11425338162"/>
  <nd ref="11425338163"/>
  <nd ref="12462450428"/>
  <nd ref="11425338164"/>
  <nd ref="11425338165"/>
  <nd ref="11425338166"/>
  <nd ref="12119649251"/>
  <nd ref="14218998648"/>
  <nd ref="14218998647"/>
  <nd ref="11425338167"/>
  <nd ref="11425338168"/>
  <nd ref="11425338169"/>
  <nd ref="11425338170"/>
  <nd ref="11425338171"/>
  <nd ref="11425338175"/>
  <nd ref="12462450434"/>
  <nd ref="11425338172"/>
  <tag k="footway" v="sidewalk"/>
  <tag k="highway" v="footway"/>
  <tag k="lit" v="yes"/>
  <tag k="smoothness" v="good"/>
  <tag k="surface" v="paving_stones"/>
 </way>
 <way id="208697543" visible="true" version="14" changeset="182566030" timestamp="2026-05-12T17:11:01Z" user="Vonter" uid="3926189">
  <nd ref="11506245560"/>
  <nd ref="11506245561"/>
  <nd ref="11506245562"/>
  <nd ref="11506245563"/>
  <nd ref="12119649247"/>
  <nd ref="11425338159"/>
  <nd ref="11425338158"/>
  <nd ref="11425338157"/>
  <nd ref="12462450430"/>
  <nd ref="11425338154"/>
  <nd ref="11425338156"/>
  <nd ref="11425338152"/>
  <nd ref="11425338151"/>
  <nd ref="11425338145"/>
  <nd ref="11425338146"/>
  <nd ref="11425338147"/>
  <nd ref="11425338149"/>
  <nd ref="11425338150"/>
  <nd ref="11425324455"/>
  <tag k="footway" v="sidewalk"/>
  <tag k="highway" v="footway"/>
  <tag k="smoothness" v="good"/>
 </way>
 <way id="208701349" visible="true" version="5" changeset="177282171" timestamp="2026-01-16T04:17:16Z" user="uknown-gryphus" uid="2425805">
  <nd ref="663568588"/>
  <nd ref="10298007194"/>
  <nd ref="10290842819"/>
  <nd ref="10290842818"/>
  <nd ref="13459537701"/>
  <nd ref="663568588"/>
  <tag k="landuse" v="religious"/>
  <tag k="religion" v="hindu"/>
 </way>
 <way id="372060604" visible="true" version="6" changeset="187723987" timestamp="2026-08-20T06:10:19Z" user="NeisRevert" uid="22558401">
  <nd ref="3755954055"/>
  <nd ref="3755954057"/>
  <nd ref="3755954058"/>
  <nd ref="3755954067"/>
  <nd ref="3755954070"/>
  <nd ref="3755954078"/>
  <nd ref="3755954082"/>
  <nd ref="3755954087"/>
  <nd ref="3755954098"/>
  <nd ref="3755954107"/>
  <nd ref="3755954118"/>
  <nd ref="3755958828"/>
  <nd ref="3755958831"/>
  <nd ref="3755958834"/>
  <nd ref="3755958840"/>
  <nd ref="3755958842"/>
  <nd ref="3755958848"/>
  <nd ref="3755916499"/>
  <nd ref="3755916512"/>
  <nd ref="3755916514"/>
  <nd ref="3755916513"/>
  <nd ref="3755916497"/>
  <nd ref="3755958850"/>
  <nd ref="3755958841"/>
  <nd ref="3755958837"/>
  <nd ref="3755958835"/>
  <nd ref="3755958830"/>
  <nd ref="3755958829"/>
  <nd ref="3755958827"/>
  <nd ref="3755958825"/>
  <nd ref="3755954123"/>
  <nd ref="3755954120"/>
  <nd ref="3755954122"/>
  <nd ref="3755954119"/>
  <nd ref="3755954113"/>
  <nd ref="3755954110"/>
  <nd ref="3755954109"/>
  <nd ref="3755954105"/>
  <nd ref="3755954102"/>
  <nd ref="10129602798"/>
  <nd ref="10129602799"/>
  <nd ref="3755954090"/>
  <nd ref="663941091"/>
  <nd ref="3755954095"/>
  <nd ref="3755954092"/>
  <nd ref="663941089"/>
  <nd ref="3755954083"/>
  <nd ref="3755954080"/>
  <nd ref="3755954076"/>
  <nd ref="3755954075"/>
  <nd ref="3755954072"/>
  <nd ref="3755954071"/>
  <nd ref="3755954069"/>
  <nd ref="3755954066"/>
  <nd ref="3755954063"/>
  <nd ref="3755954059"/>
  <nd ref="3755954056"/>
  <nd ref="3755954055"/>
  <tag k="leaf_cycle" v="deciduous"/>
  <tag k="leaf_type" v="broadleaved"/>
  <tag k="natural" v="wood"/>
 </way>
 <way id="372060960" visible="true" version="2" changeset="36546710" timestamp="2016-01-13T10:45:44Z" user="PlaneMad" uid="1306">
  <nd ref="3755963427"/>
  <nd ref="3755961223"/>
  <nd ref="3755961217"/>
  <nd ref="3755961211"/>
  <nd ref="3755961208"/>
  <nd ref="3755961204"/>
  <nd ref="3755961198"/>
  <nd ref="3755961195"/>
  <nd ref="3755961192"/>
  <nd ref="3755961196"/>
  <nd ref="3755961201"/>
  <nd ref="3755961206"/>
  <nd ref="3755961210"/>
  <nd ref="3755961212"/>
  <nd ref="3755961215"/>
  <nd ref="3755961218"/>
  <nd ref="3755961224"/>
  <nd ref="3755963425"/>
  <nd ref="3755961221"/>
  <nd ref="3755961219"/>
  <nd ref="3755961220"/>
  <nd ref="3755963426"/>
  <nd ref="3755963428"/>
  <nd ref="3755963427"/>
  <tag k="natural" v="wood"/>
 </way>
 <way id="372060961" visible="true" version="5" changeset="163738443" timestamp="2025-03-17T15:48:48Z" user="Vonter" uid="3926189">
  <nd ref="3755963434"/>
  <nd ref="3755963433"/>
  <nd ref="3755963432"/>
  <nd ref="3755963430"/>
  <nd ref="3755963429"/>
  <nd ref="3755961216"/>
  <nd ref="3755961213"/>
  <nd ref="3755961209"/>
  <nd ref="11133510083"/>
  <nd ref="3755961205"/>
  <nd ref="3755961199"/>
  <nd ref="3755961194"/>
  <nd ref="11133510082"/>
  <nd ref="3755961191"/>
  <nd ref="3755961193"/>
  <nd ref="3755961197"/>
  <nd ref="3755961203"/>
  <nd ref="3755961207"/>
  <nd ref="3755961214"/>
  <nd ref="3755961222"/>
  <nd ref="3755963431"/>
  <nd ref="11133510084"/>
  <nd ref="3755963436"/>
  <nd ref="3755963441"/>
  <nd ref="3755963444"/>
  <nd ref="3755963443"/>
  <nd ref="3755963437"/>
  <nd ref="3755963434"/>
  <tag k="barrier" v="fence"/>
  <tag k="name" v="Triangular Lawn"/>
  <tag k="natural" v="wood"/>
 </way>
 <way id="373431282" visible="true" version="4" changeset="166909092" timestamp="2025-05-29T08:51:50Z" user="Amolbagal" uid="18397086">
  <nd ref="3769013541"/>
  <nd ref="3685624502"/>
  <nd ref="12872744052"/>
  <nd ref="12872744050"/>
  <nd ref="3685624496"/>
  <nd ref="12872744048"/>
  <nd ref="3685624490"/>
  <nd ref="3685624486"/>
  <nd ref="3769013525"/>
  <nd ref="3769013530"/>
  <nd ref="3685624498"/>
  <nd ref="3769013534"/>
  <nd ref="3769013535"/>
  <nd ref="3769013545"/>
  <nd ref="3769013544"/>
  <nd ref="3685624509"/>
  <nd ref="3769013546"/>
  <nd ref="3769013542"/>
  <nd ref="3769013543"/>
  <nd ref="3769013541"/>
  <tag k="building" v="commercial"/>
  <tag k="building:levels" v="20"/>
  <tag k="building:material" v="glass"/>
  <tag k="building:part" v="yes"/>
  <tag k="height" v="60"/>
  <tag k="name" v="Concorde"/>
  <tag k="wikimedia_commons" v="File:Concorde Tower Bangalore.jpg"/>
 </way>
 <way id="373431286" visible="true" version="1" changeset="34391635" timestamp="2015-10-02T15:30:38Z" user="Chetan_Gowda" uid="2644101">
  <nd ref="3685624498"/>
  <nd ref="3769013534"/>
  <nd ref="3769013537"/>
  <nd ref="3769013530"/>
  <nd ref="3685624498"/>
  <tag k="building:part" v="yes"/>
  <tag k="height" v="45"/>
 </way>
 <way id="391160974" visible="true" version="10" changeset="163679594" timestamp="2025-03-16T09:21:45Z" user="uknown-gryphus" uid="2425805">
  <nd ref="4058224827"/>
  <nd ref="3943327569"/>
  <nd ref="3943327571"/>
  <nd ref="3943327573"/>
  <tag k="highway" v="secondary_link"/>
  <tag k="oneway" v="yes"/>
  <tag k="sidewalk" v="separate"/>
  <tag k="surface" v="asphalt"/>
 </way>
 <way id="391160978" visible="true" version="7" changeset="163679594" timestamp="2025-03-16T09:21:45Z" user="uknown-gryphus" uid="2425805">
  <nd ref="3943327577"/>
  <nd ref="3943327575"/>
  <nd ref="3943327576"/>
  <nd ref="4058224866"/>
  <nd ref="3943327578"/>
  <tag k="highway" v="secondary_link"/>
  <tag k="oneway" v="yes"/>
  <tag k="surface" v="asphalt"/>
 </way>
 <way id="391160989" visible="true" version="15" changeset="177282171" timestamp="2026-01-16T04:17:16Z" user="uknown-gryphus" uid="2425805">
  <nd ref="4058224495"/>
  <nd ref="13459508937"/>
  <nd ref="12462431261"/>
  <nd ref="4058224494"/>
  <nd ref="12462431262"/>
  <nd ref="12462431287"/>
  <nd ref="4058224860"/>
  <nd ref="4058224845"/>
  <nd ref="4058224835"/>
  <nd ref="11342975170"/>
  <nd ref="12712748538"/>
  <nd ref="12672290808"/>
  <nd ref="13447636734"/>
  <nd ref="6308519855"/>
  <nd ref="3943327557"/>
  <nd ref="3943325855"/>
  <nd ref="13450602812"/>
  <nd ref="3943325853"/>
  <tag k="footway" v="sidewalk"/>
  <tag k="highway" v="footway"/>
  <tag k="smoothness" v="good"/>
  <tag k="surface" v="paving_stones"/>
 </way>
 <way id="403473951" visible="true" version="3" changeset="177282171" timestamp="2026-01-16T04:17:16Z" user="uknown-gryphus" uid="2425805">
  <nd ref="4058224848"/>
  <nd ref="1636623269"/>
  <nd ref="13459508971"/>
  <tag k="crossing:markings" v="zebra"/>
  <tag k="footway" v="crossing"/>
  <tag k="highway" v="footway"/>
 </way>
 <way id="403473952" visible="true" version="6" changeset="187728217" timestamp="2026-08-20T08:00:02Z" user="alivapanda" uid="19505674">
  <nd ref="4058224805"/>
  <nd ref="4058224799"/>
  <tag k="highway" v="secondary"/>
  <tag k="name" v="Kasturba Road"/>
  <tag k="name:kn" v="ಕಸ್ತೂರ್ಬಾ ರಸ್ತೆ"/>
  <tag k="oneway" v="yes"/>
  <tag k="sidewalk" v="separate"/>
  <tag k="surface" v="asphalt"/>
 </way>
 <way id="403473957" visible="true" version="9" changeset="163679594" timestamp="2025-03-16T09:21:45Z" user="uknown-gryphus" uid="2425805">
  <nd ref="4058224813"/>
  <nd ref="4058224812"/>
  <nd ref="12119649244"/>
  <nd ref="4058224810"/>
  <nd ref="4058224801"/>
  <nd ref="4058224799"/>
  <tag k="highway" v="secondary_link"/>
  <tag k="old_name" v="Grant Road"/>
  <tag k="oneway" v="yes"/>
  <tag k="sidewalk" v="separate"/>
 </way>
 <way id="403473960" visible="true" version="3" changeset="155442207" timestamp="2024-08-19T05:16:10Z" user="uknown-gryphus" uid="2425805">
  <nd ref="4058224828"/>
  <nd ref="4058224811"/>
  <nd ref="12119649246"/>
  <nd ref="4058224817"/>
  <nd ref="4058224822"/>
  <nd ref="4058224833"/>
  <nd ref="4058224828"/>
  <tag k="barrier" v="kerb"/>
  <tag k="landuse" v="grass"/>
 </way>
 <way id="403473961" visible="true" version="2" changeset="143924001" timestamp="2023-11-12T08:14:22Z" user="uknown-gryphus" uid="2425805">
  <nd ref="4058224832"/>
  <nd ref="4058224834"/>
  <nd ref="4058224843"/>
  <nd ref="4058224846"/>
  <nd ref="4058224854"/>
  <nd ref="4058224851"/>
  <nd ref="11342975171"/>
  <nd ref="4058224832"/>
  <tag k="barrier" v="kerb"/>
  <tag k="landuse" v="grass"/>
 </way>
 <way id="403473963" visible="true" version="3" changeset="177282171" timestamp="2026-01-16T04:17:16Z" user="uknown-gryphus" uid="2425805">
  <nd ref="4058224840"/>
  <nd ref="13459508969"/>
  <nd ref="4058224848"/>
  <nd ref="4058224853"/>
  <nd ref="4058224842"/>
  <nd ref="4058224847"/>
  <nd ref="11342975175"/>
  <nd ref="4058224840"/>
  <tag k="barrier" v="kerb"/>
  <tag k="landuse" v="grass"/>
 </way>
 <way id="403473966" visible="true" version="2" changeset="143924001" timestamp="2023-11-12T08:14:22Z" user="uknown-gryphus" uid="2425805">
  <nd ref="4058224863"/>
  <nd ref="4058224859"/>
  <nd ref="4058224858"/>
  <nd ref="11342975172"/>
  <nd ref="4058224857"/>
  <nd ref="11342975176"/>
  <nd ref="4058224864"/>
  <nd ref="4058224861"/>
  <nd ref="4058224862"/>
  <nd ref="4058224863"/>
  <tag k="barrier" v="kerb"/>
  <tag k="landuse" v="grass"/>
 </way>
 <way id="403473968" visible="true" version="2" changeset="143924001" timestamp="2023-11-12T08:14:22Z" user="uknown-gryphus" uid="2425805">
  <nd ref="4058224806"/>
  <nd ref="4058224809"/>
  <nd ref="4058224807"/>
  <nd ref="4058224803"/>
  <nd ref="4058224814"/>
  <nd ref="4058224815"/>
  <nd ref="4058224806"/>
  <tag k="barrier" v="kerb"/>
  <tag k="landuse" v="grass"/>
 </way>
 <way id="486815239" visible="true" version="2" changeset="140167756" timestamp="2023-08-21T08:15:56Z" user="Vonter" uid="3926189">
  <nd ref="4793645539"/>
  <nd ref="4793645540"/>
  <nd ref="4793645541"/>
  <nd ref="4793645542"/>
  <nd ref="4793645543"/>
  <nd ref="4793645544"/>
  <nd ref="11133510087"/>
  <nd ref="4793645545"/>
  <nd ref="4793645546"/>
  <nd ref="4793645547"/>
  <nd ref="4793645548"/>
  <nd ref="4793645549"/>
  <nd ref="4793645550"/>
  <nd ref="4793645551"/>
  <nd ref="4793645552"/>
  <nd ref="4793645553"/>
  <nd ref="4793645554"/>
  <nd ref="4793645555"/>
  <nd ref="4793645556"/>
  <nd ref="4793645557"/>
  <nd ref="4793645558"/>
  <nd ref="4793645559"/>
  <nd ref="4793645560"/>
  <nd ref="4793645561"/>
  <nd ref="4793645562"/>
  <nd ref="4793645563"/>
  <nd ref="4793645564"/>
  <nd ref="4793645565"/>
  <nd ref="4793645566"/>
  <nd ref="4793645539"/>
  <tag k="highway" v="footway"/>
 </way>
 <way id="506310559" visible="true" version="6" changeset="189574945" timestamp="2026-09-26T07:53:34Z" user="likhithaola" uid="22355701">
  <nd ref="4960830688"/>
  <nd ref="4960830682"/>
  <nd ref="4960830670"/>
  <nd ref="11078621095"/>
  <tag k="access" v="permissive"/>
  <tag k="highway" v="service"/>
  <tag k="oneway" v="yes"/>
 </way>
 <way id="506310568" visible="true" version="8" changeset="182566030" timestamp="2026-05-12T17:11:01Z" user="Vonter" uid="3926189">
  <nd ref="10060517398"/>
  <nd ref="12558269344"/>
  <nd ref="11425338162"/>
  <nd ref="4960826810"/>
  <nd ref="13821904895"/>
  <nd ref="4960830676"/>
  <nd ref="4960830624"/>
  <nd ref="4960826818"/>
  <tag k="access" v="private"/>
  <tag k="highway" v="service"/>
  <tag k="oneway" v="yes"/>
 </way>
 <way id="506310569" visible="true" version="7" changeset="189574945" timestamp="2026-09-26T07:53:34Z" user="likhithaola" uid="22355701">
  <nd ref="4960830677"/>
  <nd ref="11524819542"/>
  <nd ref="11524819543"/>
  <nd ref="4960830688"/>
  <tag k="access" v="permissive"/>
  <tag k="bridge" v="viaduct"/>
  <tag k="highway" v="service"/>
  <tag k="layer" v="1"/>
  <tag k="oneway" v="yes"/>
 </way>
 <way id="506310570" visible="true" version="1" changeset="50164424" timestamp="2017-07-10T01:57:19Z" user="docaneesh" uid="492742">
  <nd ref="4960830642"/>
  <nd ref="4960830628"/>
  <nd ref="4960830686"/>
  <nd ref="4960830690"/>
  <nd ref="4960830666"/>
  <nd ref="4960830660"/>
  <nd ref="4960830630"/>
  <nd ref="4960830627"/>
  <nd ref="4960830683"/>
  <nd ref="4960830651"/>
  <nd ref="4960830681"/>
  <nd ref="4960830658"/>
  <nd ref="4960830689"/>
  <nd ref="4960830654"/>
  <nd ref="4960826813"/>
  <nd ref="4960826807"/>
  <nd ref="4960826816"/>
  <nd ref="4960830633"/>
  <nd ref="4960830642"/>
  <tag k="aeroway" v="helipad"/>
 </way>
 <way id="506310954" visible="true" version="2" changeset="182566030" timestamp="2026-05-12T17:11:01Z" user="Vonter" uid="3926189">
  <nd ref="4960836237"/>
  <nd ref="4960836236"/>
  <nd ref="4960836234"/>
  <nd ref="4960836235"/>
  <nd ref="4960836237"/>
  <tag k="access" v="customers"/>
  <tag k="covered" v="no"/>
  <tag k="leisure" v="swimming_pool"/>
  <tag k="sport" v="swimming"/>
 </way>
 <way id="508197007" visible="true" version="10" changeset="155824291" timestamp="2024-08-27T10:35:31Z" user="chandrashekaru" uid="19582889">
  <nd ref="677286832"/>
  <nd ref="10839554329"/>
  <nd ref="1592805778"/>
  <nd ref="663599771"/>
  <nd ref="3943327579"/>
  <nd ref="4058224494"/>
  <nd ref="3943327577"/>
  <tag k="access" v="permissive"/>
  <tag k="bicycle" v="no"/>
  <tag k="bicycle:conditional" v="yes @ (Mo-Su 08:00-21:00)"/>
  <tag k="cycleway" v="no"/>
  <tag k="foot" v="yes"/>
  <tag k="highway" v="unclassified"/>
  <tag k="maxspeed" v="25"/>
  <tag k="motor_vehicle:conditional" v="yes @ (Mo-Sa 08:00-21:00)"/>
  <tag k="note" v="Vehicular Traffic Allowed only between - 8AM to 9PM from Monday to Saturday. Sunday Vehicles not permitted."/>
  <tag k="oneway" v="yes"/>
  <tag k="sidewalk" v="both"/>
  <tag k="sidewalk:both:kerb" v="raised"/>
  <tag k="surface" v="asphalt"/>
 </way>
 <way id="553253479" visible="true" version="5" changeset="145208901" timestamp="2023-12-17T10:11:58Z" user="uknown-gryphus" uid="2425805">
  <nd ref="5340711535"/>
  <nd ref="4960826818"/>
  <tag k="bicycle" v="yes"/>
  <tag k="foot" v="designated"/>
  <tag k="highway" v="tertiary"/>
  <tag k="name" v="Vittal Mallya Road"/>
  <tag k="name:etymology:wikidata" v="Q7937268"/>
  <tag k="name:kn" v="ಲಾವೆಲ್ ರಸ್ತೆ"/>
  <tag k="old_name" v="Grant Road"/>
  <tag k="oneway" v="yes"/>
  <tag k="surface" v="concrete"/>
 </way>
 <way id="553253480" visible="true" version="10" changeset="178958733" timestamp="2026-02-23T19:30:47Z" user="indigomc" uid="136860">
  <nd ref="4058224852"/>
  <nd ref="12718254341"/>
  <nd ref="10783592397"/>
  <nd ref="1636623242"/>
  <tag k="bicycle" v="yes"/>
  <tag k="foot" v="designated"/>
  <tag k="highway" v="tertiary"/>
  <tag k="name" v="Vittal Mallya Road"/>
  <tag k="name:etymology:wikidata" v="Q7937268"/>
  <tag k="name:kn" v="ವಿಠ್ಠಲ ಮಲ್ಯ ರಸ್ತೆ"/>
  <tag k="old_name" v="Grant Road"/>
  <tag k="oneway" v="yes"/>
  <tag k="surface" v="concrete"/>
 </way>
 <way id="700036810" visible="true" version="6" changeset="189574945" timestamp="2026-09-26T07:53:34Z" user="likhithaola" uid="22355701">
  <nd ref="1557709046"/>
  <nd ref="6573902928"/>
  <nd ref="6573902927"/>
  <nd ref="6573902926"/>
  <nd ref="6573902925"/>
  <nd ref="6573902924"/>
  <nd ref="6573902923"/>
  <nd ref="6573902922"/>
  <nd ref="6573902921"/>
  <nd ref="6573902920"/>
  <nd ref="6573902919"/>
  <nd ref="6573902918"/>
  <nd ref="6573902917"/>
  <tag k="access" v="permissive"/>
  <tag k="highway" v="service"/>
 </way>
 <way id="760700376" visible="true" version="5" changeset="148668879" timestamp="2024-03-15T03:19:47Z" user="uknown-gryphus" uid="2425805">
  <nd ref="248459848"/>
  <nd ref="428420880"/>
  <nd ref="3943327566"/>
  <nd ref="428420881"/>
  <nd ref="10060517368"/>
  <nd ref="248459849"/>
  <tag k="highway" v="primary"/>
  <tag k="name" v="Kasturba Road"/>
  <tag k="name:etymology:wikidata" v="Q264908"/>
  <tag k="name:kn" v="ಕಸ್ತೂರ್ಬಾ ರಸ್ತೆ"/>
  <tag k="old_name" v="Sidney Road"/>
  <tag k="oneway" v="yes"/>
  <tag k="sidewalk" v="separate"/>
  <tag k="surface" v="asphalt"/>
 </way>
 <way id="1096187529" visible="true" version="5" changeset="177282171" timestamp="2026-01-16T04:17:16Z" user="uknown-gryphus" uid="2425805">
  <nd ref="10038561229"/>
  <nd ref="13459537706"/>
  <nd ref="11342975213"/>
  <nd ref="13459508979"/>
  <nd ref="10038561234"/>
  <nd ref="10038561230"/>
  <tag k="access" v="permissive"/>
  <tag k="highway" v="service"/>
  <tag k="service" v="driveway"/>
 </way>
 <way id="1096187531" visible="true" version="3" changeset="130744877" timestamp="2023-01-01T11:48:06Z" user="Vonter" uid="3926189">
  <nd ref="10038561234"/>
  <nd ref="10038561232"/>
  <tag k="access" v="permissive"/>
  <tag k="highway" v="service"/>
  <tag k="service" v="driveway"/>
 </way>
 <way id="1098770440" visible="true" version="6" changeset="155442207" timestamp="2024-08-19T05:16:10Z" user="uknown-gryphus" uid="2425805">
  <nd ref="11425338147"/>
  <nd ref="11425338148"/>
  <nd ref="10086861535"/>
  <nd ref="12119647583"/>
  <nd ref="10060517396"/>
  <tag k="access" v="private"/>
  <tag k="highway" v="footway"/>
 </way>
 <way id="1102326210" visible="true" version="4" changeset="145208901" timestamp="2023-12-17T10:11:58Z" user="uknown-gryphus" uid="2425805">
  <nd ref="5340711536"/>
  <nd ref="11425338151"/>
  <nd ref="10086861531"/>
  <nd ref="10086861537"/>
  <nd ref="10086861533"/>
  <nd ref="11425338152"/>
  <nd ref="10595455526"/>
  <tag k="access" v="private"/>
  <tag k="highway" v="service"/>
 </way>
 <way id="1102326211" visible="true" version="2" changeset="138060031" timestamp="2023-07-03T11:19:32Z" user="rajanik" uid="18812448">
  <nd ref="10086861537"/>
  <nd ref="10086861536"/>
  <nd ref="10086861535"/>
  <tag k="access" v="private"/>
  <tag k="highway" v="footway"/>
 </way>
 <way id="1102326212" visible="true" version="3" changeset="145208901" timestamp="2023-12-17T10:11:58Z" user="uknown-gryphus" uid="2425805">
  <nd ref="10060517396"/>
  <nd ref="11425338069"/>
  <nd ref="10086861538"/>
  <nd ref="11022221095"/>
  <nd ref="10086861537"/>
  <tag k="access" v="private"/>
  <tag k="highway" v="service"/>
 </way>
 <way id="1109911786" visible="true" version="8" changeset="160776755" timestamp="2024-12-30T05:40:21Z" user="uknown-gryphus" uid="2425805">
  <nd ref="10595455538"/>
  <nd ref="11342975174"/>
  <nd ref="3943327573"/>
  <tag k="access" v="permissive"/>
  <tag k="bicycle" v="yes"/>
  <tag k="cycleway" v="no"/>
  <tag k="foot" v="yes"/>
  <tag k="highway" v="unclassified"/>
  <tag k="lanes" v="2"/>
  <tag k="maxspeed" v="25"/>
  <tag k="motor_vehicle:conditional" v="yes @ (Mo-Sa 08:00-21:00)"/>
  <tag k="note" v="Vehicular Traffic Allowed only between - 8AM to 9PM from Monday to Saturday. Sunday Vehicles not permitted."/>
  <tag k="oneway" v="yes"/>
  <tag k="sidewalk" v="both"/>
  <tag k="surface" v="asphalt"/>
 </way>
 <way id="1109911787" visible="true" version="9" changeset="160776755" timestamp="2024-12-30T05:40:21Z" user="uknown-gryphus" uid="2425805">
  <nd ref="3943327577"/>
  <nd ref="10783592398"/>
  <nd ref="11342975173"/>
  <nd ref="246397920"/>
  <tag k="access" v="permissive"/>
  <tag k="bicycle" v="yes"/>
  <tag k="cycleway" v="no"/>
  <tag k="foot" v="yes"/>
  <tag k="highway" v="unclassified"/>
  <tag k="maxspeed" v="25"/>
  <tag k="motor_vehicle:conditional" v="yes @ (Mo-Sa 08:00-21:00)"/>
  <tag k="note" v="Vehicular Traffic Allowed only between - 8AM to 9PM from Monday to Saturday. Sunday Vehicles not permitted."/>
  <tag k="oneway" v="yes"/>
  <tag k="sidewalk" v="both"/>
  <tag k="sidewalk:both:kerb" v="raised"/>
  <tag k="surface" v="asphalt"/>
 </way>
 <way id="1109911788" visible="true" version="3" changeset="163679594" timestamp="2025-03-16T09:21:45Z" user="uknown-gryphus" uid="2425805">
  <nd ref="246397920"/>
  <nd ref="4058224855"/>
  <tag k="highway" v="secondary"/>
  <tag k="lanes" v="2"/>
  <tag k="maxheight" v="5.7"/>
  <tag k="name" v="Kasturba Road"/>
  <tag k="name:etymology:wikidata" v="Q264908"/>
  <tag k="name:kn" v="ಕಸ್ತೂರ್ಬಾ ರಸ್ತೆ"/>
  <tag k="old_name" v="Sidney Road"/>
  <tag k="oneway" v="yes"/>
  <tag k="sidewalk" v="separate"/>
  <tag k="smoothness" v="excellent"/>
  <tag k="surface" v="asphalt"/>
 </way>
 <way id="1109911790" visible="true" version="6" changeset="163679594" timestamp="2025-03-16T09:21:45Z" user="uknown-gryphus" uid="2425805">
  <nd ref="4058224852"/>
  <nd ref="4058224836"/>
  <tag k="highway" v="secondary"/>
  <tag k="lanes" v="2"/>
  <tag k="maxheight" v="5.7"/>
  <tag k="name" v="Kasturba Road"/>
  <tag k="name:etymology:wikidata" v="Q264908"/>
  <tag k="name:kn" v="ಕಸ್ತೂರ್ಬಾ ರಸ್ತೆ"/>
  <tag k="old_name" v="Sidney Road"/>
  <tag k="oneway" v="yes"/>
  <tag k="sidewalk" v="separate"/>
  <tag k="smoothness" v="excellent"/>
  <tag k="surface" v="asphalt"/>
 </way>
 <way id="1109911791" visible="true" version="5" changeset="178958733" timestamp="2026-02-23T19:30:47Z" user="indigomc" uid="136860">
  <nd ref="246397920"/>
  <nd ref="4058224852"/>
  <tag k="bicycle" v="yes"/>
  <tag k="foot" v="designated"/>
  <tag k="highway" v="tertiary"/>
  <tag k="name" v="Vittal Mallya Road"/>
  <tag k="name:etymology:wikidata" v="Q7937268"/>
  <tag k="name:kn" v="ವಿಠ್ಠಲ ಮಲ್ಯ ರಸ್ತೆ"/>
  <tag k="old_name" v="Grant Road"/>
  <tag k="oneway" v="yes"/>
  <tag k="surface" v="concrete"/>
 </way>
 <way id="1109911794" visible="true" version="8" changeset="164277393" timestamp="2025-03-30T08:40:27Z" user="uknown-gryphus" uid="2425805">
  <nd ref="10783592399"/>
  <nd ref="10595455538"/>
  <tag k="highway" v="secondary"/>
  <tag k="name" v="Kasturba Road"/>
  <tag k="name:etymology:wikidata" v="Q264908"/>
  <tag k="name:kn" v="ಕಸ್ತೂರ್ಬಾ ರಸ್ತೆ"/>
  <tag k="old_name" v="Sidney Road"/>
  <tag k="oneway" v="yes"/>
  <tag k="sidewalk" v="separate"/>
  <tag k="smoothness" v="excellent"/>
  <tag k="surface" v="asphalt"/>
 </way>
 <way id="1109911795" visible="true" version="3" changeset="143924001" timestamp="2023-11-12T08:14:22Z" user="uknown-gryphus" uid="2425805">
  <nd ref="4058224835"/>
  <nd ref="3943327569"/>
  <nd ref="11342975171"/>
  <tag k="footway" v="crossing"/>
  <tag k="highway" v="footway"/>
 </way>
 <way id="1110191850" visible="true" version="6" changeset="163679594" timestamp="2025-03-16T09:21:45Z" user="uknown-gryphus" uid="2425805">
  <nd ref="429303166"/>
  <nd ref="11342975178"/>
  <nd ref="4058224850"/>
  <tag k="highway" v="secondary"/>
  <tag k="lanes" v="2"/>
  <tag k="maxheight" v="5.7"/>
  <tag k="name" v="Kasturba Road"/>
  <tag k="name:etymology:wikidata" v="Q264908"/>
  <tag k="name:kn" v="ಕಸ್ತೂರ್ಬಾ ರಸ್ತೆ"/>
  <tag k="old_name" v="Sidney Road"/>
  <tag k="oneway" v="yes"/>
  <tag k="sidewalk" v="separate"/>
  <tag k="smoothness" v="excellent"/>
  <tag k="surface" v="asphalt"/>
 </way>
 <way id="1125334911" visible="true" version="5" changeset="189574945" timestamp="2026-09-26T07:53:34Z" user="likhithaola" uid="22355701">
  <nd ref="10290842817"/>
  <nd ref="10290842813"/>
  <nd ref="13459508981"/>
  <nd ref="14218998642"/>
  <nd ref="11342975185"/>
  <nd ref="13459508998"/>
  <nd ref="10290842814"/>
  <tag k="access" v="permissive"/>
  <tag k="highway" v="service"/>
  <tag k="oneway" v="yes"/>
 </way>
 <way id="1125334912" visible="true" version="5" changeset="189574945" timestamp="2026-09-26T07:53:34Z" user="likhithaola" uid="22355701">
  <nd ref="10290842816"/>
  <nd ref="13459508999"/>
  <nd ref="11342975186"/>
  <nd ref="14218998641"/>
  <nd ref="13459508980"/>
  <nd ref="10290842815"/>
  <nd ref="10290842817"/>
  <tag k="access" v="permissive"/>
  <tag k="highway" v="service"/>
  <tag k="oneway" v="yes"/>
 </way>
 <way id="1126169749" visible="true" version="2" changeset="177282171" timestamp="2026-01-16T04:17:16Z" user="uknown-gryphus" uid="2425805">
  <nd ref="10298007194"/>
  <nd ref="663568588"/>
  <nd ref="13459508979"/>
  <nd ref="13459508978"/>
  <nd ref="2189718277"/>
  <nd ref="2189718252"/>
  <nd ref="13459537779"/>
  <nd ref="10298007194"/>
  <tag k="landuse" v="commercial"/>
 </way>
 <way id="1148155462" visible="true" version="5" changeset="178958733" timestamp="2026-02-23T19:30:47Z" user="indigomc" uid="136860">
  <nd ref="4058224836"/>
  <nd ref="10595455538"/>
  <tag k="bicycle" v="yes"/>
  <tag k="foot" v="designated"/>
  <tag k="highway" v="tertiary"/>
  <tag k="name" v="Vittal Mallya Road"/>
  <tag k="name:etymology:wikidata" v="Q7937268"/>
  <tag k="name:kn" v="ವಿಠ್ಠಲ ಮಲ್ಯ ರಸ್ತೆ"/>
  <tag k="old_name" v="Grant Road"/>
  <tag k="oneway" v="yes"/>
  <tag k="surface" v="concrete"/>
 </way>
 <way id="1148155463" visible="true" version="5" changeset="163679594" timestamp="2025-03-16T09:21:45Z" user="uknown-gryphus" uid="2425805">
  <nd ref="4058224836"/>
  <nd ref="4058224820"/>
  <nd ref="4058224805"/>
  <tag k="highway" v="secondary"/>
  <tag k="lanes" v="2"/>
  <tag k="maxheight" v="5.7"/>
  <tag k="name" v="Kasturba Road"/>
  <tag k="name:etymology:wikidata" v="Q264908"/>
  <tag k="name:kn" v="ಕಸ್ತೂರ್ಬಾ ರಸ್ತೆ"/>
  <tag k="old_name" v="Sidney Road"/>
  <tag k="oneway" v="yes"/>
  <tag k="sidewalk" v="separate"/>
  <tag k="smoothness" v="excellent"/>
  <tag k="surface" v="asphalt"/>
 </way>
 <way id="1148155464" visible="true" version="1" changeset="132824802" timestamp="2023-02-21T08:59:20Z" user="Pooja Koul" uid="16283053">
  <nd ref="1636623242"/>
  <nd ref="5340711535"/>
  <tag k="bicycle" v="yes"/>
  <tag k="foot" v="designated"/>
  <tag k="highway" v="tertiary"/>
  <tag k="name" v="Vittal Mallya Road"/>
  <tag k="name:etymology:wikidata" v="Q7937268"/>
  <tag k="name:kn" v="ಲಾವೆಲ್ ರಸ್ತೆ"/>
  <tag k="old_name" v="Grant Road"/>
  <tag k="oneway" v="yes"/>
  <tag k="surface" v="concrete"/>
 </way>
 <way id="1148155465" visible="true" version="4" changeset="164277393" timestamp="2025-03-30T08:40:27Z" user="uknown-gryphus" uid="2425805">
  <nd ref="10595455538"/>
  <nd ref="246397920"/>
  <tag k="highway" v="secondary"/>
  <tag k="name" v="Kasturba Road"/>
  <tag k="name:etymology:wikidata" v="Q264908"/>
  <tag k="name:kn" v="ಕಸ್ತೂರ್ಬಾ ರಸ್ತೆ"/>
  <tag k="old_name" v="Sidney Road"/>
  <tag k="oneway" v="yes"/>
  <tag k="sidewalk" v="separate"/>
  <tag k="smoothness" v="excellent"/>
  <tag k="surface" v="asphalt"/>
 </way>
 <way id="1148155466" visible="true" version="5" changeset="148668879" timestamp="2024-03-15T03:19:47Z" user="uknown-gryphus" uid="2425805">
  <nd ref="4058224813"/>
  <nd ref="4058224830"/>
  <nd ref="11732899888"/>
  <nd ref="4058224836"/>
  <tag k="bicycle" v="yes"/>
  <tag k="foot" v="designated"/>
  <tag k="highway" v="tertiary"/>
  <tag k="name" v="Vittal Mallya Road"/>
  <tag k="name:etymology:wikidata" v="Q7937268"/>
  <tag k="name:kn" v="ಲಾವೆಲ್ ರಸ್ತೆ"/>
  <tag k="old_name" v="Grant Road"/>
  <tag k="oneway" v="yes"/>
  <tag k="surface" v="concrete"/>
 </way>
 <way id="1200760840" visible="true" version="2" changeset="160776755" timestamp="2024-12-30T05:40:21Z" user="uknown-gryphus" uid="2425805">
  <nd ref="4793645566"/>
  <nd ref="11133510082"/>
  <nd ref="12462431285"/>
  <nd ref="11133510086"/>
  <tag k="highway" v="footway"/>
 </way>
 <way id="1205171800" visible="true" version="4" changeset="164277393" timestamp="2025-03-30T08:40:27Z" user="uknown-gryphus" uid="2425805">
  <nd ref="4058224827"/>
  <nd ref="12673415800"/>
  <nd ref="10783592399"/>
  <tag k="highway" v="secondary"/>
  <tag k="name" v="Kasturba Road"/>
  <tag k="name:etymology:wikidata" v="Q264908"/>
  <tag k="name:kn" v="ಕಸ್ತೂರ್ಬಾ ರಸ್ತೆ"/>
  <tag k="old_name" v="Sidney Road"/>
  <tag k="oneway" v="yes"/>
  <tag k="sidewalk" v="separate"/>
  <tag k="smoothness" v="excellent"/>
  <tag k="surface" v="asphalt"/>
 </way>
 <way id="1205171801" visible="true" version="4" changeset="163679594" timestamp="2025-03-16T09:21:45Z" user="uknown-gryphus" uid="2425805">
  <nd ref="4058224850"/>
  <nd ref="4058224852"/>
  <tag k="highway" v="secondary"/>
  <tag k="lanes" v="2"/>
  <tag k="maxheight" v="5.7"/>
  <tag k="name" v="Kasturba Road"/>
  <tag k="name:etymology:wikidata" v="Q264908"/>
  <tag k="name:kn" v="ಕಸ್ತೂರ್ಬಾ ರಸ್ತೆ"/>
  <tag k="old_name" v="Sidney Road"/>
  <tag k="oneway" v="yes"/>
  <tag k="sidewalk" v="separate"/>
  <tag k="smoothness" v="excellent"/>
  <tag k="surface" v="asphalt"/>
 </way>
 <way id="1205171802" visible="true" version="6" changeset="177282171" timestamp="2026-01-16T04:17:16Z" user="uknown-gryphus" uid="2425805">
  <nd ref="3943327578"/>
  <nd ref="2189683204"/>
  <nd ref="429303168"/>
  <nd ref="246397921"/>
  <nd ref="663573130"/>
  <nd ref="7794488274"/>
  <nd ref="7106320855"/>
  <nd ref="3343549645"/>
  <nd ref="663941093"/>
  <nd ref="10038561279"/>
  <nd ref="13459537782"/>
  <nd ref="3343549653"/>
  <nd ref="429303169"/>
  <nd ref="6758660948"/>
  <nd ref="3343549668"/>
  <nd ref="3343549679"/>
  <nd ref="7106320856"/>
  <nd ref="12147816737"/>
  <tag k="dual_carriageway" v="yes"/>
  <tag k="highway" v="secondary"/>
  <tag k="lanes" v="2"/>
  <tag k="lit" v="yes"/>
  <tag k="maxheight" v="5.7"/>
  <tag k="name" v="Kasturba Road"/>
  <tag k="name:etymology:wikidata" v="Q264908"/>
  <tag k="name:kn" v="ಕಸ್ತೂರ್ಬಾ ರಸ್ತೆ"/>
  <tag k="old_name" v="Sidney Road"/>
  <tag k="oneway" v="yes"/>
  <tag k="sidewalk" v="separate"/>
  <tag k="smoothness" v="excellent"/>
  <tag k="surface" v="asphalt"/>
 </way>
 <way id="1222902235" visible="true" version="1" changeset="143924001" timestamp="2023-11-12T08:14:22Z" user="uknown-gryphus" uid="2425805">
  <nd ref="11342928937"/>
  <nd ref="11342928936"/>
  <nd ref="11342928935"/>
  <tag k="highway" v="footway"/>
 </way>
 <way id="1222902236" visible="true" version="1" changeset="143924001" timestamp="2023-11-12T08:14:22Z" user="uknown-gryphus" uid="2425805">
  <nd ref="11342928940"/>
  <nd ref="11342928939"/>
  <nd ref="11342928938"/>
  <tag k="highway" v="footway"/>
 </way>
 <way id="1222902237" visible="true" version="1" changeset="143924001" timestamp="2023-11-12T08:14:22Z" user="uknown-gryphus" uid="2425805">
  <nd ref="11342928943"/>
  <nd ref="11342928942"/>
  <nd ref="11342928941"/>
  <tag k="highway" v="footway"/>
  <tag k="surface" v="asphalt"/>
 </way>
 <way id="1222902238" visible="true" version="3" changeset="177282171" timestamp="2026-01-16T04:17:16Z" user="uknown-gryphus" uid="2425805">
  <nd ref="11342975169"/>
  <nd ref="11342928967"/>
  <nd ref="11342928966"/>
  <nd ref="11342928965"/>
  <nd ref="11342928964"/>
  <nd ref="11342928963"/>
  <nd ref="11342928962"/>
  <nd ref="11342928961"/>
  <nd ref="11342928960"/>
  <nd ref="11342928959"/>
  <nd ref="11342928958"/>
  <nd ref="11342928957"/>
  <nd ref="11342928956"/>
  <nd ref="11342928953"/>
  <nd ref="11342928950"/>
  <nd ref="11342928949"/>
  <nd ref="11342928948"/>
  <nd ref="11342975169"/>
  <tag k="area" v="yes"/>
  <tag k="junction" v="yes"/>
  <tag k="name" v="Siddalingaiah Circle"/>
  <tag k="name:kn" v="ಸಿದ್ದಲಿಂಗಯ್ಯ ವರ್ತ"/>
 </way>
 <way id="1222902239" visible="true" version="2" changeset="148668879" timestamp="2024-03-15T03:19:47Z" user="uknown-gryphus" uid="2425805">
  <nd ref="4058224834"/>
  <nd ref="11342928935"/>
  <nd ref="10783592399"/>
  <nd ref="4058224815"/>
  <tag k="crossing" v="traffic_signals"/>
  <tag k="footway" v="crossing"/>
  <tag k="highway" v="footway"/>
 </way>
 <way id="1222902240" visible="true" version="2" changeset="148668879" timestamp="2024-03-15T03:19:47Z" user="uknown-gryphus" uid="2425805">
  <nd ref="4058224846"/>
  <nd ref="11342928937"/>
  <nd ref="11342975174"/>
  <nd ref="11342975173"/>
  <nd ref="11342928943"/>
  <nd ref="11342975172"/>
  <tag k="crossing" v="traffic_signals"/>
  <tag k="crossing:markings" v="zebra"/>
  <tag k="footway" v="crossing"/>
  <tag k="highway" v="footway"/>
 </way>
 <way id="1222902241" visible="true" version="2" changeset="148668879" timestamp="2024-03-15T03:19:47Z" user="uknown-gryphus" uid="2425805">
  <nd ref="4058224833"/>
  <nd ref="11732899888"/>
  <nd ref="10783592397"/>
  <nd ref="11342928938"/>
  <nd ref="11342975175"/>
  <tag k="crossing" v="traffic_signals"/>
  <tag k="footway" v="crossing"/>
  <tag k="highway" v="footway"/>
 </way>
 <way id="1222902242" visible="true" version="2" changeset="148668879" timestamp="2024-03-15T03:19:47Z" user="uknown-gryphus" uid="2425805">
  <nd ref="4058224842"/>
  <nd ref="11342928940"/>
  <nd ref="4058224850"/>
  <nd ref="4058224855"/>
  <nd ref="11342928941"/>
  <nd ref="11342975176"/>
  <tag k="crossing" v="traffic_signals"/>
  <tag k="footway" v="crossing"/>
  <tag k="highway" v="footway"/>
 </way>
 <way id="1222902244" visible="true" version="7" changeset="177282171" timestamp="2026-01-16T04:17:16Z" user="uknown-gryphus" uid="2425805">
  <nd ref="6834406266"/>
  <nd ref="11342975207"/>
  <nd ref="13459508967"/>
  <nd ref="12675389867"/>
  <nd ref="11342975206"/>
  <nd ref="11342975205"/>
  <nd ref="11342975204"/>
  <nd ref="3343549680"/>
  <nd ref="3343549669"/>
  <nd ref="11819678539"/>
  <nd ref="11342975201"/>
  <nd ref="11342975200"/>
  <nd ref="11342975199"/>
  <nd ref="11342975198"/>
  <nd ref="11819678528"/>
  <nd ref="11342975197"/>
  <nd ref="11342975196"/>
  <nd ref="11342975195"/>
  <nd ref="13459537778"/>
  <nd ref="13459537777"/>
  <nd ref="11425338207"/>
  <nd ref="11342975188"/>
  <nd ref="11342975192"/>
  <nd ref="11342975191"/>
  <nd ref="11342975190"/>
  <nd ref="11342975189"/>
  <nd ref="4058224495"/>
  <tag k="footway" v="sidewalk"/>
  <tag k="highway" v="footway"/>
  <tag k="smoothness" v="good"/>
  <tag k="surface" v="paving_stones"/>
 </way>
 <way id="1238638852" visible="true" version="6" changeset="189574945" timestamp="2026-09-26T07:53:34Z" user="likhithaola" uid="22355701">
  <nd ref="4960826818"/>
  <nd ref="12558269328"/>
  <nd ref="12558269329"/>
  <nd ref="12558269344"/>
  <nd ref="12558269330"/>
  <nd ref="12558269345"/>
  <nd ref="12558269331"/>
  <nd ref="12558269332"/>
  <nd ref="12558269333"/>
  <nd ref="13065062913"/>
  <nd ref="12558269334"/>
  <nd ref="12558269335"/>
  <nd ref="12558269346"/>
  <nd ref="12558269336"/>
  <nd ref="14218998646"/>
  <nd ref="12558269337"/>
  <nd ref="12119649256"/>
  <nd ref="4960830623"/>
  <nd ref="12558269350"/>
  <nd ref="12558269347"/>
  <nd ref="12558269338"/>
  <nd ref="12558269348"/>
  <nd ref="12558269339"/>
  <nd ref="12558269349"/>
  <tag k="bicycle" v="yes"/>
  <tag k="foot" v="designated"/>
  <tag k="highway" v="tertiary"/>
  <tag k="name" v="Vittal Mallya Road"/>
  <tag k="name:etymology:wikidata" v="Q7937268"/>
  <tag k="name:kn" v="ವಿಠ್ಠಲ್ ಮಲ್ಯ ರಸ್ತೆ"/>
  <tag k="old_name" v="Grant Road"/>
  <tag k="oneway" v="yes"/>
  <tag k="smoothness" v="excellent"/>
  <tag k="surface" v="concrete"/>
 </way>
 <way id="1238638853" visible="true" version="3" changeset="178958733" timestamp="2026-02-23T19:30:47Z" user="indigomc" uid="136860">
  <nd ref="11506245565"/>
  <nd ref="11506245564"/>
  <nd ref="10595455526"/>
  <nd ref="5340711536"/>
  <nd ref="4058224813"/>
  <tag k="bicycle" v="yes"/>
  <tag k="foot" v="designated"/>
  <tag k="highway" v="tertiary"/>
  <tag k="name" v="Vittal Mallya Road"/>
  <tag k="name:etymology:wikidata" v="Q7937268"/>
  <tag k="name:kn" v="ವಿಠ್ಠಲ ಮಲ್ಯ ರಸ್ತೆ"/>
  <tag k="old_name" v="Grant Road"/>
  <tag k="oneway" v="yes"/>
  <tag k="surface" v="concrete"/>
 </way>
 <way id="1267068407" visible="true" version="2" changeset="175125404" timestamp="2025-11-25T19:46:31Z" user="Vonter" uid="3926189">
  <nd ref="11768591411"/>
  <nd ref="11768591410"/>
  <nd ref="11768591409"/>
  <nd ref="11768591408"/>
  <nd ref="11768591407"/>
  <nd ref="11768591406"/>
  <nd ref="11768591405"/>
  <nd ref="11768591404"/>
  <nd ref="11768591403"/>
  <nd ref="11768591402"/>
  <nd ref="11768591401"/>
  <nd ref="11768591400"/>
  <nd ref="11768591399"/>
  <nd ref="11768591398"/>
  <nd ref="11768591397"/>
  <nd ref="11768591396"/>
  <nd ref="11768591395"/>
  <nd ref="11768591394"/>
  <nd ref="11768591393"/>
  <nd ref="11768591392"/>
  <nd ref="11768591391"/>
  <nd ref="11768591390"/>
  <nd ref="11768591389"/>
  <nd ref="11768591388"/>
  <nd ref="11768591387"/>
  <nd ref="11768591386"/>
  <nd ref="11768591385"/>
  <nd ref="11768591384"/>
  <nd ref="11768591383"/>
  <nd ref="11768591382"/>
  <nd ref="11768591381"/>
  <nd ref="11768591380"/>
  <nd ref="11768591379"/>
  <nd ref="11768591378"/>
  <nd ref="11768591377"/>
  <nd ref="11768591376"/>
  <nd ref="11768591375"/>
  <nd ref="11768591374"/>
  <nd ref="11768591373"/>
  <nd ref="11768591372"/>
  <nd ref="11768591371"/>
  <nd ref="11768591370"/>
  <nd ref="11768591369"/>
  <nd ref="11768591368"/>
  <nd ref="11768591367"/>
  <nd ref="11768591366"/>
  <nd ref="11768591365"/>
  <nd ref="11768591364"/>
  <nd ref="11768591363"/>
  <nd ref="11768591362"/>
  <tag k="note" v="Old BBMP ward boundary way. Needs to be deleted with care to handle nodes shared with other objects"/>
 </way>
 <way id="1303040690" visible="true" version="2" changeset="163679594" timestamp="2025-03-16T09:21:45Z" user="uknown-gryphus" uid="2425805">
  <nd ref="3943327577"/>
  <nd ref="3943327573"/>
  <tag k="highway" v="secondary_link"/>
  <tag k="oneway" v="yes"/>
 </way>
 <way id="1308734887" visible="true" version="1" changeset="155442207" timestamp="2024-08-19T05:16:10Z" user="uknown-gryphus" uid="2425805">
  <nd ref="12119649245"/>
  <nd ref="11425338147"/>
  <tag k="footway" v="sidewalk"/>
  <tag k="highway" v="footway"/>
  <tag k="surface" v="paving_stones"/>
 </way>
 <way id="1308734888" visible="true" version="1" changeset="155442207" timestamp="2024-08-19T05:16:10Z" user="uknown-gryphus" uid="2425805">
  <nd ref="12119649246"/>
  <nd ref="12119649244"/>
  <nd ref="12119649245"/>
  <tag k="crossing" v="uncontrolled"/>
  <tag k="crossing:markings" v="zebra"/>
  <tag k="footway" v="crossing"/>
  <tag k="highway" v="footway"/>
 </way>
 <way id="1347246053" visible="true" version="1" changeset="160776755" timestamp="2024-12-30T05:40:21Z" user="uknown-gryphus" uid="2425805">
  <nd ref="12190248477"/>
  <nd ref="12462431258"/>
  <nd ref="12462431259"/>
  <nd ref="12462431260"/>
  <nd ref="12462431261"/>
  <tag k="footway" v="sidewalk"/>
  <tag k="highway" v="footway"/>
  <tag k="surface" v="paving_stones"/>
 </way>
 <way id="1347246054" visible="true" version="2" changeset="163674874" timestamp="2025-03-16T05:26:08Z" user="AdityaBLR" uid="22635263">
  <nd ref="12462431262"/>
  <nd ref="12462431263"/>
  <nd ref="12462431264"/>
  <nd ref="12462431265"/>
  <nd ref="12462431266"/>
  <nd ref="12462431267"/>
  <nd ref="12462431268"/>
  <nd ref="12462431269"/>
  <nd ref="12462431270"/>
  <nd ref="12462431271"/>
  <nd ref="12462431272"/>
  <nd ref="12462431273"/>
  <nd ref="12462431274"/>
  <nd ref="12462431275"/>
  <nd ref="12462431276"/>
  <nd ref="12462431277"/>
  <nd ref="12462431278"/>
  <nd ref="12462431279"/>
  <nd ref="12669376167"/>
  <nd ref="12462431280"/>
  <nd ref="12462431281"/>
  <nd ref="12462431282"/>
  <nd ref="12462431283"/>
  <nd ref="12462431284"/>
  <nd ref="12462431285"/>
  <nd ref="12462431286"/>
  <nd ref="12462431287"/>
  <tag k="footway" v="sidewalk"/>
  <tag k="highway" v="footway"/>
  <tag k="surface" v="paving_stones"/>
 </way>
 <way id="1368123121" visible="true" version="1" changeset="163696101" timestamp="2025-03-16T16:15:24Z" user="uknown-gryphus" uid="2425805">
  <nd ref="12670329171"/>
  <nd ref="12670329170"/>
  <tag k="layer" v="-1"/>
  <tag k="tunnel" v="yes"/>
  <tag k="waterway" v="drain"/>
 </way>
 <way id="1368123122" visible="true" version="2" changeset="177282171" timestamp="2026-01-16T04:17:16Z" user="uknown-gryphus" uid="2425805">
  <nd ref="13459508921"/>
  <nd ref="13459508922"/>
  <nd ref="13459508923"/>
  <nd ref="12670329179"/>
  <nd ref="12670329178"/>
  <nd ref="12670329177"/>
  <nd ref="12670329176"/>
  <nd ref="12670329175"/>
  <nd ref="12670329174"/>
  <nd ref="12670329173"/>
  <nd ref="12670329172"/>
  <nd ref="12670329171"/>
  <tag k="waterway" v="drain"/>
 </way>
 <way id="1453722149" visible="true" version="2" changeset="188182603" timestamp="2026-08-29T07:20:40Z" user="Flynn Marquardt" uid="100357">
  <nd ref="13332301203"/>
  <nd ref="13332301202"/>
  <nd ref="11768591372"/>
  <nd ref="13332301200"/>
  <nd ref="11768591374"/>
  <nd ref="13332301198"/>
  <nd ref="11768591375"/>
  <nd ref="13332301196"/>
  <nd ref="13332301195"/>
  <nd ref="13332301194"/>
  <nd ref="13332301193"/>
  <nd ref="13332301192"/>
  <nd ref="11768591376"/>
  <nd ref="13332301190"/>
  <nd ref="11768591377"/>
  <nd ref="13332301188"/>
  <nd ref="13332301187"/>
  <nd ref="13332301186"/>
  <nd ref="13332301185"/>
  <nd ref="13332301184"/>
  <nd ref="13332301183"/>
  <nd ref="13332301182"/>
  <nd ref="13332301181"/>
  <nd ref="13332301180"/>
  <nd ref="13332301179"/>
  <nd ref="13332301178"/>
  <nd ref="13332301177"/>
  <nd ref="13332301176"/>
  <nd ref="13332301175"/>
  <nd ref="13332301174"/>
  <nd ref="13332301173"/>
  <nd ref="13332301172"/>
  <nd ref="13332301171"/>
  <nd ref="13332301170"/>
  <nd ref="13332301169"/>
  <nd ref="13332301168"/>
  <nd ref="13332301167"/>
  <nd ref="11768591384"/>
  <nd ref="13332301165"/>
  <nd ref="13332301164"/>
  <nd ref="11768591386"/>
  <nd ref="13332301162"/>
  <nd ref="13332301161"/>
  <nd ref="11768591387"/>
  <nd ref="13332301159"/>
  <nd ref="13332301158"/>
  <nd ref="13332301157"/>
  <nd ref="11768591389"/>
  <nd ref="13332301155"/>
  <nd ref="13332301154"/>
  <nd ref="13332301153"/>
  <nd ref="13332301152"/>
  <nd ref="13332301151"/>
  <nd ref="13332301150"/>
  <nd ref="13332301149"/>
  <nd ref="13332301148"/>
  <nd ref="11768591394"/>
  <nd ref="13332301146"/>
  <nd ref="11768591396"/>
  <nd ref="13332301144"/>
  <nd ref="11768591397"/>
  <nd ref="13332301142"/>
  <nd ref="13332301141"/>
  <nd ref="11768591398"/>
  <nd ref="11768591399"/>
  <nd ref="13332301138"/>
  <nd ref="11768591400"/>
  <nd ref="13332301136"/>
  <nd ref="11768591401"/>
  <nd ref="13332301134"/>
  <nd ref="13332301133"/>
  <nd ref="13332301132"/>
 </way>
 <way id="1467492972" visible="true" version="1" changeset="177282171" timestamp="2026-01-16T04:17:16Z" user="uknown-gryphus" uid="2425805">
  <nd ref="13459508968"/>
  <nd ref="13459508967"/>
  <nd ref="13459508966"/>
  <nd ref="13459508965"/>
  <nd ref="13459508964"/>
  <nd ref="13459508963"/>
  <nd ref="13459508962"/>
  <nd ref="13459508961"/>
  <nd ref="13459508960"/>
  <nd ref="13459508959"/>
  <nd ref="13459508958"/>
  <nd ref="13459508957"/>
  <nd ref="13459508956"/>
  <nd ref="11819678533"/>
  <nd ref="11819678530"/>
  <nd ref="13459508955"/>
  <nd ref="13459508954"/>
  <nd ref="13459508953"/>
  <nd ref="11819678537"/>
  <nd ref="11819678534"/>
  <nd ref="13459508952"/>
  <nd ref="13459508951"/>
  <nd ref="13459508950"/>
  <nd ref="13459508949"/>
  <nd ref="13459508948"/>
  <nd ref="13459508947"/>
  <nd ref="13459508946"/>
  <nd ref="13459508945"/>
  <nd ref="13459508944"/>
  <nd ref="13459508943"/>
  <nd ref="13459508942"/>
  <nd ref="13459508941"/>
  <nd ref="13459508940"/>
  <nd ref="13459508939"/>
  <nd ref="13459508938"/>
  <nd ref="13459508937"/>
  <nd ref="13459508936"/>
  <nd ref="3943327580"/>
  <nd ref="3943327581"/>
  <nd ref="246472362"/>
  <nd ref="13459508935"/>
  <nd ref="13459508934"/>
  <nd ref="13459508908"/>
  <nd ref="13459508926"/>
  <nd ref="13459508933"/>
  <nd ref="13459508927"/>
  <nd ref="10753340364"/>
  <nd ref="3343549646"/>
  <nd ref="2189683206"/>
  <nd ref="3343549649"/>
  <nd ref="13459537780"/>
  <nd ref="13459508932"/>
  <nd ref="3343549654"/>
  <nd ref="663309991"/>
  <nd ref="3343549658"/>
  <nd ref="13459508931"/>
  <nd ref="3343549670"/>
  <nd ref="13459508930"/>
  <nd ref="13459508929"/>
  <nd ref="3343549793"/>
  <nd ref="663561812"/>
  <nd ref="663561811"/>
  <nd ref="663931665"/>
  <nd ref="13459508928"/>
  <nd ref="13459508968"/>
  <tag k="area" v="yes"/>
  <tag k="highway" v="footway"/>
  <tag k="surface" v="paving_stones"/>
 </way>
 <way id="1467492973" visible="true" version="1" changeset="177282171" timestamp="2026-01-16T04:17:16Z" user="uknown-gryphus" uid="2425805">
  <nd ref="13459537726"/>
  <nd ref="13459537727"/>
  <nd ref="13459537725"/>
  <nd ref="13459537724"/>
  <nd ref="13459537723"/>
  <nd ref="13459537722"/>
  <nd ref="13459537721"/>
  <nd ref="13459537720"/>
  <nd ref="13459537719"/>
  <nd ref="13459537718"/>
  <nd ref="13459537717"/>
  <nd ref="13459537716"/>
  <nd ref="13459537715"/>
  <nd ref="13459537714"/>
  <nd ref="13459537713"/>
  <nd ref="13459537712"/>
  <nd ref="13459537711"/>
  <nd ref="13459537710"/>
  <nd ref="13459537709"/>
  <nd ref="13459537708"/>
  <nd ref="13459537707"/>
  <nd ref="13459537706"/>
  <nd ref="13459537705"/>
  <nd ref="13459509000"/>
  <nd ref="13459508999"/>
  <nd ref="13459508998"/>
  <nd ref="13459508997"/>
  <nd ref="13459508996"/>
  <nd ref="13459508995"/>
  <nd ref="13459508994"/>
  <nd ref="13459508993"/>
  <nd ref="13459508992"/>
  <nd ref="13459508991"/>
  <nd ref="13459508990"/>
  <nd ref="13459508989"/>
  <nd ref="13459508988"/>
  <nd ref="13459508987"/>
  <nd ref="13459508986"/>
  <nd ref="13459508985"/>
  <nd ref="13459508971"/>
  <nd ref="13459508970"/>
  <nd ref="13459508984"/>
  <nd ref="13459508983"/>
  <nd ref="13459508982"/>
  <nd ref="2189683201"/>
  <nd ref="11342928944"/>
  <nd ref="1232939387"/>
  <nd ref="1232939382"/>
  <nd ref="13459508981"/>
  <nd ref="13459508980"/>
  <nd ref="10290842818"/>
  <nd ref="13459537701"/>
  <nd ref="663568588"/>
  <nd ref="13459508979"/>
  <nd ref="13459508978"/>
  <nd ref="2189718277"/>
  <nd ref="13459508977"/>
  <nd ref="13459508976"/>
  <nd ref="13459508975"/>
  <nd ref="13459508909"/>
  <nd ref="13459508974"/>
  <nd ref="13459508973"/>
  <nd ref="11124342671"/>
  <nd ref="11124342670"/>
  <nd ref="13459508972"/>
  <nd ref="2189718301"/>
  <nd ref="13459537784"/>
  <nd ref="2189718302"/>
  <nd ref="13459537726"/>
  <tag k="area" v="yes"/>
  <tag k="footway" v="sidewalk"/>
  <tag k="highway" v="footway"/>
  <tag k="surface" v="paving_stones"/>
 </way>
 <way id="1512666769" visible="true" version="1" changeset="182566030" timestamp="2026-05-12T17:11:01Z" user="Vonter" uid="3926189">
  <nd ref="13821904885"/>
  <nd ref="13821904882"/>
  <nd ref="13821904881"/>
  <nd ref="13821904884"/>
  <nd ref="13821904880"/>
  <nd ref="13821904879"/>
  <nd ref="13821904878"/>
  <nd ref="13821904883"/>
  <nd ref="13821904877"/>
  <nd ref="13821904876"/>
  <nd ref="13821904875"/>
  <nd ref="13821904874"/>
  <nd ref="13821904872"/>
  <nd ref="13821904873"/>
  <nd ref="13821904885"/>
  <tag k="area" v="yes"/>
  <tag k="highway" v="pedestrian"/>
 </way>
 <way id="1512666770" visible="true" version="1" changeset="182566030" timestamp="2026-05-12T17:11:01Z" user="Vonter" uid="3926189">
  <nd ref="13821904894"/>
  <nd ref="13821904893"/>
  <nd ref="13821904892"/>
  <nd ref="13821904891"/>
  <nd ref="13821904889"/>
  <nd ref="13821904890"/>
  <nd ref="13821904888"/>
  <nd ref="13821904887"/>
  <nd ref="13821904886"/>
  <nd ref="13821904897"/>
  <tag k="access" v="private"/>
  <tag k="highway" v="service"/>
  <tag k="oneway" v="yes"/>
 </way>
 <way id="1512666771" visible="true" version="1" changeset="182566030" timestamp="2026-05-12T17:11:01Z" user="Vonter" uid="3926189">
  <nd ref="4960826810"/>
  <nd ref="13821904903"/>
  <nd ref="13821904902"/>
  <nd ref="13821904901"/>
  <nd ref="13821904900"/>
  <nd ref="13821904899"/>
  <nd ref="13821904898"/>
  <nd ref="13821904897"/>
  <nd ref="13821904896"/>
  <nd ref="13821904895"/>
  <tag k="access" v="private"/>
  <tag k="highway" v="service"/>
  <tag k="oneway" v="yes"/>
 </way>
 <way id="1551001627" visible="true" version="1" changeset="187728217" timestamp="2026-08-20T08:00:02Z" user="alivapanda" uid="19505674">
  <nd ref="4058224799"/>
  <nd ref="248459849"/>
  <tag k="highway" v="secondary"/>
  <tag k="name" v="Kasturba Road"/>
  <tag k="name:kn" v="ಕಸ್ತೂರ್ಬಾ ರಸ್ತೆ"/>
  <tag k="oneway" v="yes"/>
  <tag k="sidewalk" v="separate"/>
  <tag k="surface" v="asphalt"/>
 </way>
 <relation id="1673105" visible="true" version="137" changeset="182416739" timestamp="2026-05-09T09:54:27Z" user="ranjitgarad1" uid="22684093">
  <member type="node" ref="3304100394" role="platform"/>
  <member type="node" ref="1504737976" role="platform"/>
  <member type="node" ref="1078253111" role="platform"/>
  <member type="node" ref="825452139" role="platform"/>
  <member type="node" ref="1368829031" role="platform"/>
  <member type="way" ref="1349140764" role=""/>
  <member type="way" ref="368624554" role=""/>
  <member type="way" ref="691949961" role=""/>
  <member type="way" ref="372031016" role=""/>
  <member type="way" ref="498550660" role=""/>
  <member type="way" ref="368624555" role=""/>
  <member type="way" ref="498550659" role=""/>
  <member type="way" ref="139141579" role=""/>
  <member type="way" ref="31235669" role=""/>
  <member type="way" ref="580771983" role=""/>
  <member type="way" ref="1309201345" role=""/>
  <member type="way" ref="1311961569" role=""/>
  <member type="way" ref="31235670" role=""/>
  <member type="way" ref="760543008" role=""/>
  <member type="way" ref="36884551" role=""/>
  <member type="way" ref="1292977133" role=""/>
  <member type="way" ref="1191919794" role=""/>
  <member type="way" ref="1314308310" role=""/>
  <member type="way" ref="251495490" role=""/>
  <member type="way" ref="150785556" role=""/>
  <member type="way" ref="1054230460" role=""/>
  <member type="way" ref="779282846" role=""/>
  <member type="way" ref="779282844" role=""/>
  <member type="way" ref="764332430" role=""/>
  <member type="way" ref="1311751492" role=""/>
  <member type="way" ref="52032727" role=""/>
  <member type="way" ref="638928391" role=""/>
  <member type="way" ref="1263537981" role=""/>
  <member type="way" ref="1263537980" role=""/>
  <member type="way" ref="638928392" role=""/>
  <member type="way" ref="781001561" role=""/>
  <member type="way" ref="22893740" role=""/>
  <member type="way" ref="154340361" role=""/>
  <member type="way" ref="760700376" role=""/>
  <member type="way" ref="36851759" role=""/>
  <member type="way" ref="1308725870" role=""/>
  <member type="way" ref="36852351" role=""/>
  <member type="way" ref="180375724" role=""/>
  <member type="way" ref="36853150" role=""/>
  <member type="way" ref="766406229" role=""/>
  <member type="way" ref="766406228" role=""/>
  <member type="way" ref="461556535" role=""/>
  <member type="way" ref="1096797091" role=""/>
  <member type="way" ref="763290547" role=""/>
  <member type="way" ref="1246410563" role=""/>
  <member type="way" ref="124316745" role=""/>
  <member type="way" ref="763405053" role=""/>
  <member type="way" ref="635340513" role=""/>
  <member type="way" ref="325833350" role=""/>
  <member type="way" ref="1015024219" role=""/>
  <member type="way" ref="1015024215" role=""/>
  <member type="way" ref="1015024218" role=""/>
  <member type="way" ref="27007398" role=""/>
  <member type="way" ref="28137491" role=""/>
  <member type="way" ref="635340514" role=""/>
  <member type="way" ref="124316968" role=""/>
  <member type="way" ref="638531683" role=""/>
  <member type="way" ref="638531674" role=""/>
  <member type="way" ref="1113090753" role=""/>
  <member type="way" ref="1113090754" role=""/>
  <member type="way" ref="638531682" role=""/>
  <member type="way" ref="1199674749" role=""/>
  <member type="way" ref="1202767853" role=""/>
  <member type="way" ref="464465171" role=""/>
  <member type="way" ref="1110169851" role=""/>
  <member type="way" ref="1424719317" role=""/>
  <member type="way" ref="1280763065" role=""/>
  <member type="way" ref="479244934" role=""/>
  <member type="way" ref="464465172" role=""/>
  <member type="way" ref="28709483" role=""/>
  <member type="way" ref="28709481" role=""/>
  <member type="way" ref="1268355363" role=""/>
  <member type="way" ref="1194673417" role=""/>
  <member type="way" ref="1194673414" role=""/>
  <member type="way" ref="1359583089" role=""/>
  <member type="way" ref="1497089833" role=""/>
  <member type="way" ref="1497089829" role=""/>
  <member type="way" ref="1497089830" role=""/>
  <member type="way" ref="1497089834" role=""/>
  <member type="way" ref="1135874170" role=""/>
  <member type="way" ref="1086212784" role=""/>
  <member type="way" ref="1135874169" role=""/>
  <member type="way" ref="1135874168" role=""/>
  <member type="way" ref="1135874167" role=""/>
  <member type="way" ref="1086212782" role=""/>
  <member type="way" ref="29147905" role=""/>
  <member type="way" ref="546327978" role=""/>
  <member type="way" ref="1504430867" role=""/>
  <member type="way" ref="546327975" role=""/>
  <member type="way" ref="1259593804" role=""/>
  <member type="way" ref="1312040400" role=""/>
  <member type="way" ref="158623056" role=""/>
  <member type="way" ref="426988256" role=""/>
  <member type="way" ref="399000520" role=""/>
  <member type="way" ref="763405052" role=""/>
  <member type="way" ref="1086240291" role=""/>
  <member type="way" ref="1086212785" role=""/>
  <member type="way" ref="399000517" role=""/>
  <member type="way" ref="1303738155" role=""/>
  <member type="way" ref="1157170082" role=""/>
  <member type="way" ref="1157170083" role=""/>
  <member type="way" ref="23492995" role=""/>
  <member type="way" ref="1161231943" role=""/>
  <member type="way" ref="1161231944" role=""/>
  <member type="way" ref="546327176" role=""/>
  <member type="way" ref="1072664293" role=""/>
  <member type="way" ref="1086035866" role=""/>
  <member type="way" ref="1072664295" role=""/>
  <member type="way" ref="1072664296" role=""/>
  <member type="way" ref="122493882" role=""/>
  <member type="way" ref="1324297094" role=""/>
  <member type="way" ref="1072664294" role=""/>
  <member type="way" ref="122424488" role=""/>
  <member type="way" ref="498842449" role=""/>
  <member type="way" ref="1138309529" role=""/>
  <member type="way" ref="1096077214" role=""/>
  <member type="way" ref="1095670254" role=""/>
  <member type="way" ref="1095670253" role=""/>
  <member type="way" ref="1163790502" role=""/>
  <member type="way" ref="1163790503" role=""/>
  <member type="way" ref="1096077213" role=""/>
  <member type="way" ref="1049576889" role=""/>
  <member type="way" ref="1286770492" role=""/>
  <member type="way" ref="1286770494" role=""/>
  <member type="way" ref="1510898753" role=""/>
  <member type="way" ref="28043853" role=""/>
  <member type="way" ref="1202767309" role=""/>
  <member type="way" ref="1202767311" role=""/>
  <member type="way" ref="1166762558" role=""/>
  <member type="way" ref="1166762561" role=""/>
  <member type="way" ref="1196267107" role=""/>
  <member type="way" ref="1196267108" role=""/>
  <member type="way" ref="1196267109" role=""/>
  <member type="way" ref="1196267110" role=""/>
  <member type="way" ref="1196267111" role=""/>
  <member type="way" ref="1196267112" role=""/>
  <member type="way" ref="1196267113" role=""/>
  <member type="way" ref="1196267114" role=""/>
  <member type="way" ref="1196267115" role=""/>
  <member type="way" ref="1196267116" role=""/>
  <member type="way" ref="1453817251" role=""/>
  <member type="way" ref="1196267117" role=""/>
  <member type="way" ref="1196267118" role=""/>
  <member type="way" ref="1196267119" role=""/>
  <member type="way" ref="1196267120" role=""/>
  <member type="way" ref="1196267121" role=""/>
  <member type="way" ref="23213553" role=""/>
  <member type="way" ref="1196267096" role=""/>
  <member type="way" ref="1196267097" role=""/>
  <tag k="bus" v="yes"/>
  <tag k="name" v="333P"/>
  <tag k="name:kn" v="೩೩೩ಪೀ"/>
  <tag k="network" v="BMTC"/>
  <tag k="network:wikidata" v="Q3345039"/>
  <tag k="operator" v="BMTC"/>
  <tag k="public_transport:version" v="2"/>
  <tag k="ref" v="333P"/>
  <tag k="route" v="bus"/>
  <tag k="type" v="route"/>
 </relation>
 <relation id="6817995" visible="true" version="71" changeset="189530184" timestamp="2026-09-25T07:30:45Z" user="uknown-gryphus" uid="2425805">
  <member type="node" ref="5558684082" role="platform"/>
  <member type="node" ref="62053719" role="platform"/>
  <member type="node" ref="2418895128" role="platform"/>
  <member type="node" ref="62056980" role="platform"/>
  <member type="node" ref="62056953" role="platform"/>
  <member type="node" ref="1054687777" role="platform"/>
  <member type="node" ref="1054687629" role="platform"/>
  <member type="node" ref="2419033226" role="platform"/>
  <member type="node" ref="308063850" role="platform"/>
  <member type="node" ref="308063845" role="platform"/>
  <member type="node" ref="2402235727" role="platform"/>
  <member type="node" ref="2402233686" role="platform"/>
  <member type="node" ref="1474854780" role="platform"/>
  <member type="node" ref="1979048420" role="platform"/>
  <member type="node" ref="4546441991" role="platform"/>
  <member type="node" ref="699684331" role="platform"/>
  <member type="node" ref="2402205190" role="platform"/>
  <member type="node" ref="2402196134" role="platform"/>
  <member type="node" ref="1739362330" role="platform"/>
  <member type="node" ref="452414811" role="platform"/>
  <member type="node" ref="2468903219" role="platform"/>
  <member type="node" ref="3356616804" role="platform"/>
  <member type="way" ref="1247625538" role="platform"/>
  <member type="node" ref="3344494904" role="platform"/>
  <member type="node" ref="3730961538" role="platform"/>
  <member type="node" ref="1635922811" role="platform"/>
  <member type="node" ref="1698055294" role="platform"/>
  <member type="node" ref="2396425548" role="platform"/>
  <member type="node" ref="4101455408" role="platform"/>
  <member type="node" ref="3310413267" role="platform"/>
  <member type="node" ref="4173145025" role="platform"/>
  <member type="node" ref="255558064" role="platform"/>
  <member type="node" ref="2477611141" role="platform"/>
  <member type="node" ref="4703733899" role="platform"/>
  <member type="node" ref="343324577" role="platform"/>
  <member type="node" ref="2407104108" role="platform"/>
  <member type="node" ref="2407104618" role="platform"/>
  <member type="way" ref="461556479" role=""/>
  <member type="way" ref="1538996521" role=""/>
  <member type="way" ref="1165647533" role=""/>
  <member type="way" ref="461556494" role=""/>
  <member type="way" ref="1274858335" role=""/>
  <member type="way" ref="139693213" role=""/>
  <member type="way" ref="461556504" role=""/>
  <member type="way" ref="659827137" role=""/>
  <member type="way" ref="659827138" role=""/>
  <member type="way" ref="1228975887" role=""/>
  <member type="way" ref="1228975886" role=""/>
  <member type="way" ref="139843923" role=""/>
  <member type="way" ref="1429928775" role=""/>
  <member type="way" ref="1207706058" role=""/>
  <member type="way" ref="465135520" role=""/>
  <member type="way" ref="1262252173" role=""/>
  <member type="way" ref="45251899" role=""/>
  <member type="way" ref="1298940005" role=""/>
  <member type="way" ref="424349882" role=""/>
  <member type="way" ref="1550741146" role=""/>
  <member type="way" ref="1550741149" role=""/>
  <member type="way" ref="1550741150" role=""/>
  <member type="way" ref="1550741151" role=""/>
  <member type="way" ref="461556516" role=""/>
  <member type="way" ref="1413439960" role=""/>
  <member type="way" ref="38034358" role=""/>
  <member type="way" ref="1015179455" role=""/>
  <member type="way" ref="461556520" role=""/>
  <member type="way" ref="1302253833" role=""/>
  <member type="way" ref="38674001" role=""/>
  <member type="way" ref="169806409" role=""/>
  <member type="way" ref="1552197104" role=""/>
  <member type="way" ref="1552197102" role=""/>
  <member type="way" ref="38674010" role=""/>
  <member type="way" ref="1278974543" role=""/>
  <member type="way" ref="461556527" role=""/>
  <member type="way" ref="54147971" role=""/>
  <member type="way" ref="1314553684" role=""/>
  <member type="way" ref="55684511" role=""/>
  <member type="way" ref="525778228" role=""/>
  <member type="way" ref="762500478" role=""/>
  <member type="way" ref="260440821" role=""/>
  <member type="way" ref="328314974" role=""/>
  <member type="way" ref="1314553683" role=""/>
  <member type="way" ref="458681954" role=""/>
  <member type="way" ref="1550485109" role=""/>
  <member type="way" ref="1550485110" role=""/>
  <member type="way" ref="458681953" role=""/>
  <member type="way" ref="1556702520" role=""/>
  <member type="way" ref="1556702519" role=""/>
  <member type="way" ref="1556702518" role=""/>
  <member type="way" ref="1556702515" role=""/>
  <member type="way" ref="580771986" role=""/>
  <member type="way" ref="525778227" role=""/>
  <member type="way" ref="23076481" role=""/>
  <member type="way" ref="454013130" role=""/>
  <member type="way" ref="36897680" role=""/>
  <member type="way" ref="244304928" role=""/>
  <member type="way" ref="310910082" role=""/>
  <member type="way" ref="763284659" role=""/>
  <member type="way" ref="1182189228" role=""/>
  <member type="way" ref="1214076611" role=""/>
  <member type="way" ref="37898955" role=""/>
  <member type="way" ref="461556532" role=""/>
  <member type="way" ref="148016888" role=""/>
  <member type="way" ref="22893740" role=""/>
  <member type="way" ref="154340361" role=""/>
  <member type="way" ref="760700376" role=""/>
  <member type="way" ref="36851759" role=""/>
  <member type="way" ref="1308725870" role=""/>
  <member type="way" ref="36852351" role=""/>
  <member type="way" ref="180375724" role=""/>
  <member type="way" ref="36853150" role=""/>
  <member type="way" ref="766406229" role=""/>
  <member type="way" ref="766406228" role=""/>
  <member type="way" ref="461556535" role=""/>
  <member type="way" ref="1096797091" role=""/>
  <member type="way" ref="763290547" role=""/>
  <member type="way" ref="1246410563" role=""/>
  <member type="way" ref="124316745" role=""/>
  <member type="way" ref="763405053" role=""/>
  <member type="way" ref="691218619" role=""/>
  <member type="way" ref="498553630" role=""/>
  <member type="way" ref="763290546" role=""/>
  <member type="way" ref="763293422" role=""/>
  <member type="way" ref="1101271052" role=""/>
  <member type="way" ref="263812623" role=""/>
  <member type="way" ref="1112419800" role=""/>
  <member type="way" ref="1112419799" role=""/>
  <member type="way" ref="157575514" role=""/>
  <member type="way" ref="638541497" role=""/>
  <member type="way" ref="1057074607" role=""/>
  <member type="way" ref="1109937485" role=""/>
  <member type="way" ref="1109937484" role=""/>
  <member type="way" ref="1148434408" role=""/>
  <member type="way" ref="1148434414" role=""/>
  <member type="way" ref="1197883436" role=""/>
  <member type="way" ref="1148434415" role=""/>
  <member type="way" ref="126774193" role=""/>
  <member type="way" ref="492431225" role=""/>
  <member type="way" ref="1054124408" role=""/>
  <member type="way" ref="1054124407" role=""/>
  <member type="way" ref="1167298926" role=""/>
  <member type="way" ref="1332592276" role=""/>
  <member type="way" ref="492431226" role=""/>
  <member type="way" ref="543271085" role=""/>
  <member type="way" ref="461556548" role=""/>
  <member type="way" ref="1215208978" role=""/>
  <member type="way" ref="461556554" role=""/>
  <member type="way" ref="479245735" role=""/>
  <member type="way" ref="1234240429" role=""/>
  <member type="way" ref="658693427" role=""/>
  <member type="way" ref="323047937" role=""/>
  <member type="way" ref="658693424" role=""/>
  <member type="way" ref="1559086382" role=""/>
  <member type="way" ref="1559086384" role=""/>
  <member type="way" ref="1183859463" role=""/>
  <member type="way" ref="30916217" role=""/>
  <member type="way" ref="1416452622" role=""/>
  <member type="way" ref="35323684" role=""/>
  <member type="way" ref="1091234066" role=""/>
  <member type="way" ref="35323833" role=""/>
  <member type="way" ref="461556577" role=""/>
  <tag k="from" v="Nagarabhavi BDA Complex"/>
  <tag k="name" v="K4"/>
  <tag k="name:kn" v="ಕೆ ೪"/>
  <tag k="network" v="BMTC"/>
  <tag k="network:wikidata" v="Q3345039"/>
  <tag k="operator" v="BMTC"/>
  <tag k="public_transport:version" v="2"/>
  <tag k="ref" v="K4"/>
  <tag k="route" v="bus"/>
  <tag k="to" v="CV Raman Nagara"/>
  <tag k="type" v="route"/>
 </relation>
 <relation id="8303304" visible="true" version="4" changeset="175125404" timestamp="2025-11-25T19:46:31Z" user="Vonter" uid="3926189">
  <member type="way" ref="1267068409" role="outer"/>
  <member type="way" ref="1267068424" role="outer"/>
  <member type="way" ref="1267068425" role="outer"/>
  <member type="way" ref="1267068423" role="outer"/>
  <member type="way" ref="1267068420" role="outer"/>
  <member type="way" ref="1267018025" role="outer"/>
  <member type="way" ref="1267018015" role="outer"/>
  <member type="way" ref="1268630590" role="outer"/>
  <member type="way" ref="1267006500" role="outer"/>
  <member type="way" ref="1267006497" role="outer"/>
  <member type="way" ref="1267047282" role="outer"/>
  <member type="way" ref="1267047275" role="outer"/>
  <member type="way" ref="1267047274" role="outer"/>
  <member type="way" ref="1268630591" role="outer"/>
  <member type="way" ref="1267047273" role="outer"/>
  <member type="way" ref="1267047298" role="outer"/>
  <member type="way" ref="1267047299" role="outer"/>
  <member type="way" ref="1267047300" role="outer"/>
  <member type="way" ref="1267047291" role="outer"/>
  <member type="way" ref="1267047312" role="outer"/>
  <member type="way" ref="1267068401" role="outer"/>
  <member type="way" ref="1267068407" role="outer"/>
  <member type="way" ref="1267068406" role="outer"/>
  <member type="way" ref="1267068411" role="outer"/>
  <tag k="boundary" v="political"/>
  <tag k="name" v="Shantinagar Assembly Constituency"/>
  <tag k="type" v="boundary"/>
 </relation>
 <relation id="8591663" visible="true" version="154" changeset="173345658" timestamp="2025-10-16T04:13:29Z" user="Vonter" uid="3926189">
  <member type="relation" ref="6693760" role=""/>
  <member type="relation" ref="7322352" role=""/>
  <member type="relation" ref="8446422" role=""/>
  <member type="relation" ref="8446688" role=""/>
  <member type="relation" ref="8446758" role=""/>
  <member type="relation" ref="8447720" role=""/>
  <member type="relation" ref="8447715" role=""/>
  <member type="relation" ref="10601097" role=""/>
  <member type="relation" ref="9740192" role=""/>
  <member type="relation" ref="9740171" role=""/>
  <member type="relation" ref="9740170" role=""/>
  <member type="relation" ref="9740169" role=""/>
  <member type="relation" ref="9740168" role=""/>
  <member type="relation" ref="9740032" role=""/>
  <member type="relation" ref="9740191" role=""/>
  <member type="relation" ref="9740190" role=""/>
  <member type="relation" ref="9740166" role=""/>
  <member type="relation" ref="9740167" role=""/>
  <member type="relation" ref="9740165" role=""/>
  <member type="relation" ref="9740189" role=""/>
  <member type="relation" ref="9740164" role=""/>
  <member type="relation" ref="9740163" role=""/>
  <member type="relation" ref="9740162" role=""/>
  <member type="relation" ref="9740188" role=""/>
  <member type="relation" ref="9740161" role=""/>
  <member type="relation" ref="9740160" role=""/>
  <member type="relation" ref="9740159" role=""/>
  <member type="relation" ref="9740158" role=""/>
  <member type="relation" ref="10587666" role=""/>
  <member type="relation" ref="9740187" role=""/>
  <member type="relation" ref="17802249" role=""/>
  <member type="relation" ref="17802248" role=""/>
  <member type="relation" ref="9740157" role=""/>
  <member type="relation" ref="9740156" role=""/>
  <member type="relation" ref="9740155" role=""/>
  <member type="relation" ref="10601120" role=""/>
  <member type="relation" ref="9740154" role=""/>
  <member type="relation" ref="9740153" role=""/>
  <member type="relation" ref="9740152" role=""/>
  <member type="relation" ref="9740151" role=""/>
  <member type="relation" ref="9740150" role=""/>
  <member type="relation" ref="9740149" role=""/>
  <member type="relation" ref="9740148" role=""/>
  <member type="relation" ref="18570460" role=""/>
  <member type="relation" ref="18570445" role=""/>
  <member type="relation" ref="9385446" role=""/>
  <member type="relation" ref="17802874" role=""/>
  <member type="relation" ref="17802882" role=""/>
  <member type="relation" ref="8591662" role=""/>
  <member type="relation" ref="9385456" role=""/>
  <member type="relation" ref="8591661" role=""/>
  <member type="relation" ref="7354819" role=""/>
  <member type="relation" ref="9385437" role=""/>
  <member type="relation" ref="9407362" role=""/>
  <member type="relation" ref="9385463" role=""/>
  <member type="relation" ref="9385442" role=""/>
  <member type="relation" ref="8591660" role=""/>
  <member type="relation" ref="9385482" role=""/>
  <member type="relation" ref="19292703" role=""/>
  <member type="relation" ref="9740147" role=""/>
  <member type="relation" ref="10625116" role=""/>
  <member type="relation" ref="9416616" role=""/>
  <member type="relation" ref="9740146" role=""/>
  <member type="relation" ref="8591659" role=""/>
  <member type="relation" ref="9744384" role=""/>
  <member type="relation" ref="9744383" role=""/>
  <member type="relation" ref="9228270" role=""/>
  <member type="relation" ref="9744382" role=""/>
  <member type="relation" ref="9417034" role=""/>
  <member type="relation" ref="9740145" role=""/>
  <member type="relation" ref="9740186" role=""/>
  <member type="relation" ref="9740144" role=""/>
  <member type="relation" ref="9740185" role=""/>
  <member type="relation" ref="9740184" role=""/>
  <member type="relation" ref="9417033" role=""/>
  <member type="relation" ref="18481315" role=""/>
  <member type="relation" ref="9412884" role=""/>
  <member type="relation" ref="9740143" role=""/>
  <member type="relation" ref="8447777" role=""/>
  <member type="relation" ref="8447764" role=""/>
  <member type="relation" ref="8593147" role=""/>
  <member type="relation" ref="8593148" role=""/>
  <member type="relation" ref="8593146" role=""/>
  <member type="relation" ref="9225303" role=""/>
  <member type="relation" ref="8593144" role=""/>
  <member type="relation" ref="8593133" role=""/>
  <member type="relation" ref="8593143" role=""/>
  <member type="relation" ref="8593142" role=""/>
  <member type="relation" ref="8593141" role=""/>
  <member type="relation" ref="8593140" role=""/>
  <member type="relation" ref="8593139" role=""/>
  <member type="relation" ref="8593138" role=""/>
  <member type="relation" ref="8593137" role=""/>
  <member type="relation" ref="8593136" role=""/>
  <member type="relation" ref="8593135" role=""/>
  <member type="relation" ref="8593134" role=""/>
  <member type="relation" ref="19336805" role=""/>
  <member type="relation" ref="8593127" role=""/>
  <member type="relation" ref="8593132" role=""/>
  <member type="relation" ref="8593131" role=""/>
  <member type="relation" ref="8593130" role=""/>
  <member type="relation" ref="8593129" role=""/>
  <member type="relation" ref="9740142" role=""/>
  <member type="relation" ref="9228168" role=""/>
  <member type="relation" ref="9740141" role=""/>
  <member type="relation" ref="9234820" role=""/>
  <member type="relation" ref="9231890" role=""/>
  <member type="relation" ref="9416615" role=""/>
  <member type="relation" ref="8593121" role=""/>
  <member type="relation" ref="8593126" role=""/>
  <member type="relation" ref="8593125" role=""/>
  <member type="relation" ref="8593123" role=""/>
  <member type="relation" ref="8593124" role=""/>
  <member type="relation" ref="8593122" role=""/>
  <member type="relation" ref="19719315" role=""/>
  <member type="relation" ref="9234769" role=""/>
  <member type="relation" ref="8593100" role=""/>
  <member type="relation" ref="8593120" role=""/>
  <member type="relation" ref="8593119" role=""/>
  <member type="relation" ref="8593118" role=""/>
  <member type="relation" ref="8593117" role=""/>
  <member type="relation" ref="8593116" role=""/>
  <member type="relation" ref="8593115" role=""/>
  <member type="relation" ref="8593114" role=""/>
  <member type="relation" ref="9740140" role=""/>
  <member type="relation" ref="9417032" role=""/>
  <member type="relation" ref="7784213" role=""/>
  <member type="relation" ref="8593112" role=""/>
  <member type="relation" ref="8593113" role=""/>
  <member type="relation" ref="8593111" role=""/>
  <member type="relation" ref="7586676" role=""/>
  <member type="relation" ref="8593110" role=""/>
  <member type="relation" ref="9417031" role=""/>
  <member type="relation" ref="8593109" role=""/>
  <member type="relation" ref="8593108" role=""/>
  <member type="relation" ref="8593106" role=""/>
  <member type="relation" ref="8593105" role=""/>
  <member type="relation" ref="8593104" role=""/>
  <member type="relation" ref="8593102" role=""/>
  <member type="relation" ref="8593103" role=""/>
  <member type="relation" ref="8593101" role=""/>
  <member type="relation" ref="9417030" role=""/>
  <member type="relation" ref="9417029" role=""/>
  <member type="relation" ref="9417028" role=""/>
  <member type="relation" ref="9417027" role=""/>
  <member type="relation" ref="9417026" role=""/>
  <member type="relation" ref="9242269" role=""/>
  <member type="relation" ref="9417025" role=""/>
  <member type="relation" ref="9417024" role=""/>
  <member type="relation" ref="9234795" role=""/>
  <member type="relation" ref="9417023" role=""/>
  <member type="relation" ref="9417022" role=""/>
  <member type="relation" ref="9417021" role=""/>
  <member type="relation" ref="9417020" role=""/>
  <member type="relation" ref="9417019" role=""/>
  <member type="relation" ref="9417018" role=""/>
  <member type="relation" ref="9417017" role=""/>
  <member type="relation" ref="9417016" role=""/>
  <member type="relation" ref="9417015" role=""/>
  <member type="relation" ref="9242339" role=""/>
  <member type="relation" ref="9417014" role=""/>
  <member type="relation" ref="9417013" role=""/>
  <member type="relation" ref="9417012" role=""/>
  <member type="relation" ref="9417011" role=""/>
  <member type="relation" ref="9417010" role=""/>
  <member type="relation" ref="9417009" role=""/>
  <member type="relation" ref="9417008" role=""/>
  <member type="relation" ref="9417007" role=""/>
  <member type="relation" ref="9417006" role=""/>
  <member type="relation" ref="9417005" role=""/>
  <member type="relation" ref="9417004" role=""/>
  <member type="relation" ref="9417003" role=""/>
  <member type="relation" ref="9417002" role=""/>
  <member type="relation" ref="9417001" role=""/>
  <member type="relation" ref="9417000" role=""/>
  <member type="relation" ref="9416999" role=""/>
  <member type="relation" ref="9416998" role=""/>
  <member type="relation" ref="9416997" role=""/>
  <member type="relation" ref="9416996" role=""/>
  <member type="relation" ref="9416995" role=""/>
  <member type="relation" ref="9416994" role=""/>
  <member type="relation" ref="9416993" role=""/>
  <member type="relation" ref="9416992" role=""/>
  <member type="relation" ref="9416991" role=""/>
  <member type="relation" ref="9416990" role=""/>
  <member type="relation" ref="9416989" role=""/>
  <member type="relation" ref="9416988" role=""/>
  <member type="relation" ref="9416987" role=""/>
  <member type="relation" ref="9416986" role=""/>
  <member type="relation" ref="9416985" role=""/>
  <member type="relation" ref="9416984" role=""/>
  <member type="relation" ref="9416983" role=""/>
  <member type="relation" ref="9416982" role=""/>
  <member type="relation" ref="9416981" role=""/>
  <member type="relation" ref="9416980" role=""/>
  <member type="relation" ref="9416979" role=""/>
  <member type="relation" ref="9416978" role=""/>
  <member type="relation" ref="9416977" role=""/>
  <member type="relation" ref="9416976" role=""/>
  <member type="relation" ref="9416975" role=""/>
  <member type="relation" ref="9234758" role=""/>
  <member type="relation" ref="9740139" role=""/>
  <member type="relation" ref="9416647" role=""/>
  <member type="relation" ref="9416646" role=""/>
  <member type="relation" ref="9416645" role=""/>
  <member type="relation" ref="9416644" role=""/>
  <member type="relation" ref="9416643" role=""/>
  <member type="relation" ref="9740183" role=""/>
  <member type="relation" ref="8591658" role=""/>
  <member type="relation" ref="9416642" role=""/>
  <member type="relation" ref="9416614" role=""/>
  <member type="relation" ref="9416613" role=""/>
  <member type="relation" ref="7359152" role=""/>
  <member type="relation" ref="9416641" role=""/>
  <member type="relation" ref="9416640" role=""/>
  <member type="relation" ref="9416612" role=""/>
  <member type="relation" ref="9416611" role=""/>
  <member type="relation" ref="9416610" role=""/>
  <member type="relation" ref="9416609" role=""/>
  <member type="relation" ref="9416608" role=""/>
  <member type="relation" ref="9740138" role=""/>
  <member type="relation" ref="9740137" role=""/>
  <member type="relation" ref="8591657" role=""/>
  <member type="relation" ref="9740182" role=""/>
  <member type="relation" ref="9385460" role=""/>
  <member type="relation" ref="9740136" role=""/>
  <member type="relation" ref="9740135" role=""/>
  <member type="relation" ref="9416639" role=""/>
  <member type="relation" ref="9416638" role=""/>
  <member type="relation" ref="9416637" role=""/>
  <member type="relation" ref="9416636" role=""/>
  <member type="relation" ref="9416635" role=""/>
  <member type="relation" ref="9416634" role=""/>
  <member type="relation" ref="9416633" role=""/>
  <member type="relation" ref="9416632" role=""/>
  <member type="relation" ref="9416631" role=""/>
  <member type="relation" ref="9416630" role=""/>
  <member type="relation" ref="9416629" role=""/>
  <member type="relation" ref="9416628" role=""/>
  <member type="relation" ref="9416627" role=""/>
  <member type="relation" ref="9416626" role=""/>
  <member type="relation" ref="9416625" role=""/>
  <member type="relation" ref="18481391" role=""/>
  <member type="relation" ref="9412883" role=""/>
  <member type="relation" ref="9412882" role=""/>
  <member type="relation" ref="9412881" role=""/>
  <member type="relation" ref="9412880" role=""/>
  <member type="relation" ref="9412877" role=""/>
  <member type="relation" ref="9412875" role=""/>
  <member type="relation" ref="9412874" role=""/>
  <member type="relation" ref="9412873" role=""/>
  <member type="relation" ref="9412872" role=""/>
  <member type="relation" ref="9412871" role=""/>
  <member type="relation" ref="9412870" role=""/>
  <member type="relation" ref="9412869" role=""/>
  <member type="relation" ref="9412868" role=""/>
  <member type="relation" ref="9385434" role=""/>
  <member type="relation" ref="9412867" role=""/>
  <member type="relation" ref="9412866" role=""/>
  <member type="relation" ref="9412865" role=""/>
  <member type="relation" ref="9412864" role=""/>
  <member type="relation" ref="9412863" role=""/>
  <member type="relation" ref="9412862" role=""/>
  <member type="relation" ref="9412861" role=""/>
  <member type="relation" ref="9385453" role=""/>
  <member type="relation" ref="9412860" role=""/>
  <member type="relation" ref="9412859" role=""/>
  <member type="relation" ref="9412858" role=""/>
  <member type="relation" ref="9412857" role=""/>
  <member type="relation" ref="9412856" role=""/>
  <member type="relation" ref="9412855" role=""/>
  <member type="relation" ref="9412854" role=""/>
  <member type="relation" ref="6856311" role=""/>
  <member type="relation" ref="9412853" role=""/>
  <member type="relation" ref="9385450" role=""/>
  <member type="relation" ref="9412852" role=""/>
  <member type="relation" ref="9412851" role=""/>
  <member type="relation" ref="9412850" role=""/>
  <member type="relation" ref="9412849" role=""/>
  <member type="relation" ref="9412848" role=""/>
  <member type="relation" ref="9412847" role=""/>
  <member type="relation" ref="9412846" role=""/>
  <member type="relation" ref="9412845" role=""/>
  <member type="relation" ref="9412844" role=""/>
  <member type="relation" ref="9412843" role=""/>
  <member type="relation" ref="9412842" role=""/>
  <member type="relation" ref="9412841" role=""/>
  <member type="relation" ref="9412840" role=""/>
  <member type="relation" ref="9412839" role=""/>
  <member type="relation" ref="9412838" role=""/>
  <member type="relation" ref="9412837" role=""/>
  <member type="relation" ref="9412836" role=""/>
  <member type="relation" ref="9412835" role=""/>
  <member type="relation" ref="9412834" role=""/>
  <member type="relation" ref="9412833" role=""/>
  <member type="relation" ref="9412832" role=""/>
  <member type="relation" ref="9412831" role=""/>
  <member type="relation" ref="9412830" role=""/>
  <member type="relation" ref="9412829" role=""/>
  <member type="relation" ref="9412828" role=""/>
  <member type="relation" ref="9412827" role=""/>
  <member type="relation" ref="9412826" role=""/>
  <member type="relation" ref="9412825" role=""/>
  <member type="relation" ref="9412824" role=""/>
  <member type="relation" ref="9412768" role=""/>
  <member type="relation" ref="18550302" role=""/>
  <member type="relation" ref="9412823" role=""/>
  <member type="relation" ref="9412822" role=""/>
  <member type="relation" ref="9412821" role=""/>
  <member type="relation" ref="9412820" role=""/>
  <member type="relation" ref="9412819" role=""/>
  <member type="relation" ref="9412818" role=""/>
  <member type="relation" ref="9412817" role=""/>
  <member type="relation" ref="9412816" role=""/>
  <member type="relation" ref="9385448" role=""/>
  <member type="relation" ref="9385445" role=""/>
  <member type="relation" ref="9412815" role=""/>
  <member type="relation" ref="9412814" role=""/>
  <member type="relation" ref="9385474" role=""/>
  <member type="relation" ref="9412813" role=""/>
  <member type="relation" ref="9412812" role=""/>
  <member type="relation" ref="9412811" role=""/>
  <member type="relation" ref="9412810" role=""/>
  <member type="relation" ref="9412809" role=""/>
  <member type="relation" ref="9412808" role=""/>
  <member type="relation" ref="9412767" role=""/>
  <member type="relation" ref="9412807" role=""/>
  <member type="relation" ref="9412806" role=""/>
  <member type="relation" ref="9412805" role=""/>
  <member type="relation" ref="9412804" role=""/>
  <member type="relation" ref="9412803" role=""/>
  <member type="relation" ref="9412802" role=""/>
  <member type="relation" ref="9412801" role=""/>
  <member type="relation" ref="9412800" role=""/>
  <member type="relation" ref="9412799" role=""/>
  <member type="relation" ref="9412798" role=""/>
  <member type="relation" ref="9412797" role=""/>
  <member type="relation" ref="9412796" role=""/>
  <member type="relation" ref="9412795" role=""/>
  <member type="relation" ref="9412794" role=""/>
  <member type="relation" ref="9412793" role=""/>
  <member type="relation" ref="8591656" role=""/>
  <member type="relation" ref="9412792" role=""/>
  <member type="relation" ref="9412791" role=""/>
  <member type="relation" ref="9412790" role=""/>
  <member type="relation" ref="9412789" role=""/>
  <member type="relation" ref="9412788" role=""/>
  <member type="relation" ref="9412787" role=""/>
  <member type="relation" ref="9412786" role=""/>
  <member type="relation" ref="9412785" role=""/>
  <member type="relation" ref="9385462" role=""/>
  <member type="relation" ref="9403670" role=""/>
  <member type="relation" ref="9412766" role=""/>
  <member type="relation" ref="9412784" role=""/>
  <member type="relation" ref="8591639" role=""/>
  <member type="relation" ref="8591653" role=""/>
  <member type="relation" ref="8591652" role=""/>
  <member type="relation" ref="8591651" role=""/>
  <member type="relation" ref="8591650" role=""/>
  <member type="relation" ref="8591649" role=""/>
  <member type="relation" ref="8591648" role=""/>
  <member type="relation" ref="9672910" role=""/>
  <member type="relation" ref="8591647" role=""/>
  <member type="relation" ref="8591646" role=""/>
  <member type="relation" ref="8591645" role=""/>
  <member type="relation" ref="8591644" role=""/>
  <member type="relation" ref="8591643" role=""/>
  <member type="relation" ref="8591642" role=""/>
  <member type="relation" ref="8591641" role=""/>
  <member type="relation" ref="8591640" role=""/>
  <member type="relation" ref="9672909" role=""/>
  <member type="relation" ref="9672908" role=""/>
  <member type="relation" ref="9672907" role=""/>
  <member type="relation" ref="9672906" role=""/>
  <member type="relation" ref="9672905" role=""/>
  <member type="relation" ref="5463276" role=""/>
  <member type="relation" ref="9672904" role=""/>
  <member type="relation" ref="9672903" role=""/>
  <member type="relation" ref="9672902" role=""/>
  <member type="relation" ref="9672901" role=""/>
  <member type="relation" ref="9672900" role=""/>
  <member type="relation" ref="9672899" role=""/>
  <member type="relation" ref="9672898" role=""/>
  <member type="relation" ref="9672897" role=""/>
  <member type="relation" ref="9672896" role=""/>
  <member type="relation" ref="9672895" role=""/>
  <member type="relation" ref="9412765" role=""/>
  <member type="relation" ref="9412764" role=""/>
  <member type="relation" ref="9672894" role=""/>
  <member type="relation" ref="9672893" role=""/>
  <member type="relation" ref="9672892" role=""/>
  <member type="relation" ref="9672891" role=""/>
  <member type="relation" ref="9672890" role=""/>
  <member type="relation" ref="9672889" role=""/>
  <member type="relation" ref="9672888" role=""/>
  <member type="relation" ref="9672887" role=""/>
  <member type="relation" ref="9672886" role=""/>
  <member type="relation" ref="9672885" role=""/>
  <member type="relation" ref="9672884" role=""/>
  <member type="relation" ref="9672883" role=""/>
  <member type="relation" ref="1798858" role=""/>
  <member type="relation" ref="9740133" role=""/>
  <member type="relation" ref="9672875" role=""/>
  <member type="relation" ref="9672874" role=""/>
  <member type="relation" ref="9672873" role=""/>
  <member type="relation" ref="9672872" role=""/>
  <member type="relation" ref="9672871" role=""/>
  <member type="relation" ref="9672870" role=""/>
  <member type="relation" ref="9740181" role=""/>
  <member type="relation" ref="10535874" role=""/>
  <member type="relation" ref="9740132" role=""/>
  <member type="relation" ref="9740131" role=""/>
  <member type="relation" ref="9672869" role=""/>
  <member type="relation" ref="9740134" role=""/>
  <member type="relation" ref="9740130" role=""/>
  <member type="relation" ref="9740129" role=""/>
  <member type="relation" ref="9740128" role=""/>
  <member type="relation" ref="10816378" role=""/>
  <member type="relation" ref="10816377" role=""/>
  <member type="relation" ref="10816376" role=""/>
  <member type="relation" ref="10816375" role=""/>
  <member type="relation" ref="9740127" role=""/>
  <member type="relation" ref="10816374" role=""/>
  <member type="relation" ref="10533449" role=""/>
  <member type="relation" ref="9740126" role=""/>
  <member type="relation" ref="9740125" role=""/>
  <member type="relation" ref="9740124" role=""/>
  <member type="relation" ref="9740123" role=""/>
  <member type="relation" ref="9740122" role=""/>
  <member type="relation" ref="9740121" role=""/>
  <member type="relation" ref="9740120" role=""/>
  <member type="relation" ref="17541973" role=""/>
  <member type="relation" ref="9740119" role=""/>
  <member type="relation" ref="9740118" role=""/>
  <member type="relation" ref="9740117" role=""/>
  <member type="relation" ref="9740116" role=""/>
  <member type="relation" ref="9740180" role=""/>
  <member type="relation" ref="9740115" role=""/>
  <member type="relation" ref="19325719" role=""/>
  <member type="relation" ref="9740031" role=""/>
  <member type="relation" ref="9740030" role=""/>
  <member type="relation" ref="9740179" role=""/>
  <member type="relation" ref="9412763" role=""/>
  <member type="relation" ref="9740114" role=""/>
  <member type="relation" ref="9740113" role=""/>
  <member type="relation" ref="9740178" role=""/>
  <member type="relation" ref="9740112" role=""/>
  <member type="relation" ref="9740177" role=""/>
  <member type="relation" ref="9740111" role=""/>
  <member type="relation" ref="10601162" role=""/>
  <member type="relation" ref="10601161" role=""/>
  <member type="relation" ref="19325727" role=""/>
  <member type="relation" ref="10601158" role=""/>
  <member type="relation" ref="10104371" role=""/>
  <member type="relation" ref="9740110" role=""/>
  <member type="relation" ref="9740109" role=""/>
  <member type="relation" ref="9740108" role=""/>
  <member type="relation" ref="9740107" role=""/>
  <member type="relation" ref="9740106" role=""/>
  <member type="relation" ref="9740105" role=""/>
  <member type="relation" ref="9740104" role=""/>
  <member type="relation" ref="9740103" role=""/>
  <member type="relation" ref="9740102" role=""/>
  <member type="relation" ref="9740101" role=""/>
  <member type="relation" ref="17545851" role=""/>
  <member type="relation" ref="9740100" role=""/>
  <member type="relation" ref="9740099" role=""/>
  <member type="relation" ref="9385483" role=""/>
  <member type="relation" ref="19336714" role=""/>
  <member type="relation" ref="19336715" role=""/>
  <member type="relation" ref="19336725" role=""/>
  <member type="relation" ref="19336724" role=""/>
  <member type="relation" ref="9740098" role=""/>
  <member type="relation" ref="9740097" role=""/>
  <member type="relation" ref="9740096" role=""/>
  <member type="relation" ref="9740094" role=""/>
  <member type="relation" ref="9740093" role=""/>
  <member type="relation" ref="9740095" role=""/>
  <member type="relation" ref="17750687" role=""/>
  <member type="relation" ref="17750713" role=""/>
  <member type="relation" ref="9740092" role=""/>
  <member type="relation" ref="1946515" role=""/>
  <member type="relation" ref="9740091" role=""/>
  <member type="relation" ref="1946516" role=""/>
  <member type="relation" ref="9740090" role=""/>
  <member type="relation" ref="1946517" role=""/>
  <member type="relation" ref="1946463" role=""/>
  <member type="relation" ref="9740089" role=""/>
  <member type="relation" ref="1946518" role=""/>
  <member type="relation" ref="9740088" role=""/>
  <member type="relation" ref="9740087" role=""/>
  <member type="relation" ref="9740086" role=""/>
  <member type="relation" ref="9740085" role=""/>
  <member type="relation" ref="9740084" role=""/>
  <member type="relation" ref="9740083" role=""/>
  <member type="relation" ref="9740082" role=""/>
  <member type="relation" ref="9740081" role=""/>
  <member type="relation" ref="9740080" role=""/>
  <member type="relation" ref="9740079" role=""/>
  <member type="relation" ref="9740078" role=""/>
  <member type="relation" ref="19377062" role=""/>
  <member type="relation" ref="9740077" role=""/>
  <member type="relation" ref="18271213" role=""/>
  <member type="relation" ref="9740076" role=""/>
  <member type="relation" ref="1941954" role=""/>
  <member type="relation" ref="1941955" role=""/>
  <member type="relation" ref="1941956" role=""/>
  <member type="relation" ref="1941957" role=""/>
  <member type="relation" ref="1941963" role=""/>
  <member type="relation" ref="1941964" role=""/>
  <member type="relation" ref="9740176" role=""/>
  <member type="relation" ref="1940207" role=""/>
  <member type="relation" ref="9740075" role=""/>
  <member type="relation" ref="9740029" role=""/>
  <member type="relation" ref="9740074" role=""/>
  <member type="relation" ref="9740073" role=""/>
  <member type="relation" ref="9740072" role=""/>
  <member type="relation" ref="9740071" role=""/>
  <member type="relation" ref="9740070" role=""/>
  <member type="relation" ref="9740069" role=""/>
  <member type="relation" ref="1946514" role=""/>
  <member type="relation" ref="19336774" role=""/>
  <member type="relation" ref="9740068" role=""/>
  <member type="relation" ref="9740067" role=""/>
  <member type="relation" ref="9740066" role=""/>
  <member type="relation" ref="9740065" role=""/>
  <member type="relation" ref="9740064" role=""/>
  <member type="relation" ref="9740063" role=""/>
  <member type="relation" ref="9740062" role=""/>
  <member type="relation" ref="9740061" role=""/>
  <member type="relation" ref="9740060" role=""/>
  <member type="relation" ref="10591795" role=""/>
  <member type="relation" ref="9416624" role=""/>
  <member type="relation" ref="1673105" role=""/>
  <member type="relation" ref="8218280" role=""/>
  <member type="relation" ref="1940186" role=""/>
  <member type="relation" ref="1938848" role=""/>
  <member type="relation" ref="9836740" role=""/>
  <member type="relation" ref="2096817" role=""/>
  <member type="relation" ref="9740058" role=""/>
  <member type="relation" ref="15782784" role=""/>
  <member type="relation" ref="8858789" role=""/>
  <member type="relation" ref="8861172" role=""/>
  <member type="relation" ref="9740057" role=""/>
  <member type="relation" ref="9740056" role=""/>
  <member type="relation" ref="9740055" role=""/>
  <member type="relation" ref="9740059" role=""/>
  <member type="relation" ref="9740054" role=""/>
  <member type="relation" ref="9740175" role=""/>
  <member type="relation" ref="9740053" role=""/>
  <member type="relation" ref="9740052" role=""/>
  <member type="relation" ref="9740051" role=""/>
  <member type="relation" ref="9740050" role=""/>
  <member type="relation" ref="9740049" role=""/>
  <member type="relation" ref="9740048" role=""/>
  <member type="relation" ref="9740047" role=""/>
  <member type="relation" ref="9416974" role=""/>
  <member type="relation" ref="9416973" role=""/>
  <member type="relation" ref="19383261" role=""/>
  <member type="relation" ref="9383245" role=""/>
  <member type="relation" ref="9416972" role=""/>
  <member type="relation" ref="9416971" role=""/>
  <member type="relation" ref="9416970" role=""/>
  <member type="relation" ref="9416969" role=""/>
  <member type="relation" ref="9416968" role=""/>
  <member type="relation" ref="9416967" role=""/>
  <member type="relation" ref="9416966" role=""/>
  <member type="relation" ref="9416965" role=""/>
  <member type="relation" ref="9740046" role=""/>
  <member type="relation" ref="9740045" role=""/>
  <member type="relation" ref="9740044" role=""/>
  <member type="relation" ref="9740174" role=""/>
  <member type="relation" ref="9412783" role=""/>
  <member type="relation" ref="9242375" role=""/>
  <member type="relation" ref="9403669" role=""/>
  <member type="relation" ref="9385459" role=""/>
  <member type="relation" ref="9412762" role=""/>
  <member type="relation" ref="9403668" role=""/>
  <member type="relation" ref="9243765" role=""/>
  <member type="relation" ref="9412782" role=""/>
  <member type="relation" ref="6868249" role=""/>
  <member type="relation" ref="9403667" role=""/>
  <member type="relation" ref="9243702" role=""/>
  <member type="relation" ref="9385471" role=""/>
  <member type="relation" ref="9412781" role=""/>
  <member type="relation" ref="9412780" role=""/>
  <member type="relation" ref="9412779" role=""/>
  <member type="relation" ref="9412778" role=""/>
  <member type="relation" ref="9412761" role=""/>
  <member type="relation" ref="17738717" role=""/>
  <member type="relation" ref="17738937" role=""/>
  <member type="relation" ref="9220171" role=""/>
  <member type="relation" ref="9403666" role=""/>
  <member type="relation" ref="9385444" role=""/>
  <member type="relation" ref="9403665" role=""/>
  <member type="relation" ref="9385438" role=""/>
  <member type="relation" ref="10599818" role=""/>
  <member type="relation" ref="9836744" role=""/>
  <member type="relation" ref="9412777" role=""/>
  <member type="relation" ref="9412760" role=""/>
  <member type="relation" ref="9416607" role=""/>
  <member type="relation" ref="9740043" role=""/>
  <member type="relation" ref="9740028" role=""/>
  <member type="relation" ref="10816381" role=""/>
  <member type="relation" ref="10816379" role=""/>
  <member type="relation" ref="10816380" role=""/>
  <member type="relation" ref="9416623" role=""/>
  <member type="relation" ref="9416606" role=""/>
  <member type="relation" ref="9416605" role=""/>
  <member type="relation" ref="9412759" role=""/>
  <member type="relation" ref="18549398" role=""/>
  <member type="relation" ref="9412776" role=""/>
  <member type="relation" ref="9740042" role=""/>
  <member type="relation" ref="9740041" role=""/>
  <member type="relation" ref="9220653" role=""/>
  <member type="relation" ref="9412758" role=""/>
  <member type="relation" ref="9412757" role=""/>
  <member type="relation" ref="1940187" role=""/>
  <member type="relation" ref="1940188" role=""/>
  <member type="relation" ref="9416964" role=""/>
  <member type="relation" ref="9416952" role=""/>
  <member type="relation" ref="9416963" role=""/>
  <member type="relation" ref="9416951" role=""/>
  <member type="relation" ref="9416962" role=""/>
  <member type="relation" ref="9416950" role=""/>
  <member type="relation" ref="9416961" role=""/>
  <member type="relation" ref="9416960" role=""/>
  <member type="relation" ref="9416949" role=""/>
  <member type="relation" ref="9416959" role=""/>
  <member type="relation" ref="9416958" role=""/>
  <member type="relation" ref="9416957" role=""/>
  <member type="relation" ref="9416956" role=""/>
  <member type="relation" ref="9416955" role=""/>
  <member type="relation" ref="18589485" role=""/>
  <member type="relation" ref="9416954" role=""/>
  <member type="relation" ref="1946519" role=""/>
  <member type="relation" ref="9740173" role=""/>
  <member type="relation" ref="9416953" role=""/>
  <member type="relation" ref="19325834" role=""/>
  <member type="relation" ref="19383696" role=""/>
  <member type="relation" ref="9412774" role=""/>
  <member type="relation" ref="10641899" role=""/>
  <member type="relation" ref="9416622" role=""/>
  <member type="relation" ref="9416948" role=""/>
  <member type="relation" ref="19425464" role=""/>
  <member type="relation" ref="1946520" role=""/>
  <member type="relation" ref="9416621" role=""/>
  <member type="relation" ref="9416620" role=""/>
  <member type="relation" ref="9416619" role=""/>
  <member type="relation" ref="9416604" role=""/>
  <member type="relation" ref="9416603" role=""/>
  <member type="relation" ref="9416602" role=""/>
  <member type="relation" ref="9416618" role=""/>
  <member type="relation" ref="9416598" role=""/>
  <member type="relation" ref="9416601" role=""/>
  <member type="relation" ref="9416600" role=""/>
  <member type="relation" ref="9416599" role=""/>
  <member type="relation" ref="9403748" role=""/>
  <member type="relation" ref="9385433" role=""/>
  <member type="relation" ref="9385487" role=""/>
  <member type="relation" ref="9385478" role=""/>
  <member type="relation" ref="6776481" role=""/>
  <member type="relation" ref="9403664" role=""/>
  <member type="relation" ref="9385451" role=""/>
  <member type="relation" ref="9403663" role=""/>
  <member type="relation" ref="9403662" role=""/>
  <member type="relation" ref="9385488" role=""/>
  <member type="relation" ref="9385473" role=""/>
  <member type="relation" ref="9385457" role=""/>
  <member type="relation" ref="9236687" role=""/>
  <member type="relation" ref="9385469" role=""/>
  <member type="relation" ref="9385467" role=""/>
  <member type="relation" ref="6776395" role=""/>
  <member type="relation" ref="9412773" role=""/>
  <member type="relation" ref="9740040" role=""/>
  <member type="relation" ref="9385492" role=""/>
  <member type="relation" ref="9385436" role=""/>
  <member type="relation" ref="9385468" role=""/>
  <member type="relation" ref="7358284" role=""/>
  <member type="relation" ref="9385466" role=""/>
  <member type="relation" ref="9385485" role=""/>
  <member type="relation" ref="9385493" role=""/>
  <member type="relation" ref="9385439" role=""/>
  <member type="relation" ref="9407361" role=""/>
  <member type="relation" ref="9385475" role=""/>
  <member type="relation" ref="9385486" role=""/>
  <member type="relation" ref="9385452" role=""/>
  <member type="relation" ref="9385441" role=""/>
  <member type="relation" ref="9385491" role=""/>
  <member type="relation" ref="9385449" role=""/>
  <member type="relation" ref="9412756" role=""/>
  <member type="relation" ref="9412772" role=""/>
  <member type="relation" ref="9412755" role=""/>
  <member type="relation" ref="9740039" role=""/>
  <member type="relation" ref="17548379" role=""/>
  <member type="relation" ref="9385479" role=""/>
  <member type="relation" ref="9385461" role=""/>
  <member type="relation" ref="9385454" role=""/>
  <member type="relation" ref="9236684" role=""/>
  <member type="relation" ref="9385443" role=""/>
  <member type="relation" ref="9385480" role=""/>
  <member type="relation" ref="9385490" role=""/>
  <member type="relation" ref="9416617" role=""/>
  <member type="relation" ref="5598563" role=""/>
  <member type="relation" ref="9672882" role=""/>
  <member type="relation" ref="9672881" role=""/>
  <member type="relation" ref="9672880" role=""/>
  <member type="relation" ref="9672879" role=""/>
  <member type="relation" ref="9385470" role=""/>
  <member type="relation" ref="9385440" role=""/>
  <member type="relation" ref="9385464" role=""/>
  <member type="relation" ref="9740038" role=""/>
  <member type="relation" ref="9385489" role=""/>
  <member type="relation" ref="9385455" role=""/>
  <member type="relation" ref="9385472" role=""/>
  <member type="relation" ref="9236689" role=""/>
  <member type="relation" ref="9672868" role=""/>
  <member type="relation" ref="9412771" role=""/>
  <member type="relation" ref="9672878" role=""/>
  <member type="relation" ref="9672877" role=""/>
  <member type="relation" ref="6781293" role=""/>
  <member type="relation" ref="9617652" role=""/>
  <member type="relation" ref="9617110" role=""/>
  <member type="relation" ref="19377075" role=""/>
  <member type="relation" ref="19377084" role=""/>
  <member type="relation" ref="19382084" role=""/>
  <member type="relation" ref="19382090" role=""/>
  <member type="relation" ref="19382118" role=""/>
  <member type="relation" ref="19378869" role=""/>
  <member type="relation" ref="19378888" role=""/>
  <member type="relation" ref="19382064" role=""/>
  <member type="relation" ref="19381990" role=""/>
  <member type="relation" ref="19381951" role=""/>
  <member type="relation" ref="19381970" role=""/>
  <member type="relation" ref="8825067" role=""/>
  <member type="relation" ref="8855841" role=""/>
  <member type="relation" ref="9744381" role=""/>
  <member type="relation" ref="9219524" role=""/>
  <member type="relation" ref="9412770" role=""/>
  <member type="relation" ref="9740172" role=""/>
  <member type="relation" ref="17542070" role=""/>
  <member type="relation" ref="17545737" role=""/>
  <member type="relation" ref="9740037" role=""/>
  <member type="relation" ref="16176555" role=""/>
  <member type="relation" ref="6858376" role=""/>
  <member type="relation" ref="6779593" role=""/>
  <member type="relation" ref="17357705" role=""/>
  <member type="relation" ref="19325724" role=""/>
  <member type="relation" ref="6817995" role=""/>
  <member type="relation" ref="9740036" role=""/>
  <member type="relation" ref="5598668" role=""/>
  <member type="relation" ref="17327787" role=""/>
  <member type="relation" ref="17327845" role=""/>
  <member type="relation" ref="17327848" role=""/>
  <member type="relation" ref="18130190" role=""/>
  <member type="relation" ref="17327870" role=""/>
  <member type="relation" ref="17327910" role=""/>
  <member type="relation" ref="17328510" role=""/>
  <member type="relation" ref="17328535" role=""/>
  <member type="relation" ref="17328563" role=""/>
  <member type="relation" ref="3440524" role=""/>
  <member type="relation" ref="19157846" role=""/>
  <member type="relation" ref="9243786" role=""/>
  <member type="relation" ref="17330100" role=""/>
  <member type="relation" ref="17330129" role=""/>
  <member type="relation" ref="17330140" role=""/>
  <member type="relation" ref="19455656" role=""/>
  <member type="relation" ref="17330189" role=""/>
  <member type="relation" ref="17330247" role=""/>
  <member type="relation" ref="17325672" role=""/>
  <member type="relation" ref="9740035" role=""/>
  <member type="relation" ref="9412769" role=""/>
  <member type="relation" ref="9740027" role=""/>
  <member type="relation" ref="9672867" role=""/>
  <member type="relation" ref="18271124" role=""/>
  <member type="relation" ref="17802193" role=""/>
  <member type="relation" ref="17802189" role=""/>
  <member type="relation" ref="18395030" role=""/>
  <member type="relation" ref="9228189" role=""/>
  <member type="relation" ref="19719516" role=""/>
  <member type="relation" ref="19719518" role=""/>
  <member type="relation" ref="17325339" role=""/>
  <member type="relation" ref="17325340" role=""/>
  <member type="relation" ref="17325396" role=""/>
  <member type="relation" ref="17325395" role=""/>
  <member type="relation" ref="18481418" role=""/>
  <member type="relation" ref="19446546" role=""/>
  <member type="relation" ref="19446643" role=""/>
  <member type="relation" ref="19446685" role=""/>
  <member type="relation" ref="19446693" role=""/>
  <member type="relation" ref="17843808" role=""/>
  <member type="relation" ref="17843744" role=""/>
  <member type="relation" ref="17173197" role=""/>
  <member type="relation" ref="17173297" role=""/>
  <member type="relation" ref="17174457" role=""/>
  <member type="relation" ref="17178293" role=""/>
  <member type="relation" ref="17188364" role=""/>
  <member type="relation" ref="17179158" role=""/>
  <member type="relation" ref="17187380" role=""/>
  <member type="relation" ref="17292940" role=""/>
  <member type="relation" ref="18481476" role=""/>
  <member type="relation" ref="18481516" role=""/>
  <member type="relation" ref="16172270" role=""/>
  <member type="relation" ref="18558253" role=""/>
  <member type="relation" ref="18570489" role=""/>
  <member type="relation" ref="19157860" role=""/>
  <member type="relation" ref="18589661" role=""/>
  <member type="relation" ref="18589590" role=""/>
  <member type="relation" ref="18589589" role=""/>
  <member type="relation" ref="18575412" role=""/>
  <member type="relation" ref="18575416" role=""/>
  <member type="relation" ref="9385476" role=""/>
  <member type="relation" ref="9385458" role=""/>
  <member type="relation" ref="9740034" role=""/>
  <member type="relation" ref="9740033" role=""/>
  <member type="relation" ref="9740026" role=""/>
  <member type="relation" ref="15628096" role=""/>
  <member type="relation" ref="15628097" role=""/>
  <member type="relation" ref="19455641" role=""/>
  <member type="relation" ref="19383430" role=""/>
  <member type="relation" ref="17798476" role=""/>
  <member type="relation" ref="17802162" role=""/>
  <member type="relation" ref="19378860" role=""/>
  <member type="relation" ref="19378822" role=""/>
  <member type="relation" ref="19383465" role=""/>
  <tag k="name" v="BMTC"/>
  <tag k="name:kn" v="ಬಿಎಂಟಿಸಿ"/>
  <tag k="network" v="BMTC"/>
  <tag k="operator" v="BMTC"/>
  <tag k="type" v="network"/>
 </relation>
 <relation id="9740033" visible="true" version="10" changeset="140889578" timestamp="2023-09-06T11:01:55Z" user="Vishal Somni" uid="14315476">
  <member type="node" ref="596446558" role="platform"/>
  <member type="node" ref="4144224291" role="platform"/>
  <member type="node" ref="663573137" role="platform"/>
  <member type="way" ref="730432812" role=""/>
  <member type="way" ref="355938968" role=""/>
  <member type="way" ref="1109912029" role=""/>
  <member type="way" ref="36913434" role=""/>
  <member type="way" ref="1110191850" role=""/>
  <member type="way" ref="1205171801" role=""/>
  <member type="way" ref="1109911790" role=""/>
  <member type="way" ref="1148155463" role=""/>
  <tag k="from" v="Jaga Jeevan Ram Nagara"/>
  <tag k="name" v="TR4A: Jaga Jeevan Ram Nagara =&gt; RK Hegde Nagara"/>
  <tag k="network" v="BMTC"/>
  <tag k="network:wikidata" v="Q3345039"/>
  <tag k="operator" v="BMTC"/>
  <tag k="public_transport:version" v="2"/>
  <tag k="ref" v="TR4A"/>
  <tag k="route" v="bus"/>
  <tag k="to" v="RK Hegde Nagara"/>
  <tag k="type" v="route"/>
 </relation>
 <relation id="9740036" visible="true" version="19" changeset="187728217" timestamp="2026-08-20T08:00:02Z" user="alivapanda" uid="19505674">
  <member type="node" ref="596446558" role="platform"/>
  <member type="node" ref="4144224291" role="platform"/>
  <member type="node" ref="663573137" role="platform"/>
  <member type="node" ref="2468903219" role="platform"/>
  <member type="node" ref="6834406252" role="platform"/>
  <member type="way" ref="730432812" role=""/>
  <member type="way" ref="355938968" role=""/>
  <member type="way" ref="1109912029" role=""/>
  <member type="way" ref="36913434" role=""/>
  <member type="way" ref="1110191850" role=""/>
  <member type="way" ref="1205171801" role=""/>
  <member type="way" ref="1109911790" role=""/>
  <member type="way" ref="1148155463" role=""/>
  <member type="way" ref="403473952" role=""/>
  <member type="way" ref="1551001627" role=""/>
  <member type="way" ref="36851759" role=""/>
  <member type="way" ref="1308725870" role=""/>
  <member type="way" ref="36852351" role=""/>
  <member type="way" ref="91894181" role=""/>
  <member type="way" ref="627144178" role=""/>
  <member type="way" ref="1379232590" role=""/>
  <tag k="from" v="Kalyananagara Bus Stand"/>
  <tag k="name" v="K6: Kalyananagara Bus Stand =&gt; Jambu Savari Dinne"/>
  <tag k="name:kn" v="ಕೆ ೬"/>
  <tag k="network" v="BMTC"/>
  <tag k="network:wikidata" v="Q3345039"/>
  <tag k="operator" v="BMTC"/>
  <tag k="public_transport:version" v="2"/>
  <tag k="ref" v="K6"/>
  <tag k="route" v="bus"/>
  <tag k="to" v="Jambu Savari Dinne"/>
  <tag k="type" v="route"/>
 </relation>
 <relation id="9740046" visible="true" version="17" changeset="187728217" timestamp="2026-08-20T08:00:02Z" user="alivapanda" uid="19505674">
  <member type="node" ref="596446558" role="platform"/>
  <member type="node" ref="4144224291" role="platform"/>
  <member type="node" ref="663573137" role="platform"/>
  <member type="node" ref="2468903219" role="platform"/>
  <member type="node" ref="6834406252" role="platform"/>
  <member type="way" ref="730432812" role=""/>
  <member type="way" ref="355938968" role=""/>
  <member type="way" ref="1109912029" role=""/>
  <member type="way" ref="36913434" role=""/>
  <member type="way" ref="1110191850" role=""/>
  <member type="way" ref="1205171801" role=""/>
  <member type="way" ref="1109911790" role=""/>
  <member type="way" ref="1148155463" role=""/>
  <member type="way" ref="403473952" role=""/>
  <member type="way" ref="1551001627" role=""/>
  <member type="way" ref="36851759" role=""/>
  <member type="way" ref="1308725870" role=""/>
  <member type="way" ref="36852351" role=""/>
  <member type="way" ref="91894181" role=""/>
  <member type="way" ref="627144178" role=""/>
  <member type="way" ref="1379232590" role=""/>
  <tag k="from" v="Shivajinagara Bus Station"/>
  <tag k="name" v="37: Shivajinagara Bus Station =&gt; Srinagara Bus Station"/>
  <tag k="name:kn" v="೩೭"/>
  <tag k="network" v="BMTC"/>
  <tag k="operator" v="BMTC"/>
  <tag k="public_transport:version" v="2"/>
  <tag k="ref" v="37"/>
  <tag k="route" v="bus"/>
  <tag k="to" v="Srinagara Bus Station"/>
  <tag k="type" v="route"/>
 </relation>
 <relation id="9740049" visible="true" version="11" changeset="187728217" timestamp="2026-08-20T08:00:02Z" user="alivapanda" uid="19505674">
  <member type="node" ref="596446558" role="platform"/>
  <member type="node" ref="4144224291" role="platform"/>
  <member type="node" ref="663573137" role="platform"/>
  <member type="node" ref="2468903219" role="platform"/>
  <member type="way" ref="730432812" role=""/>
  <member type="way" ref="355938968" role=""/>
  <member type="way" ref="1109912029" role=""/>
  <member type="way" ref="36913434" role=""/>
  <member type="way" ref="1110191850" role=""/>
  <member type="way" ref="1205171801" role=""/>
  <member type="way" ref="1109911790" role=""/>
  <member type="way" ref="1148155463" role=""/>
  <member type="way" ref="403473952" role=""/>
  <member type="way" ref="1551001627" role=""/>
  <member type="way" ref="36851759" role=""/>
  <tag k="from" v="Shivajinagara Bus Station"/>
  <tag k="name" v="368: Shivajinagara Bus Station =&gt; Bannerughatta National Park"/>
  <tag k="name:kn" v="೩೬೮"/>
  <tag k="network" v="BMTC"/>
  <tag k="operator" v="BMTC"/>
  <tag k="public_transport:version" v="2"/>
  <tag k="ref" v="368"/>
  <tag k="route" v="bus"/>
  <tag k="to" v="Bannerughatta National Park"/>
  <tag k="type" v="route"/>
 </relation>
 <relation id="9740057" visible="true" version="9" changeset="140841777" timestamp="2023-09-05T09:55:00Z" user="arshadnawaz" uid="19368668">
  <member type="node" ref="596446558" role="platform"/>
  <member type="node" ref="4144224291" role="platform"/>
  <member type="node" ref="663573137" role="platform"/>
  <member type="way" ref="730432812" role=""/>
  <member type="way" ref="355938968" role=""/>
  <member type="way" ref="1109912029" role=""/>
  <member type="way" ref="36913434" role=""/>
  <member type="way" ref="1110191850" role=""/>
  <member type="way" ref="1205171801" role=""/>
  <member type="way" ref="1109911790" role=""/>
  <member type="way" ref="1148155463" role=""/>
  <tag k="from" v="Shivajinagara Bus Station"/>
  <tag k="name" v="342WA: Shivajinagara Bus Station =&gt; Kuthaganahalli"/>
  <tag k="network" v="BMTC"/>
  <tag k="operator" v="BMTC"/>
  <tag k="public_transport:version" v="2"/>
  <tag k="ref" v="342WA"/>
  <tag k="route" v="bus"/>
  <tag k="to" v="Kuthaganahalli"/>
  <tag k="type" v="route"/>
 </relation>
 <relation id="9740059" visible="true" version="17" changeset="187728217" timestamp="2026-08-20T08:00:02Z" user="alivapanda" uid="19505674">
  <member type="node" ref="596446558" role="platform"/>
  <member type="node" ref="4144224291" role="platform"/>
  <member type="node" ref="663573137" role="platform"/>
  <member type="node" ref="2468903219" role="platform"/>
  <member type="node" ref="6834406252" role="platform"/>
  <member type="way" ref="730432812" role=""/>
  <member type="way" ref="355938968" role=""/>
  <member type="way" ref="1109912029" role=""/>
  <member type="way" ref="36913434" role=""/>
  <member type="way" ref="1110191850" role=""/>
  <member type="way" ref="1205171801" role=""/>
  <member type="way" ref="1109911790" role=""/>
  <member type="way" ref="1148155463" role=""/>
  <member type="way" ref="403473952" role=""/>
  <member type="way" ref="1551001627" role=""/>
  <member type="way" ref="36851759" role=""/>
  <member type="way" ref="1308725870" role=""/>
  <member type="way" ref="36852351" role=""/>
  <member type="way" ref="91894181" role=""/>
  <member type="way" ref="627144178" role=""/>
  <member type="way" ref="1379232590" role=""/>
  <tag k="from" v="Shivajinagara Bus Station"/>
  <tag k="name" v="34: Shivajinagara Bus Station =&gt; Hoskerehalli"/>
  <tag k="name:kn" v="೩೪"/>
  <tag k="network" v="BMTC"/>
  <tag k="operator" v="BMTC"/>
  <tag k="public_transport:version" v="2"/>
  <tag k="ref" v="34"/>
  <tag k="route" v="bus"/>
  <tag k="to" v="Hoskerehalli"/>
  <tag k="type" v="route"/>
 </relation>
 <relation id="9740128" visible="true" version="16" changeset="187728217" timestamp="2026-08-20T08:00:02Z" user="alivapanda" uid="19505674">
  <member type="node" ref="596446558" role="platform"/>
  <member type="node" ref="4144224291" role="platform"/>
  <member type="node" ref="663573137" role="platform"/>
  <member type="node" ref="2468903219" role="platform"/>
  <member type="node" ref="6834406252" role="platform"/>
  <member type="way" ref="730432812" role=""/>
  <member type="way" ref="355938968" role=""/>
  <member type="way" ref="1109912029" role=""/>
  <member type="way" ref="36913434" role=""/>
  <member type="way" ref="1110191850" role=""/>
  <member type="way" ref="1205171801" role=""/>
  <member type="way" ref="1109911790" role=""/>
  <member type="way" ref="1148155463" role=""/>
  <member type="way" ref="403473952" role=""/>
  <member type="way" ref="1551001627" role=""/>
  <member type="way" ref="36851759" role=""/>
  <member type="way" ref="1308725870" role=""/>
  <member type="way" ref="36852351" role=""/>
  <member type="way" ref="91894181" role=""/>
  <member type="way" ref="627144178" role=""/>
  <member type="way" ref="1379232590" role=""/>
  <tag k="from" v="Shivajinagara Bus Station"/>
  <tag k="name" v="27N: Shivajinagara Bus Station =&gt; Mahadeshwara Nagara"/>
  <tag k="network" v="BMTC"/>
  <tag k="operator" v="BMTC"/>
  <tag k="public_transport:version" v="2"/>
  <tag k="ref" v="27N"/>
  <tag k="route" v="bus"/>
  <tag k="to" v="Mahadeshwara Nagara"/>
  <tag k="type" v="route"/>
 </relation>
 <relation id="9740129" visible="true" version="10" changeset="140841777" timestamp="2023-09-05T09:55:00Z" user="arshadnawaz" uid="19368668">
  <member type="node" ref="596446558" role="platform"/>
  <member type="node" ref="4144224291" role="platform"/>
  <member type="node" ref="663573137" role="platform"/>
  <member type="way" ref="730432812" role=""/>
  <member type="way" ref="355938968" role=""/>
  <member type="way" ref="1109912029" role=""/>
  <member type="way" ref="36913434" role=""/>
  <member type="way" ref="1110191850" role=""/>
  <member type="way" ref="1205171801" role=""/>
  <member type="way" ref="1109911790" role=""/>
  <member type="way" ref="1148155463" role=""/>
  <tag k="from" v="Shivajinagara Bus Station"/>
  <tag k="name" v="27E: Shivajinagara Bus Station =&gt; JP Nagara 3rd Phase"/>
  <tag k="name:kn" v="೨೭ ಇ"/>
  <tag k="network" v="BMTC"/>
  <tag k="operator" v="BMTC"/>
  <tag k="public_transport:version" v="2"/>
  <tag k="ref" v="27E"/>
  <tag k="route" v="bus"/>
  <tag k="to" v="JP Nagara 3rd Phase"/>
  <tag k="type" v="route"/>
 </relation>
 <relation id="9740130" visible="true" version="17" changeset="187728217" timestamp="2026-08-20T08:00:02Z" user="alivapanda" uid="19505674">
  <member type="node" ref="596446558" role="platform"/>
  <member type="node" ref="4144224291" role="platform"/>
  <member type="node" ref="663573137" role="platform"/>
  <member type="node" ref="2468903219" role="platform"/>
  <member type="node" ref="6834406252" role="platform"/>
  <member type="way" ref="730432812" role=""/>
  <member type="way" ref="355938968" role=""/>
  <member type="way" ref="1109912029" role=""/>
  <member type="way" ref="36913434" role=""/>
  <member type="way" ref="1110191850" role=""/>
  <member type="way" ref="1205171801" role=""/>
  <member type="way" ref="1109911790" role=""/>
  <member type="way" ref="1148155463" role=""/>
  <member type="way" ref="403473952" role=""/>
  <member type="way" ref="1551001627" role=""/>
  <member type="way" ref="36851759" role=""/>
  <member type="way" ref="1308725870" role=""/>
  <member type="way" ref="36852351" role=""/>
  <member type="way" ref="91894181" role=""/>
  <member type="way" ref="627144178" role=""/>
  <member type="way" ref="1379232590" role=""/>
  <tag k="from" v="Shivajinagara Bus Station"/>
  <tag k="name" v="27A: Shivajinagara Bus Station =&gt; NS Palya"/>
  <tag k="name:kn" v="೨೭ ಎ"/>
  <tag k="network" v="BMTC"/>
  <tag k="operator" v="BMTC"/>
  <tag k="public_transport:version" v="2"/>
  <tag k="ref" v="27A"/>
  <tag k="route" v="bus"/>
  <tag k="to" v="NS Palya"/>
  <tag k="type" v="route"/>
 </relation>
 <relation id="9740134" visible="true" version="17" changeset="187728217" timestamp="2026-08-20T08:00:02Z" user="alivapanda" uid="19505674">
  <member type="node" ref="596446558" role="platform"/>
  <member type="node" ref="4144224291" role="platform"/>
  <member type="node" ref="663573137" role="platform"/>
  <member type="node" ref="2468903219" role="platform"/>
  <member type="node" ref="6834406252" role="platform"/>
  <member type="way" ref="730432812" role=""/>
  <member type="way" ref="355938968" role=""/>
  <member type="way" ref="1109912029" role=""/>
  <member type="way" ref="36913434" role=""/>
  <member type="way" ref="1110191850" role=""/>
  <member type="way" ref="1205171801" role=""/>
  <member type="way" ref="1109911790" role=""/>
  <member type="way" ref="1148155463" role=""/>
  <member type="way" ref="403473952" role=""/>
  <member type="way" ref="1551001627" role=""/>
  <member type="way" ref="36851759" role=""/>
  <member type="way" ref="1308725870" role=""/>
  <member type="way" ref="36852351" role=""/>
  <member type="way" ref="91894181" role=""/>
  <member type="way" ref="627144178" role=""/>
  <member type="way" ref="1379232590" role=""/>
  <tag k="from" v="Shivajinagara Bus Station"/>
  <tag k="name" v="27: Shivajinagara Bus Station =&gt; Mahadeshwara Nagara"/>
  <tag k="name:kn" v="೨೭"/>
  <tag k="network" v="BMTC"/>
  <tag k="operator" v="BMTC"/>
  <tag k="public_transport:version" v="2"/>
  <tag k="ref" v="27"/>
  <tag k="route" v="bus"/>
  <tag k="to" v="Mahadeshwara Nagara"/>
  <tag k="type" v="route"/>
 </relation>
 <relation id="9740139" visible="true" version="10" changeset="187728217" timestamp="2026-08-20T08:00:02Z" user="alivapanda" uid="19505674">
  <member type="node" ref="596446558" role="platform"/>
  <member type="node" ref="4144224291" role="platform"/>
  <member type="node" ref="663573137" role="platform"/>
  <member type="node" ref="2468903219" role="platform"/>
  <member type="way" ref="730432812" role=""/>
  <member type="way" ref="355938968" role=""/>
  <member type="way" ref="1109912029" role=""/>
  <member type="way" ref="36913434" role=""/>
  <member type="way" ref="1110191850" role=""/>
  <member type="way" ref="1205171801" role=""/>
  <member type="way" ref="1109911790" role=""/>
  <member type="way" ref="1148155463" role=""/>
  <member type="way" ref="403473952" role=""/>
  <member type="way" ref="1551001627" role=""/>
  <member type="way" ref="36851759" role=""/>
  <tag k="from" v="Shivajinagara Bus Station"/>
  <tag k="name" v="234F: Shivajinagara Bus Station =&gt; AGS Layout"/>
  <tag k="network" v="BMTC"/>
  <tag k="operator" v="BMTC"/>
  <tag k="public_transport:version" v="2"/>
  <tag k="ref" v="234F"/>
  <tag k="route" v="bus"/>
  <tag k="to" v="AGS Layout"/>
  <tag k="type" v="route"/>
 </relation>
 <relation id="9740143" visible="true" version="16" changeset="187728217" timestamp="2026-08-20T08:00:02Z" user="alivapanda" uid="19505674">
  <member type="node" ref="596446558" role="platform"/>
  <member type="node" ref="4144224291" role="platform"/>
  <member type="node" ref="663573137" role="platform"/>
  <member type="node" ref="2468903219" role="platform"/>
  <member type="node" ref="6834406252" role="platform"/>
  <member type="way" ref="730432812" role=""/>
  <member type="way" ref="355938968" role=""/>
  <member type="way" ref="1109912029" role=""/>
  <member type="way" ref="36913434" role=""/>
  <member type="way" ref="1110191850" role=""/>
  <member type="way" ref="1205171801" role=""/>
  <member type="way" ref="1109911790" role=""/>
  <member type="way" ref="1148155463" role=""/>
  <member type="way" ref="403473952" role=""/>
  <member type="way" ref="1551001627" role=""/>
  <member type="way" ref="36851759" role=""/>
  <member type="way" ref="1308725870" role=""/>
  <member type="way" ref="36852351" role=""/>
  <member type="way" ref="91894181" role=""/>
  <member type="way" ref="627144178" role=""/>
  <member type="way" ref="1379232590" role=""/>
  <tag k="from" v="Shivajinagara Bus Station"/>
  <tag k="name" v="215U: Shivajinagara Bus Station =&gt; Kothanuru Hari Nagara"/>
  <tag k="network" v="BMTC"/>
  <tag k="operator" v="BMTC"/>
  <tag k="public_transport:version" v="2"/>
  <tag k="ref" v="215U"/>
  <tag k="route" v="bus"/>
  <tag k="to" v="Kothanuru Hari Nagara"/>
  <tag k="type" v="route"/>
 </relation>
 <relation id="9740145" visible="true" version="16" changeset="187728217" timestamp="2026-08-20T08:00:02Z" user="alivapanda" uid="19505674">
  <member type="node" ref="596446558" role="platform"/>
  <member type="node" ref="4144224291" role="platform"/>
  <member type="node" ref="663573137" role="platform"/>
  <member type="node" ref="2468903219" role="platform"/>
  <member type="node" ref="6834406252" role="platform"/>
  <member type="way" ref="730432812" role=""/>
  <member type="way" ref="355938968" role=""/>
  <member type="way" ref="1109912029" role=""/>
  <member type="way" ref="36913434" role=""/>
  <member type="way" ref="1110191850" role=""/>
  <member type="way" ref="1205171801" role=""/>
  <member type="way" ref="1109911790" role=""/>
  <member type="way" ref="1148155463" role=""/>
  <member type="way" ref="403473952" role=""/>
  <member type="way" ref="1551001627" role=""/>
  <member type="way" ref="36851759" role=""/>
  <member type="way" ref="1308725870" role=""/>
  <member type="way" ref="36852351" role=""/>
  <member type="way" ref="91894181" role=""/>
  <member type="way" ref="627144178" role=""/>
  <member type="way" ref="1379232590" role=""/>
  <tag k="from" v="Shivajinagara Bus Station"/>
  <tag k="name" v="210FA: Shivajinagara Bus Station =&gt; Poornaprajna Layout"/>
  <tag k="network" v="BMTC"/>
  <tag k="operator" v="BMTC"/>
  <tag k="public_transport:version" v="2"/>
  <tag k="ref" v="210FA"/>
  <tag k="route" v="bus"/>
  <tag k="to" v="Poornaprajna Layout"/>
  <tag k="type" v="route"/>
 </relation>
 <relation id="9740147" visible="true" version="17" changeset="187728217" timestamp="2026-08-20T08:00:02Z" user="alivapanda" uid="19505674">
  <member type="node" ref="596446558" role="platform"/>
  <member type="node" ref="4144224291" role="platform"/>
  <member type="node" ref="663573137" role="platform"/>
  <member type="node" ref="2468903219" role="platform"/>
  <member type="node" ref="6834406252" role="platform"/>
  <member type="way" ref="730432812" role=""/>
  <member type="way" ref="355938968" role=""/>
  <member type="way" ref="1109912029" role=""/>
  <member type="way" ref="36913434" role=""/>
  <member type="way" ref="1110191850" role=""/>
  <member type="way" ref="1205171801" role=""/>
  <member type="way" ref="1109911790" role=""/>
  <member type="way" ref="1148155463" role=""/>
  <member type="way" ref="403473952" role=""/>
  <member type="way" ref="1551001627" role=""/>
  <member type="way" ref="36851759" role=""/>
  <member type="way" ref="1308725870" role=""/>
  <member type="way" ref="36852351" role=""/>
  <member type="way" ref="91894181" role=""/>
  <member type="way" ref="627144178" role=""/>
  <member type="way" ref="1379232590" role=""/>
  <tag k="from" v="Shivajinagara Bus Station"/>
  <tag k="name" v="182: Shivajinagara Bus Station =&gt; Padmanabha Nagara"/>
  <tag k="name:kn" v="೧೮೨"/>
  <tag k="network" v="BMTC"/>
  <tag k="operator" v="BMTC"/>
  <tag k="public_transport:version" v="2"/>
  <tag k="ref" v="182"/>
  <tag k="route" v="bus"/>
  <tag k="to" v="Padmanabha Nagara"/>
  <tag k="type" v="route"/>
 </relation>
 <relation id="9740148" visible="true" version="17" changeset="187728217" timestamp="2026-08-20T08:00:02Z" user="alivapanda" uid="19505674">
  <member type="node" ref="596446558" role="platform"/>
  <member type="node" ref="4144224291" role="platform"/>
  <member type="node" ref="663573137" role="platform"/>
  <member type="node" ref="2468903219" role="platform"/>
  <member type="node" ref="6834406252" role="platform"/>
  <member type="way" ref="730432812" role=""/>
  <member type="way" ref="355938968" role=""/>
  <member type="way" ref="1109912029" role=""/>
  <member type="way" ref="36913434" role=""/>
  <member type="way" ref="1110191850" role=""/>
  <member type="way" ref="1205171801" role=""/>
  <member type="way" ref="1109911790" role=""/>
  <member type="way" ref="1148155463" role=""/>
  <member type="way" ref="403473952" role=""/>
  <member type="way" ref="1551001627" role=""/>
  <member type="way" ref="36851759" role=""/>
  <member type="way" ref="1308725870" role=""/>
  <member type="way" ref="36852351" role=""/>
  <member type="way" ref="91894181" role=""/>
  <member type="way" ref="627144178" role=""/>
  <member type="way" ref="1379232590" role=""/>
  <tag k="from" v="Shivajinagara Bus Station"/>
  <tag k="name" v="166: Shivajinagara Bus Station =&gt; 1st Block Koramangala"/>
  <tag k="name:kn" v="೧೬೬"/>
  <tag k="network" v="BMTC"/>
  <tag k="operator" v="BMTC"/>
  <tag k="public_transport:version" v="2"/>
  <tag k="ref" v="166"/>
  <tag k="route" v="bus"/>
  <tag k="to" v="1st Block Koramangala"/>
  <tag k="type" v="route"/>
 </relation>
 <relation id="9740150" visible="true" version="16" changeset="187728217" timestamp="2026-08-20T08:00:02Z" user="alivapanda" uid="19505674">
  <member type="node" ref="596446558" role="platform"/>
  <member type="node" ref="4144224291" role="platform"/>
  <member type="node" ref="663573137" role="platform"/>
  <member type="node" ref="2468903219" role="platform"/>
  <member type="node" ref="6834406252" role="platform"/>
  <member type="way" ref="730432812" role=""/>
  <member type="way" ref="355938968" role=""/>
  <member type="way" ref="1109912029" role=""/>
  <member type="way" ref="36913434" role=""/>
  <member type="way" ref="1110191850" role=""/>
  <member type="way" ref="1205171801" role=""/>
  <member type="way" ref="1109911790" role=""/>
  <member type="way" ref="1148155463" role=""/>
  <member type="way" ref="403473952" role=""/>
  <member type="way" ref="1551001627" role=""/>
  <member type="way" ref="36851759" role=""/>
  <member type="way" ref="1308725870" role=""/>
  <member type="way" ref="36852351" role=""/>
  <member type="way" ref="91894181" role=""/>
  <member type="way" ref="627144178" role=""/>
  <member type="way" ref="1379232590" role=""/>
  <tag k="from" v="Shivajinagara Bus Station"/>
  <tag k="name" v="161D: Shivajinagara Bus Station =&gt; BTM Layout Kuvempu Nagara"/>
  <tag k="network" v="BMTC"/>
  <tag k="operator" v="BMTC"/>
  <tag k="public_transport:version" v="2"/>
  <tag k="ref" v="161D"/>
  <tag k="route" v="bus"/>
  <tag k="to" v="BTM Layout Kuvempu Nagara"/>
  <tag k="type" v="route"/>
 </relation>
 <relation id="9740151" visible="true" version="28" changeset="189525155" timestamp="2026-09-25T04:32:46Z" user="alivapanda" uid="19505674">
  <member type="node" ref="596446558" role="platform"/>
  <member type="node" ref="5631070493" role="platform"/>
  <member type="node" ref="4144224291" role="platform"/>
  <member type="node" ref="663573137" role="platform"/>
  <member type="node" ref="2468903219" role="platform"/>
  <member type="node" ref="6834406252" role="platform"/>
  <member type="node" ref="4843099635" role="platform"/>
  <member type="node" ref="6019408108" role="platform"/>
  <member type="node" ref="6019408109" role="platform"/>
  <member type="node" ref="6019408110" role="platform"/>
  <member type="node" ref="1448635327" role="platform"/>
  <member type="node" ref="2177268803" role="platform"/>
  <member type="node" ref="6019408115" role="platform"/>
  <member type="node" ref="2406828118" role="platform"/>
  <member type="node" ref="12511444259" role="platform"/>
  <member type="node" ref="1607671442" role="platform"/>
  <member type="node" ref="307407266" role="platform"/>
  <member type="node" ref="2402585021" role="platform"/>
  <member type="node" ref="308875509" role="platform"/>
  <member type="way" ref="760884582" role=""/>
  <member type="way" ref="1562114279" role=""/>
  <member type="way" ref="391160970" role=""/>
  <member type="way" ref="760884581" role=""/>
  <member type="way" ref="503401208" role=""/>
  <member type="way" ref="464711168" role=""/>
  <member type="way" ref="238459130" role=""/>
  <member type="way" ref="52063533" role=""/>
  <member type="way" ref="503401206" role=""/>
  <member type="way" ref="503401205" role=""/>
  <member type="way" ref="589685544" role=""/>
  <member type="way" ref="52063523" role=""/>
  <member type="way" ref="1530788232" role=""/>
  <member type="way" ref="1148718166" role=""/>
  <member type="way" ref="506310567" role=""/>
  <member type="way" ref="730432812" role=""/>
  <member type="way" ref="355938968" role=""/>
  <member type="way" ref="1109912029" role=""/>
  <member type="way" ref="36913434" role=""/>
  <member type="way" ref="1110191850" role=""/>
  <member type="way" ref="1205171801" role=""/>
  <member type="way" ref="1109911790" role=""/>
  <member type="way" ref="1148155463" role=""/>
  <member type="way" ref="403473952" role=""/>
  <member type="way" ref="1551001627" role=""/>
  <member type="way" ref="36851759" role=""/>
  <member type="way" ref="1308725870" role=""/>
  <member type="way" ref="36852351" role=""/>
  <member type="way" ref="91894181" role=""/>
  <member type="way" ref="730431933" role=""/>
  <member type="way" ref="1531324129" role=""/>
  <member type="way" ref="627144178" role=""/>
  <member type="way" ref="1379232590" role=""/>
  <member type="way" ref="736430942" role=""/>
  <member type="way" ref="1109914958" role=""/>
  <member type="way" ref="766406976" role=""/>
  <member type="way" ref="1109914955" role=""/>
  <member type="way" ref="36853146" role=""/>
  <member type="way" ref="462585126" role=""/>
  <member type="way" ref="462585125" role=""/>
  <member type="way" ref="638928395" role=""/>
  <member type="way" ref="638928396" role=""/>
  <member type="way" ref="1528439446" role=""/>
  <member type="way" ref="172899264" role=""/>
  <member type="way" ref="1528439448" role=""/>
  <member type="way" ref="23078462" role=""/>
  <member type="way" ref="23078156" role=""/>
  <member type="way" ref="1335867266" role=""/>
  <member type="way" ref="639010020" role=""/>
  <member type="way" ref="172899344" role=""/>
  <member type="way" ref="207472844" role=""/>
  <member type="way" ref="1314670271" role=""/>
  <member type="way" ref="1153935757" role=""/>
  <member type="way" ref="191193143" role=""/>
  <member type="way" ref="673933803" role=""/>
  <member type="way" ref="673933805" role=""/>
  <member type="way" ref="1314361331" role=""/>
  <member type="way" ref="1314361330" role=""/>
  <member type="way" ref="1298979615" role=""/>
  <member type="way" ref="191193142" role=""/>
  <member type="way" ref="1392550271" role=""/>
  <member type="way" ref="1392550267" role=""/>
  <member type="way" ref="1219030816" role=""/>
  <member type="way" ref="1392550269" role=""/>
  <member type="way" ref="1219030817" role=""/>
  <member type="way" ref="1392550592" role=""/>
  <member type="way" ref="1560065181" role=""/>
  <member type="way" ref="1560065180" role=""/>
  <member type="way" ref="1392550595" role=""/>
  <member type="way" ref="1392550594" role=""/>
  <member type="way" ref="1502439052" role=""/>
  <member type="way" ref="1502439051" role=""/>
  <member type="way" ref="1502439054" role=""/>
  <member type="way" ref="1391747363" role=""/>
  <member type="way" ref="1391747362" role=""/>
  <member type="way" ref="1391747361" role=""/>
  <member type="way" ref="27932090" role=""/>
  <member type="way" ref="1297328828" role=""/>
  <member type="way" ref="1150086781" role=""/>
  <member type="way" ref="443045598" role=""/>
  <member type="way" ref="443045597" role=""/>
  <member type="way" ref="27994386" role=""/>
  <member type="way" ref="290639793" role=""/>
  <member type="way" ref="1352259457" role=""/>
  <member type="way" ref="1352259455" role=""/>
  <member type="way" ref="28120433" role=""/>
  <member type="way" ref="1370859983" role=""/>
  <member type="way" ref="688629511" role=""/>
  <tag k="bicycle" v="no"/>
  <tag k="fee" v="yes"/>
  <tag k="from" v="Shivajinagara Bus Station"/>
  <tag k="name" v="161B: Shivajinagara Bus Station =&gt; Jai Bheema Nagara"/>
  <tag k="network" v="BMTC"/>
  <tag k="network:wikidata" v="Q3345039"/>
  <tag k="operator" v="BMTC"/>
  <tag k="public_transport:version" v="2"/>
  <tag k="ref" v="161B"/>
  <tag k="roundtrip" v="no"/>
  <tag k="route" v="bus"/>
  <tag k="to" v="Jai Bheema Nagara"/>
  <tag k="type" v="route"/>
  <tag k="via" v="Richmond Circle;Dairy Circle;Suddaguntepalya"/>
  <tag k="wheelchair" v="no"/>
 </relation>
 <relation id="9740152" visible="true" version="10" changeset="187728217" timestamp="2026-08-20T08:00:02Z" user="alivapanda" uid="19505674">
  <member type="node" ref="596446558" role="platform"/>
  <member type="node" ref="4144224291" role="platform"/>
  <member type="node" ref="663573137" role="platform"/>
  <member type="node" ref="2468903219" role="platform"/>
  <member type="way" ref="730432812" role=""/>
  <member type="way" ref="355938968" role=""/>
  <member type="way" ref="1109912029" role=""/>
  <member type="way" ref="36913434" role=""/>
  <member type="way" ref="1110191850" role=""/>
  <member type="way" ref="1205171801" role=""/>
  <member type="way" ref="1109911790" role=""/>
  <member type="way" ref="1148155463" role=""/>
  <member type="way" ref="403473952" role=""/>
  <member type="way" ref="1551001627" role=""/>
  <member type="way" ref="36851759" role=""/>
  <tag k="from" v="Shivajinagara Bus Station"/>
  <tag k="name" v="15K: Shivajinagara Bus Station =&gt; Faizabad"/>
  <tag k="network" v="BMTC"/>
  <tag k="operator" v="BMTC"/>
  <tag k="public_transport:version" v="2"/>
  <tag k="ref" v="15K"/>
  <tag k="route" v="bus"/>
  <tag k="to" v="Faizabad"/>
  <tag k="type" v="route"/>
 </relation>
 <relation id="9740153" visible="true" version="11" changeset="187728217" timestamp="2026-08-20T08:00:02Z" user="alivapanda" uid="19505674">
  <member type="node" ref="596446558" role="platform"/>
  <member type="node" ref="4144224291" role="platform"/>
  <member type="node" ref="663573137" role="platform"/>
  <member type="node" ref="2468903219" role="platform"/>
  <member type="way" ref="730432812" role=""/>
  <member type="way" ref="355938968" role=""/>
  <member type="way" ref="1109912029" role=""/>
  <member type="way" ref="36913434" role=""/>
  <member type="way" ref="1110191850" role=""/>
  <member type="way" ref="1205171801" role=""/>
  <member type="way" ref="1109911790" role=""/>
  <member type="way" ref="1148155463" role=""/>
  <member type="way" ref="403473952" role=""/>
  <member type="way" ref="1551001627" role=""/>
  <member type="way" ref="36851759" role=""/>
  <tag k="from" v="Shivajinagara Bus Station"/>
  <tag k="name" v="155: Shivajinagara Bus Station =&gt; Jaga Jeevan Ram Nagara"/>
  <tag k="name:kn" v="೧೫೫"/>
  <tag k="network" v="BMTC"/>
  <tag k="operator" v="BMTC"/>
  <tag k="public_transport:version" v="2"/>
  <tag k="ref" v="155"/>
  <tag k="route" v="bus"/>
  <tag k="to" v="Jaga Jeevan Ram Nagara"/>
  <tag k="type" v="route"/>
 </relation>
 <relation id="9740154" visible="true" version="17" changeset="187728217" timestamp="2026-08-20T08:00:02Z" user="alivapanda" uid="19505674">
  <member type="node" ref="596446558" role="platform"/>
  <member type="node" ref="4144224291" role="platform"/>
  <member type="node" ref="663573137" role="platform"/>
  <member type="node" ref="2468903219" role="platform"/>
  <member type="node" ref="6834406252" role="platform"/>
  <member type="way" ref="730432812" role=""/>
  <member type="way" ref="355938968" role=""/>
  <member type="way" ref="1109912029" role=""/>
  <member type="way" ref="36913434" role=""/>
  <member type="way" ref="1110191850" role=""/>
  <member type="way" ref="1205171801" role=""/>
  <member type="way" ref="1109911790" role=""/>
  <member type="way" ref="1148155463" role=""/>
  <member type="way" ref="403473952" role=""/>
  <member type="way" ref="1551001627" role=""/>
  <member type="way" ref="36851759" role=""/>
  <member type="way" ref="1308725870" role=""/>
  <member type="way" ref="36852351" role=""/>
  <member type="way" ref="91894181" role=""/>
  <member type="way" ref="627144178" role=""/>
  <member type="way" ref="1379232590" role=""/>
  <tag k="from" v="Shivajinagara Bus Station"/>
  <tag k="name" v="154: Shivajinagara Bus Station =&gt; Vinayaka Nagara Old Gudadahalli"/>
  <tag k="name:kn" v="೧೫೪"/>
  <tag k="network" v="BMTC"/>
  <tag k="operator" v="BMTC"/>
  <tag k="public_transport:version" v="2"/>
  <tag k="ref" v="154"/>
  <tag k="route" v="bus"/>
  <tag k="to" v="Vinayaka Nagara Old Gudadahalli"/>
  <tag k="type" v="route"/>
 </relation>
 <relation id="9740158" visible="true" version="16" changeset="187728217" timestamp="2026-08-20T08:00:02Z" user="alivapanda" uid="19505674">
  <member type="node" ref="596446558" role="platform"/>
  <member type="node" ref="4144224291" role="platform"/>
  <member type="node" ref="663573137" role="platform"/>
  <member type="node" ref="2468903219" role="platform"/>
  <member type="node" ref="6834406252" role="platform"/>
  <member type="way" ref="730432812" role=""/>
  <member type="way" ref="355938968" role=""/>
  <member type="way" ref="1109912029" role=""/>
  <member type="way" ref="36913434" role=""/>
  <member type="way" ref="1110191850" role=""/>
  <member type="way" ref="1205171801" role=""/>
  <member type="way" ref="1109911790" role=""/>
  <member type="way" ref="1148155463" role=""/>
  <member type="way" ref="403473952" role=""/>
  <member type="way" ref="1551001627" role=""/>
  <member type="way" ref="36851759" role=""/>
  <member type="way" ref="1308725870" role=""/>
  <member type="way" ref="36852351" role=""/>
  <member type="way" ref="91894181" role=""/>
  <member type="way" ref="627144178" role=""/>
  <member type="way" ref="1379232590" role=""/>
  <tag k="from" v="Sultanpalya"/>
  <tag k="name" v="13S: Sultanpalya =&gt; JHBCS Layout"/>
  <tag k="name:kn" v="೧೩ ಸ್"/>
  <tag k="network" v="BMTC"/>
  <tag k="operator" v="BMTC"/>
  <tag k="public_transport:version" v="2"/>
  <tag k="ref" v="13S"/>
  <tag k="route" v="bus"/>
  <tag k="to" v="JHBCS Layout"/>
  <tag k="type" v="route"/>
 </relation>
 <relation id="9740159" visible="true" version="17" changeset="187728217" timestamp="2026-08-20T08:00:02Z" user="alivapanda" uid="19505674">
  <member type="node" ref="596446558" role="platform"/>
  <member type="node" ref="4144224291" role="platform"/>
  <member type="node" ref="663573137" role="platform"/>
  <member type="node" ref="2468903219" role="platform"/>
  <member type="node" ref="6834406252" role="platform"/>
  <member type="way" ref="730432812" role=""/>
  <member type="way" ref="355938968" role=""/>
  <member type="way" ref="1109912029" role=""/>
  <member type="way" ref="36913434" role=""/>
  <member type="way" ref="1110191850" role=""/>
  <member type="way" ref="1205171801" role=""/>
  <member type="way" ref="1109911790" role=""/>
  <member type="way" ref="1148155463" role=""/>
  <member type="way" ref="403473952" role=""/>
  <member type="way" ref="1551001627" role=""/>
  <member type="way" ref="36851759" role=""/>
  <member type="way" ref="1308725870" role=""/>
  <member type="way" ref="36852351" role=""/>
  <member type="way" ref="91894181" role=""/>
  <member type="way" ref="627144178" role=""/>
  <member type="way" ref="1379232590" role=""/>
  <tag k="from" v="Shivajinagara Bus Station"/>
  <tag k="name" v="13K: Shivajinagara Bus Station =&gt; Minaznagara"/>
  <tag k="name:kn" v="೧೩ ಕೆ"/>
  <tag k="network" v="BMTC"/>
  <tag k="operator" v="BMTC"/>
  <tag k="public_transport:version" v="2"/>
  <tag k="ref" v="13K"/>
  <tag k="route" v="bus"/>
  <tag k="to" v="Minaznagara"/>
  <tag k="type" v="route"/>
 </relation>
 <relation id="9740160" visible="true" version="17" changeset="187728217" timestamp="2026-08-20T08:00:02Z" user="alivapanda" uid="19505674">
  <member type="node" ref="596446558" role="platform"/>
  <member type="node" ref="4144224291" role="platform"/>
  <member type="node" ref="663573137" role="platform"/>
  <member type="node" ref="2468903219" role="platform"/>
  <member type="node" ref="6834406252" role="platform"/>
  <member type="way" ref="730432812" role=""/>
  <member type="way" ref="355938968" role=""/>
  <member type="way" ref="1109912029" role=""/>
  <member type="way" ref="36913434" role=""/>
  <member type="way" ref="1110191850" role=""/>
  <member type="way" ref="1205171801" role=""/>
  <member type="way" ref="1109911790" role=""/>
  <member type="way" ref="1148155463" role=""/>
  <member type="way" ref="403473952" role=""/>
  <member type="way" ref="1551001627" role=""/>
  <member type="way" ref="36851759" role=""/>
  <member type="way" ref="1308725870" role=""/>
  <member type="way" ref="36852351" role=""/>
  <member type="way" ref="91894181" role=""/>
  <member type="way" ref="627144178" role=""/>
  <member type="way" ref="1379232590" role=""/>
  <tag k="from" v="Shivajinagara Bus Station"/>
  <tag k="name" v="13J: Shivajinagara Bus Station =&gt; Hoskerehalli"/>
  <tag k="name:kn" v="೧೩ ಜೆ"/>
  <tag k="network" v="BMTC"/>
  <tag k="operator" v="BMTC"/>
  <tag k="public_transport:version" v="2"/>
  <tag k="ref" v="13J"/>
  <tag k="route" v="bus"/>
  <tag k="to" v="Hoskerehalli"/>
  <tag k="type" v="route"/>
 </relation>
 <relation id="9740161" visible="true" version="16" changeset="187728217" timestamp="2026-08-20T08:00:02Z" user="alivapanda" uid="19505674">
  <member type="node" ref="596446558" role="platform"/>
  <member type="node" ref="4144224291" role="platform"/>
  <member type="node" ref="663573137" role="platform"/>
  <member type="node" ref="2468903219" role="platform"/>
  <member type="node" ref="6834406252" role="platform"/>
  <member type="way" ref="730432812" role=""/>
  <member type="way" ref="355938968" role=""/>
  <member type="way" ref="1109912029" role=""/>
  <member type="way" ref="36913434" role=""/>
  <member type="way" ref="1110191850" role=""/>
  <member type="way" ref="1205171801" role=""/>
  <member type="way" ref="1109911790" role=""/>
  <member type="way" ref="1148155463" role=""/>
  <member type="way" ref="403473952" role=""/>
  <member type="way" ref="1551001627" role=""/>
  <member type="way" ref="36851759" role=""/>
  <member type="way" ref="1308725870" role=""/>
  <member type="way" ref="36852351" role=""/>
  <member type="way" ref="91894181" role=""/>
  <member type="way" ref="627144178" role=""/>
  <member type="way" ref="1379232590" role=""/>
  <tag k="from" v="Shivajinagara Bus Station"/>
  <tag k="name" v="13H: Shivajinagara Bus Station =&gt; AGS Layout Arehalli"/>
  <tag k="network" v="BMTC"/>
  <tag k="operator" v="BMTC"/>
  <tag k="public_transport:version" v="2"/>
  <tag k="ref" v="13H"/>
  <tag k="route" v="bus"/>
  <tag k="to" v="AGS Layout Arehalli"/>
  <tag k="type" v="route"/>
 </relation>
 <relation id="9740162" visible="true" version="16" changeset="187728217" timestamp="2026-08-20T08:00:02Z" user="alivapanda" uid="19505674">
  <member type="node" ref="596446558" role="platform"/>
  <member type="node" ref="4144224291" role="platform"/>
  <member type="node" ref="663573137" role="platform"/>
  <member type="node" ref="2468903219" role="platform"/>
  <member type="node" ref="6834406252" role="platform"/>
  <member type="way" ref="730432812" role=""/>
  <member type="way" ref="355938968" role=""/>
  <member type="way" ref="1109912029" role=""/>
  <member type="way" ref="36913434" role=""/>
  <member type="way" ref="1110191850" role=""/>
  <member type="way" ref="1205171801" role=""/>
  <member type="way" ref="1109911790" role=""/>
  <member type="way" ref="1148155463" role=""/>
  <member type="way" ref="403473952" role=""/>
  <member type="way" ref="1551001627" role=""/>
  <member type="way" ref="36851759" role=""/>
  <member type="way" ref="1308725870" role=""/>
  <member type="way" ref="36852351" role=""/>
  <member type="way" ref="91894181" role=""/>
  <member type="way" ref="627144178" role=""/>
  <member type="way" ref="1379232590" role=""/>
  <tag k="from" v="Shivajinagara Bus Station"/>
  <tag k="name" v="13E: Shivajinagara Bus Station =&gt; Banashankari 3rd Stage 2nd Phase"/>
  <tag k="network" v="BMTC"/>
  <tag k="operator" v="BMTC"/>
  <tag k="public_transport:version" v="2"/>
  <tag k="ref" v="13E"/>
  <tag k="route" v="bus"/>
  <tag k="to" v="Banashankari 3rd Stage 2nd Phase"/>
  <tag k="type" v="route"/>
 </relation>
 <relation id="9740163" visible="true" version="17" changeset="187728217" timestamp="2026-08-20T08:00:02Z" user="alivapanda" uid="19505674">
  <member type="node" ref="596446558" role="platform"/>
  <member type="node" ref="4144224291" role="platform"/>
  <member type="node" ref="663573137" role="platform"/>
  <member type="node" ref="2468903219" role="platform"/>
  <member type="node" ref="6834406252" role="platform"/>
  <member type="way" ref="730432812" role=""/>
  <member type="way" ref="355938968" role=""/>
  <member type="way" ref="1109912029" role=""/>
  <member type="way" ref="36913434" role=""/>
  <member type="way" ref="1110191850" role=""/>
  <member type="way" ref="1205171801" role=""/>
  <member type="way" ref="1109911790" role=""/>
  <member type="way" ref="1148155463" role=""/>
  <member type="way" ref="403473952" role=""/>
  <member type="way" ref="1551001627" role=""/>
  <member type="way" ref="36851759" role=""/>
  <member type="way" ref="1308725870" role=""/>
  <member type="way" ref="36852351" role=""/>
  <member type="way" ref="91894181" role=""/>
  <member type="way" ref="627144178" role=""/>
  <member type="way" ref="1379232590" role=""/>
  <tag k="from" v="Shivajinagara Bus Station"/>
  <tag k="name" v="13D: Shivajinagara Bus Station =&gt; Kadirenahalli Park"/>
  <tag k="name:kn" v="೧೩ ಡಿ"/>
  <tag k="network" v="BMTC"/>
  <tag k="operator" v="BMTC"/>
  <tag k="public_transport:version" v="2"/>
  <tag k="ref" v="13D"/>
  <tag k="route" v="bus"/>
  <tag k="to" v="Kadirenahalli Park"/>
  <tag k="type" v="route"/>
 </relation>
 <relation id="9740164" visible="true" version="17" changeset="187728217" timestamp="2026-08-20T08:00:02Z" user="alivapanda" uid="19505674">
  <member type="node" ref="596446558" role="platform"/>
  <member type="node" ref="4144224291" role="platform"/>
  <member type="node" ref="663573137" role="platform"/>
  <member type="node" ref="2468903219" role="platform"/>
  <member type="node" ref="6834406252" role="platform"/>
  <member type="way" ref="730432812" role=""/>
  <member type="way" ref="355938968" role=""/>
  <member type="way" ref="1109912029" role=""/>
  <member type="way" ref="36913434" role=""/>
  <member type="way" ref="1110191850" role=""/>
  <member type="way" ref="1205171801" role=""/>
  <member type="way" ref="1109911790" role=""/>
  <member type="way" ref="1148155463" role=""/>
  <member type="way" ref="403473952" role=""/>
  <member type="way" ref="1551001627" role=""/>
  <member type="way" ref="36851759" role=""/>
  <member type="way" ref="1308725870" role=""/>
  <member type="way" ref="36852351" role=""/>
  <member type="way" ref="91894181" role=""/>
  <member type="way" ref="627144178" role=""/>
  <member type="way" ref="1379232590" role=""/>
  <tag k="from" v="Shivajinagara Bus Station"/>
  <tag k="name" v="13C: Shivajinagara Bus Station =&gt; Kumaraswamy Layout"/>
  <tag k="name:kn" v="೧೩ ಸಿ"/>
  <tag k="network" v="BMTC"/>
  <tag k="operator" v="BMTC"/>
  <tag k="public_transport:version" v="2"/>
  <tag k="ref" v="13C"/>
  <tag k="route" v="bus"/>
  <tag k="to" v="Kumaraswamy Layout"/>
  <tag k="type" v="route"/>
 </relation>
 <relation id="9740165" visible="true" version="17" changeset="187728217" timestamp="2026-08-20T08:00:02Z" user="alivapanda" uid="19505674">
  <member type="node" ref="596446558" role="platform"/>
  <member type="node" ref="4144224291" role="platform"/>
  <member type="node" ref="663573137" role="platform"/>
  <member type="node" ref="2468903219" role="platform"/>
  <member type="node" ref="6834406252" role="platform"/>
  <member type="way" ref="730432812" role=""/>
  <member type="way" ref="355938968" role=""/>
  <member type="way" ref="1109912029" role=""/>
  <member type="way" ref="36913434" role=""/>
  <member type="way" ref="1110191850" role=""/>
  <member type="way" ref="1205171801" role=""/>
  <member type="way" ref="1109911790" role=""/>
  <member type="way" ref="1148155463" role=""/>
  <member type="way" ref="403473952" role=""/>
  <member type="way" ref="1551001627" role=""/>
  <member type="way" ref="36851759" role=""/>
  <member type="way" ref="1308725870" role=""/>
  <member type="way" ref="36852351" role=""/>
  <member type="way" ref="91894181" role=""/>
  <member type="way" ref="627144178" role=""/>
  <member type="way" ref="1379232590" role=""/>
  <tag k="from" v="Shivajinagara Bus Station"/>
  <tag k="name" v="13A: Shivajinagara Bus Station =&gt; West Cross Kumaraswamy Layout"/>
  <tag k="name:kn" v="೧೩ ಎ"/>
  <tag k="network" v="BMTC"/>
  <tag k="operator" v="BMTC"/>
  <tag k="public_transport:version" v="2"/>
  <tag k="ref" v="13A"/>
  <tag k="route" v="bus"/>
  <tag k="to" v="West Cross Kumaraswamy Layout"/>
  <tag k="type" v="route"/>
 </relation>
 <relation id="9740167" visible="true" version="40" changeset="189525155" timestamp="2026-09-25T04:32:46Z" user="alivapanda" uid="19505674">
  <member type="node" ref="4349360994" role="platform"/>
  <member type="node" ref="2468903219" role="platform"/>
  <member type="node" ref="11342900897" role="platform"/>
  <member type="node" ref="11342900893" role="platform"/>
  <member type="node" ref="11342900894" role="platform"/>
  <member type="node" ref="4144224291" role="platform"/>
  <member type="node" ref="11342900896" role="platform"/>
  <member type="node" ref="11342900895" role="platform"/>
  <member type="node" ref="5631070493" role="platform"/>
  <member type="node" ref="663573137" role="platform"/>
  <member type="node" ref="6834406252" role="platform"/>
  <member type="node" ref="4843099635" role="platform"/>
  <member type="node" ref="596446558" role="platform_entry_only"/>
  <member type="node" ref="1070314207" role="platform_exit_only"/>
  <member type="node" ref="10792812744" role="platform"/>
  <member type="way" ref="1222891447" role=""/>
  <member type="way" ref="490723305" role=""/>
  <member type="way" ref="1222891448" role=""/>
  <member type="way" ref="1543205756" role=""/>
  <member type="way" ref="1453812895" role=""/>
  <member type="way" ref="1222891449" role=""/>
  <member type="way" ref="1125669870" role=""/>
  <member type="way" ref="146449643" role=""/>
  <member type="way" ref="1347255636" role=""/>
  <member type="way" ref="780428222" role=""/>
  <member type="way" ref="1222910791" role=""/>
  <member type="way" ref="1351817800" role=""/>
  <member type="way" ref="1199321351" role=""/>
  <member type="way" ref="1351817799" role=""/>
  <member type="way" ref="27673041" role=""/>
  <member type="way" ref="1012672492" role=""/>
  <member type="way" ref="1109973245" role=""/>
  <member type="way" ref="1347259032" role=""/>
  <member type="way" ref="1109973246" role=""/>
  <member type="way" ref="553708934" role=""/>
  <member type="way" ref="190884434" role=""/>
  <member type="way" ref="1554182924" role=""/>
  <member type="way" ref="1012672487" role=""/>
  <member type="way" ref="27672788" role=""/>
  <member type="way" ref="55675145" role=""/>
  <member type="way" ref="55675144" role=""/>
  <member type="way" ref="23075309" role=""/>
  <member type="way" ref="580772012" role=""/>
  <member type="way" ref="1222891454" role=""/>
  <member type="way" ref="259484447" role=""/>
  <member type="way" ref="1513475926" role=""/>
  <member type="way" ref="1513475925" role=""/>
  <member type="way" ref="1222891455" role=""/>
  <member type="way" ref="130989093" role=""/>
  <member type="way" ref="266871942" role=""/>
  <member type="way" ref="1148408755" role=""/>
  <member type="way" ref="1148408757" role=""/>
  <member type="way" ref="207477321" role=""/>
  <member type="way" ref="688824220" role=""/>
  <member type="way" ref="763284654" role=""/>
  <member type="way" ref="1151693395" role=""/>
  <member type="way" ref="1518689035" role=""/>
  <member type="way" ref="1151693393" role=""/>
  <member type="way" ref="638928394" role=""/>
  <member type="way" ref="763284657" role=""/>
  <member type="way" ref="462585125" role=""/>
  <member type="way" ref="462585126" role=""/>
  <member type="way" ref="36853146" role=""/>
  <member type="way" ref="1109914955" role=""/>
  <member type="way" ref="766406976" role=""/>
  <member type="way" ref="1109914958" role=""/>
  <member type="way" ref="736430942" role=""/>
  <member type="way" ref="1379232590" role=""/>
  <member type="way" ref="627144178" role=""/>
  <member type="way" ref="1531324129" role=""/>
  <member type="way" ref="730431933" role=""/>
  <member type="way" ref="1352261231" role=""/>
  <member type="way" ref="1452617367" role=""/>
  <member type="way" ref="1452617366" role=""/>
  <member type="way" ref="91894181" role=""/>
  <member type="way" ref="36852351" role=""/>
  <member type="way" ref="1308725870" role=""/>
  <member type="way" ref="36851759" role=""/>
  <member type="way" ref="1551001627" role=""/>
  <member type="way" ref="403473952" role=""/>
  <member type="way" ref="1148155463" role=""/>
  <member type="way" ref="1109911790" role=""/>
  <member type="way" ref="1205171801" role=""/>
  <member type="way" ref="1110191850" role=""/>
  <member type="way" ref="36913434" role=""/>
  <member type="way" ref="1109912029" role=""/>
  <member type="way" ref="355938968" role=""/>
  <member type="way" ref="730432812" role=""/>
  <member type="way" ref="506310567" role=""/>
  <member type="way" ref="1148718166" role=""/>
  <member type="way" ref="1530788232" role=""/>
  <member type="way" ref="52063523" role=""/>
  <member type="way" ref="589685544" role=""/>
  <member type="way" ref="503401205" role=""/>
  <member type="way" ref="503401206" role=""/>
  <member type="way" ref="52063533" role=""/>
  <member type="way" ref="238459130" role=""/>
  <member type="way" ref="464711168" role=""/>
  <member type="way" ref="503401208" role=""/>
  <member type="way" ref="760884581" role=""/>
  <member type="way" ref="391160970" role=""/>
  <member type="way" ref="1562114279" role=""/>
  <member type="way" ref="760884582" role=""/>
  <member type="node" ref="3401997313" role=""/>
  <member type="node" ref="308809874" role=""/>
  <member type="node" ref="2727229639" role=""/>
  <member type="node" ref="2727229638" role=""/>
  <member type="node" ref="1442068036" role=""/>
  <member type="node" ref="2727229634" role=""/>
  <member type="node" ref="2723747022" role=""/>
  <tag k="fee" v="yes"/>
  <tag k="from" v="Shivajinagara Bus Station"/>
  <tag k="name" v="13: Shivajinagara Bus Station =&gt; Banashankari TTMC"/>
  <tag k="name:kn" v="೧೩"/>
  <tag k="network" v="BMTC"/>
  <tag k="network:wikidata" v="Q3345039"/>
  <tag k="operator" v="BMTC"/>
  <tag k="public_transport:version" v="2"/>
  <tag k="ref" v="13"/>
  <tag k="route" v="bus"/>
  <tag k="to" v="Banashankari TTMC"/>
  <tag k="type" v="route"/>
  <tag k="via" v="Jayanagar TTMC"/>
 </relation>
 <relation id="9740184" visible="true" version="10" changeset="187728217" timestamp="2026-08-20T08:00:02Z" user="alivapanda" uid="19505674">
  <member type="node" ref="596446558" role="platform"/>
  <member type="node" ref="4144224291" role="platform"/>
  <member type="node" ref="663573137" role="platform"/>
  <member type="node" ref="2468903219" role="platform"/>
  <member type="way" ref="730432812" role=""/>
  <member type="way" ref="355938968" role=""/>
  <member type="way" ref="1109912029" role=""/>
  <member type="way" ref="36913434" role=""/>
  <member type="way" ref="1110191850" role=""/>
  <member type="way" ref="1205171801" role=""/>
  <member type="way" ref="1109911790" role=""/>
  <member type="way" ref="1148155463" role=""/>
  <member type="way" ref="403473952" role=""/>
  <member type="way" ref="1551001627" role=""/>
  <member type="way" ref="36851759" role=""/>
  <tag k="from" v="Shivajinagara Bus Station"/>
  <tag k="name" v="210Q: Shivajinagara Bus Station =&gt; Chikkallasandra"/>
  <tag k="network" v="BMTC"/>
  <tag k="operator" v="BMTC"/>
  <tag k="public_transport:version" v="2"/>
  <tag k="ref" v="210Q"/>
  <tag k="route" v="bus"/>
  <tag k="to" v="Chikkallasandra"/>
  <tag k="type" v="route"/>
 </relation>
 <relation id="9740186" visible="true" version="17" changeset="187728217" timestamp="2026-08-20T08:00:02Z" user="alivapanda" uid="19505674">
  <member type="node" ref="596446558" role="platform"/>
  <member type="node" ref="4144224291" role="platform"/>
  <member type="node" ref="663573137" role="platform"/>
  <member type="node" ref="2468903219" role="platform"/>
  <member type="node" ref="6834406252" role="platform"/>
  <member type="way" ref="730432812" role=""/>
  <member type="way" ref="355938968" role=""/>
  <member type="way" ref="1109912029" role=""/>
  <member type="way" ref="36913434" role=""/>
  <member type="way" ref="1110191850" role=""/>
  <member type="way" ref="1205171801" role=""/>
  <member type="way" ref="1109911790" role=""/>
  <member type="way" ref="1148155463" role=""/>
  <member type="way" ref="403473952" role=""/>
  <member type="way" ref="1551001627" role=""/>
  <member type="way" ref="36851759" role=""/>
  <member type="way" ref="1308725870" role=""/>
  <member type="way" ref="36852351" role=""/>
  <member type="way" ref="91894181" role=""/>
  <member type="way" ref="627144178" role=""/>
  <member type="way" ref="1379232590" role=""/>
  <tag k="from" v="Shivajinagara Bus Station"/>
  <tag k="name" v="210G: Shivajinagara Bus Station =&gt; Vasanthapura"/>
  <tag k="name:kn" v="೨೧೦ ಜಿ"/>
  <tag k="network" v="BMTC"/>
  <tag k="operator" v="BMTC"/>
  <tag k="public_transport:version" v="2"/>
  <tag k="ref" v="210G"/>
  <tag k="route" v="bus"/>
  <tag k="to" v="Vasanthapura"/>
  <tag k="type" v="route"/>
 </relation>
 <relation id="10092527" visible="true" version="4" changeset="181847347" timestamp="2026-04-26T14:08:39Z" user="uknown-gryphus" uid="2425805">
  <member type="node" ref="10038561237" role="stop"/>
  <member type="node" ref="663573137" role="platform"/>
  <tag k="name" v="Kasturba Road"/>
  <tag k="name:en" v="Kasturba Road"/>
  <tag k="name:etymology:wikidata" v="Q264908"/>
  <tag k="name:kn" v="ಕಸ್ತೂರ್ಬಾ ರಸ್ತೆ"/>
  <tag k="network" v="BMTC"/>
  <tag k="operator" v="BMTC"/>
  <tag k="public_transport" v="stop_area"/>
  <tag k="type" v="public_transport"/>
 </relation>
 <relation id="10104371" visible="true" version="82" changeset="186902544" timestamp="2026-08-04T05:03:36Z" user="Vonter" uid="3926189">
  <member type="node" ref="7104861407" role="platform"/>
  <member type="node" ref="1739362330" role="platform"/>
  <member type="node" ref="452414811" role="platform"/>
  <member type="node" ref="3741208081" role="platform"/>
  <member type="node" ref="7106320857" role="platform"/>
  <member type="node" ref="4144220197" role="platform"/>
  <member type="way" ref="1267893498" role="platform"/>
  <member type="node" ref="469614003" role="platform"/>
  <member type="way" ref="1254353743" role="platform"/>
  <member type="node" ref="249082830" role="platform"/>
  <member type="node" ref="5174903786" role="platform"/>
  <member type="node" ref="2468837734" role="platform"/>
  <member type="node" ref="7106320864" role="platform"/>
  <member type="node" ref="296030032" role="platform"/>
  <member type="node" ref="2468839205" role="platform"/>
  <member type="node" ref="2468841879" role="platform"/>
  <member type="node" ref="7106320869" role="platform"/>
  <member type="node" ref="296029985" role="platform"/>
  <member type="node" ref="353187806" role="platform"/>
  <member type="node" ref="7106320873" role="platform"/>
  <member type="node" ref="7106320875" role="platform"/>
  <member type="node" ref="7106320876" role="platform"/>
  <member type="node" ref="2125913472" role="platform"/>
  <member type="node" ref="2125916063" role="platform"/>
  <member type="node" ref="7140581377" role="platform"/>
  <member type="node" ref="7106320878" role="platform"/>
  <member type="node" ref="5966255508" role="platform"/>
  <member type="node" ref="5966255506" role="platform"/>
  <member type="node" ref="5966255505" role="platform"/>
  <member type="node" ref="6535450011" role="platform"/>
  <member type="node" ref="6535450003" role="platform"/>
  <member type="node" ref="6842561218" role="platform"/>
  <member type="node" ref="6842561216" role="platform"/>
  <member type="node" ref="2451415320" role="platform"/>
  <member type="node" ref="6842561214" role="platform"/>
  <member type="node" ref="6842561210" role="platform"/>
  <member type="node" ref="2451403806" role="platform"/>
  <member type="node" ref="6842561207" role="platform"/>
  <member type="node" ref="2451701582" role="platform"/>
  <member type="node" ref="6842561204" role="platform"/>
  <member type="node" ref="2463073990" role="platform"/>
  <member type="node" ref="308449515" role="platform"/>
  <member type="node" ref="308219388" role="platform"/>
  <member type="node" ref="308219381" role="platform"/>
  <member type="node" ref="2461752887" role="platform"/>
  <member type="node" ref="6842561196" role="platform"/>
  <member type="node" ref="308219358" role="platform"/>
  <member type="node" ref="308219343" role="platform"/>
  <member type="node" ref="562174922" role="platform"/>
  <member type="node" ref="562174819" role="platform"/>
  <member type="node" ref="2452398858" role="platform"/>
  <member type="way" ref="760543010" role=""/>
  <member type="way" ref="760543009" role=""/>
  <member type="way" ref="172891297" role=""/>
  <member type="way" ref="1086234124" role=""/>
  <member type="way" ref="1086234123" role=""/>
  <member type="way" ref="244304928" role=""/>
  <member type="way" ref="310910082" role=""/>
  <member type="way" ref="763284659" role=""/>
  <member type="way" ref="1182189228" role=""/>
  <member type="way" ref="1214076611" role=""/>
  <member type="way" ref="37898955" role=""/>
  <member type="way" ref="461556532" role=""/>
  <member type="way" ref="148016888" role=""/>
  <member type="way" ref="22893740" role=""/>
  <member type="way" ref="154340361" role=""/>
  <member type="way" ref="36882313" role=""/>
  <member type="way" ref="1205171800" role=""/>
  <member type="way" ref="1109911794" role=""/>
  <member type="way" ref="1148155465" role=""/>
  <member type="way" ref="1109911788" role=""/>
  <member type="way" ref="26283603" role=""/>
  <member type="way" ref="1205171802" role=""/>
  <member type="way" ref="1312434983" role=""/>
  <member type="way" ref="107215083" role=""/>
  <member type="way" ref="1232642395" role=""/>
  <member type="way" ref="359476589" role=""/>
  <member type="way" ref="359476587" role=""/>
  <member type="way" ref="760700372" role=""/>
  <member type="way" ref="503401204" role=""/>
  <member type="way" ref="363452629" role=""/>
  <member type="way" ref="1110178942" role=""/>
  <member type="way" ref="360861353" role=""/>
  <member type="way" ref="1343714136" role=""/>
  <member type="way" ref="138980159" role=""/>
  <member type="way" ref="45444030" role=""/>
  <member type="way" ref="1158656976" role=""/>
  <member type="way" ref="1158656975" role=""/>
  <member type="way" ref="1158656974" role=""/>
  <member type="way" ref="1255318803" role=""/>
  <member type="way" ref="38684972" role=""/>
  <member type="way" ref="464711172" role=""/>
  <member type="way" ref="700787647" role=""/>
  <member type="way" ref="499294485" role=""/>
  <member type="way" ref="1292994277" role=""/>
  <member type="way" ref="1150074360" role=""/>
  <member type="way" ref="458439813" role=""/>
  <member type="way" ref="735064668" role=""/>
  <member type="way" ref="31565098" role=""/>
  <member type="way" ref="1312156096" role=""/>
  <member type="way" ref="764500259" role=""/>
  <member type="way" ref="238460348" role=""/>
  <member type="way" ref="42756974" role=""/>
  <member type="way" ref="760886640" role=""/>
  <member type="way" ref="42756975" role=""/>
  <member type="way" ref="1412642796" role=""/>
  <member type="way" ref="1111976178" role=""/>
  <member type="way" ref="1111976177" role=""/>
  <member type="way" ref="760700369" role=""/>
  <member type="way" ref="172952774" role=""/>
  <member type="way" ref="172952775" role=""/>
  <member type="way" ref="1378825421" role=""/>
  <member type="way" ref="1233960352" role=""/>
  <member type="way" ref="172952777" role=""/>
  <member type="way" ref="1378825423" role=""/>
  <member type="way" ref="172952767" role=""/>
  <member type="way" ref="865967018" role=""/>
  <member type="way" ref="1357773704" role=""/>
  <member type="way" ref="262225968" role=""/>
  <member type="way" ref="30810597" role=""/>
  <member type="way" ref="1526408052" role=""/>
  <member type="way" ref="1474970255" role=""/>
  <member type="way" ref="1246310096" role=""/>
  <member type="way" ref="1374011190" role=""/>
  <member type="way" ref="172952772" role=""/>
  <member type="way" ref="1314303853" role=""/>
  <member type="way" ref="239069588" role=""/>
  <member type="way" ref="239069784" role=""/>
  <member type="way" ref="1314303855" role=""/>
  <member type="way" ref="1109199534" role=""/>
  <member type="way" ref="1109199533" role=""/>
  <member type="way" ref="1116747158" role=""/>
  <member type="way" ref="687216870" role=""/>
  <member type="way" ref="778762238" role=""/>
  <member type="way" ref="778762237" role=""/>
  <member type="way" ref="1034351805" role=""/>
  <member type="way" ref="31564399" role=""/>
  <member type="way" ref="1369844943" role=""/>
  <member type="way" ref="1034351807" role=""/>
  <member type="way" ref="1369844942" role=""/>
  <member type="way" ref="1311200429" role=""/>
  <member type="way" ref="687216869" role=""/>
  <member type="way" ref="1055338308" role=""/>
  <member type="way" ref="1012669429" role=""/>
  <member type="way" ref="1301972669" role=""/>
  <member type="way" ref="1280784408" role=""/>
  <member type="way" ref="191175067" role=""/>
  <member type="way" ref="1390450016" role=""/>
  <member type="way" ref="1390450015" role=""/>
  <member type="way" ref="1390437388" role=""/>
  <member type="way" ref="1302651648" role=""/>
  <member type="way" ref="1390441663" role=""/>
  <member type="way" ref="764411243" role=""/>
  <member type="way" ref="239070965" role=""/>
  <member type="way" ref="1191850186" role=""/>
  <member type="way" ref="1196268674" role=""/>
  <member type="way" ref="537741942" role=""/>
  <member type="way" ref="1214520327" role=""/>
  <member type="way" ref="1111935800" role=""/>
  <member type="way" ref="1111935801" role=""/>
  <member type="way" ref="764332435" role=""/>
  <member type="way" ref="1428504493" role=""/>
  <member type="way" ref="1155857688" role=""/>
  <member type="way" ref="1155857689" role=""/>
  <member type="way" ref="35912611" role=""/>
  <member type="way" ref="764378377" role=""/>
  <member type="way" ref="1547124881" role=""/>
  <member type="way" ref="202624707" role=""/>
  <member type="way" ref="1246767473" role=""/>
  <member type="way" ref="359510792" role=""/>
  <member type="way" ref="778827197" role=""/>
  <member type="way" ref="1105131085" role=""/>
  <member type="way" ref="1105131084" role=""/>
  <member type="way" ref="779539524" role=""/>
  <member type="way" ref="32130712" role=""/>
  <member type="way" ref="1375618090" role=""/>
  <member type="way" ref="780136961" role=""/>
  <member type="way" ref="779539580" role=""/>
  <member type="way" ref="1278820664" role=""/>
  <member type="way" ref="780136943" role=""/>
  <member type="way" ref="780140484" role=""/>
  <member type="way" ref="780140486" role=""/>
  <member type="way" ref="780140490" role=""/>
  <member type="way" ref="780140488" role=""/>
  <member type="way" ref="238312576" role=""/>
  <member type="way" ref="238313261" role=""/>
  <member type="way" ref="1090977826" role=""/>
  <member type="way" ref="238450912" role=""/>
  <member type="way" ref="1090977825" role=""/>
  <member type="way" ref="1090981372" role=""/>
  <member type="way" ref="1090981373" role=""/>
  <member type="way" ref="238450911" role=""/>
  <member type="way" ref="1152984568" role=""/>
  <member type="way" ref="112985457" role=""/>
  <member type="way" ref="1190518523" role=""/>
  <member type="way" ref="1259767462" role=""/>
  <member type="way" ref="1152984563" role=""/>
  <member type="way" ref="1152984566" role=""/>
  <member type="way" ref="112985453" role=""/>
  <member type="way" ref="1152984565" role=""/>
  <member type="way" ref="1152984562" role=""/>
  <member type="way" ref="760700367" role=""/>
  <tag k="from" v="KR Market"/>
  <tag k="name" v="293E: KR Market =&gt; Muthugadahalli"/>
  <tag k="name:kn" v="೨೯೩ ಇ"/>
  <tag k="network" v="BMTC"/>
  <tag k="network:wikidata" v="Q3345039"/>
  <tag k="operator" v="BMTC"/>
  <tag k="public_transport:version" v="2"/>
  <tag k="ref" v="293E"/>
  <tag k="route" v="bus"/>
  <tag k="to" v="Muthugadahalli"/>
  <tag k="type" v="route"/>
 </relation>
 <relation id="10537064" visible="true" version="2" changeset="124061806" timestamp="2022-07-25T17:10:17Z" user="Vonter" uid="3926189">
  <member type="node" ref="7106320854" role="stop"/>
  <member type="node" ref="452414811" role="platform"/>
  <member type="node" ref="9910066833" role="platform"/>
  <member type="node" ref="9910066832" role="platform"/>
  <tag k="name" v="Corporation Circle (Cubbon Park)"/>
  <tag k="name:en" v="Corporation Circle (Cubbon Park)"/>
  <tag k="network" v="BMTC"/>
  <tag k="operator" v="BMTC"/>
  <tag k="public_transport" v="stop_area"/>
  <tag k="type" v="public_transport"/>
 </relation>
 <relation id="10537065" visible="true" version="3" changeset="123057047" timestamp="2022-06-30T18:37:29Z" user="Vonter" uid="3926189">
  <member type="node" ref="7106320855" role="stop"/>
  <member type="node" ref="3741208081" role="platform"/>
  <tag k="name" v="Kasturba Road"/>
  <tag k="name:en" v="Kasturba Road"/>
  <tag k="name:etymology:wikidata" v="Q264908"/>
  <tag k="name:kn" v="ಕಸ್ತೂರ್ಬಾ ರಸ್ತೆ"/>
  <tag k="network" v="BMTC"/>
  <tag k="operator" v="BMTC"/>
  <tag k="public_transport" v="stop_area"/>
  <tag k="type" v="public_transport"/>
 </relation>
 <relation id="10537066" visible="true" version="2" changeset="158022713" timestamp="2024-10-17T19:02:19Z" user="indigomc" uid="136860">
  <member type="node" ref="7106320856" role="stop"/>
  <member type="node" ref="7106320857" role="platform"/>
  <tag k="name" v="MG Statue"/>
  <tag k="name:en" v="MG Statue"/>
  <tag k="name:kn" v="ಮಹಾತ್ಮ ಗಾಂಧಿ ಪ್ರತಿಮೆ"/>
  <tag k="network" v="BMTC"/>
  <tag k="operator" v="BMTC"/>
  <tag k="public_transport" v="stop_area"/>
  <tag k="type" v="public_transport"/>
 </relation>
 <relation id="10591795" visible="true" version="43" changeset="181886852" timestamp="2026-04-27T11:44:02Z" user="syedk" uid="19820024">
  <member type="node" ref="2398074914" role="platform"/>
  <member type="node" ref="5335240458" role="platform"/>
  <member type="way" ref="1263537984" role="platform"/>
  <member type="node" ref="663317710" role="platform"/>
  <member type="node" ref="452414811" role="platform"/>
  <member type="node" ref="2468903219" role="platform"/>
  <member type="node" ref="3356616804" role="platform"/>
  <member type="way" ref="1247625538" role="platform"/>
  <member type="node" ref="13734962762" role="platform"/>
  <member type="node" ref="296030070" role="platform"/>
  <member type="node" ref="7133498157" role="platform"/>
  <member type="node" ref="2401263650" role="platform"/>
  <member type="node" ref="3299039166" role="platform"/>
  <member type="node" ref="7133498151" role="platform"/>
  <member type="node" ref="3304100394" role="platform"/>
  <member type="node" ref="4307391440" role="platform"/>
  <member type="node" ref="3298916256" role="platform"/>
  <member type="node" ref="5338944222" role="platform"/>
  <member type="node" ref="1467246058" role="platform"/>
  <member type="node" ref="251099560" role="platform"/>
  <member type="node" ref="3778460853" role="platform"/>
  <member type="node" ref="2401280903" role="platform"/>
  <member type="node" ref="2623640654" role="platform"/>
  <member type="node" ref="2477336840" role="platform"/>
  <member type="way" ref="580772044" role=""/>
  <member type="way" ref="368624554" role=""/>
  <member type="way" ref="691949961" role=""/>
  <member type="way" ref="372031016" role=""/>
  <member type="way" ref="498550660" role=""/>
  <member type="way" ref="368624555" role=""/>
  <member type="way" ref="498550659" role=""/>
  <member type="way" ref="139141579" role=""/>
  <member type="way" ref="31235669" role=""/>
  <member type="way" ref="580771983" role=""/>
  <member type="way" ref="1309201345" role=""/>
  <member type="way" ref="1311961569" role=""/>
  <member type="way" ref="31235670" role=""/>
  <member type="way" ref="760543008" role=""/>
  <member type="way" ref="36884551" role=""/>
  <member type="way" ref="1292977133" role=""/>
  <member type="way" ref="1191919794" role=""/>
  <member type="way" ref="1314308310" role=""/>
  <member type="way" ref="251495490" role=""/>
  <member type="way" ref="150785556" role=""/>
  <member type="way" ref="1054230460" role=""/>
  <member type="way" ref="779282846" role=""/>
  <member type="way" ref="779282844" role=""/>
  <member type="way" ref="764332430" role=""/>
  <member type="way" ref="1311751492" role=""/>
  <member type="way" ref="638928392" role=""/>
  <member type="way" ref="1263537980" role=""/>
  <member type="way" ref="1263537981" role=""/>
  <member type="way" ref="638928391" role=""/>
  <member type="way" ref="52032727" role=""/>
  <member type="way" ref="781001561" role=""/>
  <member type="way" ref="22893740" role=""/>
  <member type="way" ref="154340361" role=""/>
  <member type="way" ref="760700376" role=""/>
  <member type="way" ref="36851759" role=""/>
  <member type="way" ref="1308725870" role=""/>
  <member type="way" ref="36852351" role=""/>
  <member type="way" ref="180375724" role=""/>
  <member type="way" ref="36853150" role=""/>
  <member type="way" ref="766406229" role=""/>
  <member type="way" ref="766406228" role=""/>
  <member type="way" ref="461556535" role=""/>
  <member type="way" ref="1096797091" role=""/>
  <member type="way" ref="763290547" role=""/>
  <member type="way" ref="1246410563" role=""/>
  <member type="way" ref="124316745" role=""/>
  <member type="way" ref="327639080" role=""/>
  <member type="way" ref="635340513" role=""/>
  <member type="way" ref="325833350" role=""/>
  <member type="way" ref="1015024219" role=""/>
  <member type="way" ref="1015024215" role=""/>
  <member type="way" ref="1015024218" role=""/>
  <member type="way" ref="27007398" role=""/>
  <member type="way" ref="28137491" role=""/>
  <member type="way" ref="635340514" role=""/>
  <member type="way" ref="124316968" role=""/>
  <member type="way" ref="638531683" role=""/>
  <member type="way" ref="638531674" role=""/>
  <member type="way" ref="1113090753" role=""/>
  <member type="way" ref="1113090754" role=""/>
  <member type="way" ref="638531682" role=""/>
  <member type="way" ref="1199674749" role=""/>
  <member type="way" ref="1202767853" role=""/>
  <member type="way" ref="464465171" role=""/>
  <member type="way" ref="1110169851" role=""/>
  <member type="way" ref="1424719317" role=""/>
  <member type="way" ref="1280763065" role=""/>
  <member type="way" ref="479244934" role=""/>
  <member type="way" ref="464465172" role=""/>
  <member type="way" ref="28709483" role=""/>
  <member type="way" ref="28709481" role=""/>
  <member type="way" ref="1268355363" role=""/>
  <member type="way" ref="1194673417" role=""/>
  <member type="way" ref="1194673414" role=""/>
  <member type="way" ref="1359583089" role=""/>
  <member type="way" ref="1497089833" role=""/>
  <member type="way" ref="1497089829" role=""/>
  <member type="way" ref="1497089830" role=""/>
  <member type="way" ref="1497089834" role=""/>
  <member type="way" ref="1135874170" role=""/>
  <member type="way" ref="1086212784" role=""/>
  <member type="way" ref="1135874169" role=""/>
  <member type="way" ref="1135874168" role=""/>
  <member type="way" ref="1135874167" role=""/>
  <member type="way" ref="1086212782" role=""/>
  <member type="way" ref="29147905" role=""/>
  <member type="way" ref="546327978" role=""/>
  <member type="way" ref="1504430867" role=""/>
  <member type="way" ref="546327975" role=""/>
  <member type="way" ref="1259593804" role=""/>
  <member type="way" ref="1312040400" role=""/>
  <member type="way" ref="158623056" role=""/>
  <member type="way" ref="426988256" role=""/>
  <member type="way" ref="399000520" role=""/>
  <member type="way" ref="763405052" role=""/>
  <member type="way" ref="1086240291" role=""/>
  <member type="way" ref="133126063" role=""/>
  <tag k="name" v="333: Kempegowda Bus Station =&gt; Marathahalli Bridge"/>
  <tag k="name:kn" v="೩೩೩"/>
  <tag k="network" v="BMTC"/>
  <tag k="network:wikidata" v="Q3345039"/>
  <tag k="operator" v="BMTC"/>
  <tag k="public_transport:version" v="2"/>
  <tag k="ref" v="333"/>
  <tag k="route" v="bus"/>
  <tag k="second_hand" v="Kempegowda Bus Station"/>
  <tag k="to" v="Marathahalli Bridge"/>
  <tag k="type" v="route"/>
 </relation>
 <relation id="10601161" visible="true" version="66" changeset="183692873" timestamp="2026-06-05T12:18:54Z" user="olaag" uid="21150819">
  <member type="node" ref="7104861407" role="platform"/>
  <member type="node" ref="1739362330" role="platform"/>
  <member type="node" ref="452414811" role="platform"/>
  <member type="node" ref="3741208081" role="platform"/>
  <member type="node" ref="7106320857" role="platform"/>
  <member type="node" ref="4144220197" role="platform"/>
  <member type="way" ref="1267893498" role="platform"/>
  <member type="node" ref="469614003" role="platform"/>
  <member type="way" ref="1254353743" role="platform"/>
  <member type="node" ref="249082830" role="platform"/>
  <member type="node" ref="5174903786" role="platform"/>
  <member type="node" ref="2468837734" role="platform"/>
  <member type="node" ref="7106320864" role="platform"/>
  <member type="node" ref="296030032" role="platform"/>
  <member type="node" ref="2468839205" role="platform"/>
  <member type="node" ref="2468841879" role="platform"/>
  <member type="node" ref="7106320869" role="platform"/>
  <member type="node" ref="296029985" role="platform"/>
  <member type="node" ref="353187806" role="platform"/>
  <member type="node" ref="7106320873" role="platform"/>
  <member type="node" ref="7106320875" role="platform"/>
  <member type="node" ref="7106320876" role="platform"/>
  <member type="node" ref="2125913472" role="platform"/>
  <member type="node" ref="2125916063" role="platform"/>
  <member type="node" ref="7140581377" role="platform"/>
  <member type="node" ref="7106320878" role="platform"/>
  <member type="node" ref="5966255508" role="platform"/>
  <member type="node" ref="5966255506" role="platform"/>
  <member type="node" ref="5966255505" role="platform"/>
  <member type="node" ref="6535450011" role="platform"/>
  <member type="node" ref="7141016442" role="platform"/>
  <member type="node" ref="7140581381" role="platform"/>
  <member type="node" ref="6535450006" role="platform"/>
  <member type="way" ref="760543010" role=""/>
  <member type="way" ref="760543009" role=""/>
  <member type="way" ref="172891297" role=""/>
  <member type="way" ref="1086234124" role=""/>
  <member type="way" ref="1086234123" role=""/>
  <member type="way" ref="244304928" role=""/>
  <member type="way" ref="310910082" role=""/>
  <member type="way" ref="763284659" role=""/>
  <member type="way" ref="1182189228" role=""/>
  <member type="way" ref="1214076611" role=""/>
  <member type="way" ref="37898955" role=""/>
  <member type="way" ref="461556532" role=""/>
  <member type="way" ref="148016888" role=""/>
  <member type="way" ref="22893740" role=""/>
  <member type="way" ref="154340361" role=""/>
  <member type="way" ref="36882313" role=""/>
  <member type="way" ref="1205171800" role=""/>
  <member type="way" ref="1109911794" role=""/>
  <member type="way" ref="1148155465" role=""/>
  <member type="way" ref="1109911788" role=""/>
  <member type="way" ref="26283603" role=""/>
  <member type="way" ref="1205171802" role=""/>
  <member type="way" ref="1312434983" role=""/>
  <member type="way" ref="107215083" role=""/>
  <member type="way" ref="1232642395" role=""/>
  <member type="way" ref="359476589" role=""/>
  <member type="way" ref="359476587" role=""/>
  <member type="way" ref="760700372" role=""/>
  <member type="way" ref="503401204" role=""/>
  <member type="way" ref="363452629" role=""/>
  <member type="way" ref="1110178942" role=""/>
  <member type="way" ref="360861353" role=""/>
  <member type="way" ref="1343714136" role=""/>
  <member type="way" ref="138980159" role=""/>
  <member type="way" ref="45444030" role=""/>
  <member type="way" ref="1158656976" role=""/>
  <member type="way" ref="1158656975" role=""/>
  <member type="way" ref="1158656974" role=""/>
  <member type="way" ref="1255318803" role=""/>
  <member type="way" ref="38684972" role=""/>
  <member type="way" ref="464711172" role=""/>
  <member type="way" ref="700787647" role=""/>
  <member type="way" ref="499294485" role=""/>
  <member type="way" ref="1292994277" role=""/>
  <member type="way" ref="1150074360" role=""/>
  <member type="way" ref="458439813" role=""/>
  <member type="way" ref="735064668" role=""/>
  <member type="way" ref="31565098" role=""/>
  <member type="way" ref="1312156096" role=""/>
  <member type="way" ref="764500259" role=""/>
  <member type="way" ref="238460348" role=""/>
  <member type="way" ref="42756974" role=""/>
  <member type="way" ref="760886640" role=""/>
  <member type="way" ref="42756975" role=""/>
  <member type="way" ref="1412642796" role=""/>
  <member type="way" ref="1111976178" role=""/>
  <member type="way" ref="1111976177" role=""/>
  <member type="way" ref="760700369" role=""/>
  <member type="way" ref="172952774" role=""/>
  <member type="way" ref="172952775" role=""/>
  <member type="way" ref="1378825421" role=""/>
  <member type="way" ref="1233960352" role=""/>
  <member type="way" ref="172952777" role=""/>
  <member type="way" ref="1378825423" role=""/>
  <member type="way" ref="172952767" role=""/>
  <member type="way" ref="865967018" role=""/>
  <member type="way" ref="1357773704" role=""/>
  <member type="way" ref="262225968" role=""/>
  <member type="way" ref="30810597" role=""/>
  <member type="way" ref="1526408052" role=""/>
  <member type="way" ref="1474970255" role=""/>
  <member type="way" ref="1246310096" role=""/>
  <member type="way" ref="1374011190" role=""/>
  <member type="way" ref="172952772" role=""/>
  <member type="way" ref="1314303853" role=""/>
  <member type="way" ref="239069588" role=""/>
  <member type="way" ref="239069784" role=""/>
  <member type="way" ref="1314303855" role=""/>
  <member type="way" ref="1109199534" role=""/>
  <member type="way" ref="1109199533" role=""/>
  <member type="way" ref="1116747158" role=""/>
  <member type="way" ref="687216870" role=""/>
  <member type="way" ref="778762238" role=""/>
  <member type="way" ref="778762237" role=""/>
  <member type="way" ref="1034351805" role=""/>
  <member type="way" ref="31564399" role=""/>
  <member type="way" ref="1369844943" role=""/>
  <member type="way" ref="1034351807" role=""/>
  <member type="way" ref="1369844942" role=""/>
  <member type="way" ref="1311200429" role=""/>
  <member type="way" ref="687216869" role=""/>
  <member type="way" ref="1055338308" role=""/>
  <member type="way" ref="1012669429" role=""/>
  <member type="way" ref="1301972669" role=""/>
  <member type="way" ref="1280784408" role=""/>
  <member type="way" ref="191175067" role=""/>
  <member type="way" ref="1390450016" role=""/>
  <member type="way" ref="1390450015" role=""/>
  <member type="way" ref="1390437388" role=""/>
  <member type="way" ref="1302651648" role=""/>
  <member type="way" ref="1390441663" role=""/>
  <member type="way" ref="764411243" role=""/>
  <member type="way" ref="239070965" role=""/>
  <member type="way" ref="1191850186" role=""/>
  <member type="way" ref="1196268674" role=""/>
  <member type="way" ref="537741942" role=""/>
  <member type="way" ref="1214520327" role=""/>
  <member type="way" ref="1111935800" role=""/>
  <member type="way" ref="1111935801" role=""/>
  <member type="way" ref="764332435" role=""/>
  <member type="way" ref="1428504493" role=""/>
  <member type="way" ref="1155857688" role=""/>
  <member type="way" ref="1155857689" role=""/>
  <member type="way" ref="35912611" role=""/>
  <member type="way" ref="764378377" role=""/>
  <member type="way" ref="1315462003" role=""/>
  <member type="way" ref="764378378" role=""/>
  <member type="way" ref="506437218" role=""/>
  <member type="way" ref="779498140" role=""/>
  <member type="way" ref="43321756" role=""/>
  <tag k="from" v="KR Market"/>
  <tag k="name" v="292: KR Market =&gt; Nagaraesh Nagenahalli"/>
  <tag k="name:kn" v="೨೯೨"/>
  <tag k="network" v="BMTC"/>
  <tag k="network:wikidata" v="Q3345039"/>
  <tag k="operator" v="BMTC"/>
  <tag k="public_transport:version" v="2"/>
  <tag k="ref" v="292"/>
  <tag k="route" v="bus"/>
  <tag k="to" v="Nagaraesh Nagenahalli"/>
  <tag k="type" v="route"/>
 </relation>
 <relation id="14419835" visible="true" version="71" changeset="185898984" timestamp="2026-07-17T11:13:13Z" user="ompatekar" uid="16275581">
  <member type="node" ref="2398074914" role="platform_entry_only"/>
  <member type="node" ref="2393692191" role="platform"/>
  <member type="node" ref="5335240458" role="platform"/>
  <member type="way" ref="1263537984" role="platform"/>
  <member type="node" ref="663317710" role="platform"/>
  <member type="node" ref="452414811" role="platform"/>
  <member type="node" ref="3356616804" role="platform"/>
  <member type="way" ref="1247625538" role="platform"/>
  <member type="node" ref="4846787925" role="platform"/>
  <member type="node" ref="296030070" role="platform"/>
  <member type="node" ref="7133498157" role="platform"/>
  <member type="node" ref="2401263650" role="platform"/>
  <member type="node" ref="3299039166" role="platform"/>
  <member type="node" ref="7133498151" role="platform"/>
  <member type="node" ref="3304100394" role="platform"/>
  <member type="node" ref="4310175869" role="platform"/>
  <member type="node" ref="3298916256" role="platform"/>
  <member type="node" ref="1467246058" role="platform"/>
  <member type="node" ref="251099560" role="platform"/>
  <member type="node" ref="3778460853" role="platform"/>
  <member type="node" ref="2401280903" role="platform"/>
  <member type="node" ref="2623640654" role="platform"/>
  <member type="node" ref="2477336840" role="platform"/>
  <member type="node" ref="4040044244" role="platform"/>
  <member type="node" ref="3592142912" role="platform"/>
  <member type="node" ref="10820700292" role="platform"/>
  <member type="node" ref="251103708" role="platform"/>
  <member type="node" ref="1382502171" role="platform"/>
  <member type="node" ref="2476115583" role="platform"/>
  <member type="node" ref="10059214637" role="platform"/>
  <member type="node" ref="2600915519" role="platform"/>
  <member type="node" ref="2477328112" role="platform"/>
  <member type="node" ref="1098024028" role="platform"/>
  <member type="node" ref="2477327038" role="platform"/>
  <member type="node" ref="1523569750" role="platform"/>
  <member type="node" ref="2477322389" role="platform"/>
  <member type="node" ref="825453211" role="platform"/>
  <member type="node" ref="2475469391" role="platform"/>
  <member type="node" ref="2475474263" role="platform"/>
  <member type="node" ref="825453269" role="platform"/>
  <member type="node" ref="2475474264" role="platform"/>
  <member type="node" ref="825452159" role="platform"/>
  <member type="node" ref="253455822" role="platform"/>
  <member type="node" ref="2473502206" role="platform_exit_only"/>
  <member type="way" ref="691949961" role=""/>
  <member type="way" ref="372031016" role=""/>
  <member type="way" ref="498550660" role=""/>
  <member type="way" ref="368624555" role=""/>
  <member type="way" ref="498550659" role=""/>
  <member type="way" ref="139141579" role=""/>
  <member type="way" ref="31235669" role=""/>
  <member type="way" ref="1309201345" role=""/>
  <member type="way" ref="1311961569" role=""/>
  <member type="way" ref="31235670" role=""/>
  <member type="way" ref="760543008" role=""/>
  <member type="way" ref="36884551" role=""/>
  <member type="way" ref="1292977133" role=""/>
  <member type="way" ref="1191919794" role=""/>
  <member type="way" ref="1314308310" role=""/>
  <member type="way" ref="251495490" role=""/>
  <member type="way" ref="150785556" role=""/>
  <member type="way" ref="1054230460" role=""/>
  <member type="way" ref="779282846" role=""/>
  <member type="way" ref="779282844" role=""/>
  <member type="way" ref="764332430" role=""/>
  <member type="way" ref="1311751492" role=""/>
  <member type="way" ref="52032727" role=""/>
  <member type="way" ref="638928391" role=""/>
  <member type="way" ref="1263537981" role=""/>
  <member type="way" ref="1263537980" role=""/>
  <member type="way" ref="638928392" role=""/>
  <member type="way" ref="781001561" role=""/>
  <member type="way" ref="22893740" role=""/>
  <member type="way" ref="154340361" role=""/>
  <member type="way" ref="760700376" role=""/>
  <member type="way" ref="36851759" role=""/>
  <member type="way" ref="1308725870" role=""/>
  <member type="way" ref="36852351" role=""/>
  <member type="way" ref="180375724" role=""/>
  <member type="way" ref="36853150" role=""/>
  <member type="way" ref="1086212781" role=""/>
  <member type="way" ref="766406229" role=""/>
  <member type="way" ref="208698150" role=""/>
  <member type="way" ref="461556535" role=""/>
  <member type="way" ref="1096797091" role=""/>
  <member type="way" ref="763290547" role=""/>
  <member type="way" ref="1246410563" role=""/>
  <member type="way" ref="124316745" role=""/>
  <member type="way" ref="327639080" role=""/>
  <member type="way" ref="635340513" role=""/>
  <member type="way" ref="325833350" role=""/>
  <member type="way" ref="27007398" role=""/>
  <member type="way" ref="28137491" role=""/>
  <member type="way" ref="635340514" role=""/>
  <member type="way" ref="124316968" role=""/>
  <member type="way" ref="638531683" role=""/>
  <member type="way" ref="638531674" role=""/>
  <member type="way" ref="1113090753" role=""/>
  <member type="way" ref="1113090754" role=""/>
  <member type="way" ref="638531682" role=""/>
  <member type="way" ref="1199674749" role=""/>
  <member type="way" ref="1202767853" role=""/>
  <member type="way" ref="464465171" role=""/>
  <member type="way" ref="1110169851" role=""/>
  <member type="way" ref="1424719317" role=""/>
  <member type="way" ref="1280763065" role=""/>
  <member type="way" ref="479244934" role=""/>
  <member type="way" ref="464465172" role=""/>
  <member type="way" ref="28709483" role=""/>
  <member type="way" ref="28709481" role=""/>
  <member type="way" ref="1268355363" role=""/>
  <member type="way" ref="1194673417" role=""/>
  <member type="way" ref="1194673414" role=""/>
  <member type="way" ref="1497089834" role=""/>
  <member type="way" ref="1497089830" role=""/>
  <member type="way" ref="1497089829" role=""/>
  <member type="way" ref="1497089833" role=""/>
  <member type="way" ref="1359583089" role=""/>
  <member type="way" ref="735037028" role=""/>
  <member type="way" ref="1086212782" role=""/>
  <member type="way" ref="29147905" role=""/>
  <member type="way" ref="546327978" role=""/>
  <member type="way" ref="1504430867" role=""/>
  <member type="way" ref="546327975" role=""/>
  <member type="way" ref="1259593804" role=""/>
  <member type="way" ref="1312040400" role=""/>
  <member type="way" ref="158623056" role=""/>
  <member type="way" ref="426988256" role=""/>
  <member type="way" ref="399000520" role=""/>
  <member type="way" ref="763405052" role=""/>
  <member type="way" ref="1086240291" role=""/>
  <member type="way" ref="133126063" role=""/>
  <member type="way" ref="399000517" role=""/>
  <member type="way" ref="1303738155" role=""/>
  <member type="way" ref="1157170082" role=""/>
  <member type="way" ref="1157170083" role=""/>
  <member type="way" ref="23492995" role=""/>
  <member type="way" ref="1161231943" role=""/>
  <member type="way" ref="1161231944" role=""/>
  <member type="way" ref="546327176" role=""/>
  <member type="way" ref="1072664293" role=""/>
  <member type="way" ref="1072926184" role=""/>
  <member type="way" ref="414833798" role=""/>
  <member type="way" ref="1089703481" role=""/>
  <member type="way" ref="1089703480" role=""/>
  <member type="way" ref="122493883" role=""/>
  <member type="way" ref="648492112" role=""/>
  <member type="way" ref="1109975017" role=""/>
  <member type="way" ref="1089703482" role=""/>
  <member type="way" ref="578459288" role=""/>
  <member type="way" ref="1344943073" role=""/>
  <member type="way" ref="1149207217" role=""/>
  <member type="way" ref="94527474" role=""/>
  <member type="way" ref="1344943074" role=""/>
  <member type="way" ref="1149207218" role=""/>
  <member type="way" ref="1219324807" role=""/>
  <member type="way" ref="705882198" role=""/>
  <member type="way" ref="94527473" role=""/>
  <member type="way" ref="150595079" role=""/>
  <member type="way" ref="1164321211" role=""/>
  <member type="way" ref="150595082" role=""/>
  <member type="way" ref="150595083" role=""/>
  <member type="way" ref="138982361" role=""/>
  <member type="way" ref="33300516" role=""/>
  <member type="way" ref="1127946866" role=""/>
  <member type="way" ref="1148406770" role=""/>
  <member type="way" ref="1280115398" role=""/>
  <member type="way" ref="1086035869" role=""/>
  <member type="way" ref="1183647432" role=""/>
  <member type="way" ref="1084450327" role=""/>
  <member type="way" ref="1259767465" role=""/>
  <member type="way" ref="1086035870" role=""/>
  <member type="way" ref="1084450328" role=""/>
  <member type="way" ref="1086035871" role=""/>
  <member type="way" ref="1315453451" role=""/>
  <member type="way" ref="1315453453" role=""/>
  <member type="way" ref="139266402" role=""/>
  <member type="way" ref="1100566688" role=""/>
  <member type="way" ref="1259767464" role=""/>
  <member type="way" ref="580921886" role=""/>
  <member type="way" ref="1387156133" role=""/>
  <member type="way" ref="1540002924" role=""/>
  <member type="way" ref="1311170097" role=""/>
  <member type="way" ref="1311170098" role=""/>
  <member type="way" ref="133631823" role=""/>
  <member type="way" ref="95186277" role=""/>
  <member type="way" ref="1310982764" role=""/>
  <tag k="from" v="Kempegowda Bus Station"/>
  <tag k="name" v="Bus 335E: Kempegowda Bus Station =&gt; Kadugodi Bus Station"/>
  <tag k="network" v="BMTC"/>
  <tag k="network:wikidata" v="Q3345039"/>
  <tag k="operator" v="BMTC"/>
  <tag k="public_transport:version" v="2"/>
  <tag k="ref" v="335E"/>
  <tag k="route" v="bus"/>
  <tag k="to" v="Kadugodi Bus Station"/>
  <tag k="type" v="route"/>
  <tag k="via" v="Marathahalli"/>
 </relation>
 <relation id="14419845" visible="true" version="2" changeset="126338511" timestamp="2022-09-18T16:48:47Z" user="uknown-gryphus" uid="2425805">
  <member type="relation" ref="14419835" role=""/>
  <tag k="name" v="Bus 335E"/>
  <tag k="network" v="BMTC"/>
  <tag k="network:wikidata" v="Q3345039"/>
  <tag k="operator" v="BMTC"/>
  <tag k="ref" v="335E"/>
  <tag k="route_master" v="bus"/>
  <tag k="type" v="route_master"/>
 </relation>
 <relation id="14599353" visible="true" version="45" changeset="185898984" timestamp="2026-07-17T11:13:13Z" user="ompatekar" uid="16275581">
  <member type="node" ref="2398074914" role="platform_entry_only"/>
  <member type="node" ref="2393692191" role="platform"/>
  <member type="node" ref="5335240458" role="platform"/>
  <member type="way" ref="1263537984" role="platform"/>
  <member type="node" ref="663317710" role="platform"/>
  <member type="node" ref="452414811" role="platform"/>
  <member type="node" ref="2468903219" role="platform"/>
  <member type="node" ref="3356616804" role="platform"/>
  <member type="way" ref="1247625538" role="platform"/>
  <member type="node" ref="4846787925" role="platform"/>
  <member type="node" ref="296030070" role="platform"/>
  <member type="node" ref="7133498157" role="platform"/>
  <member type="node" ref="2401263650" role="platform"/>
  <member type="node" ref="3299039166" role="platform"/>
  <member type="node" ref="3304100394" role="platform"/>
  <member type="node" ref="4310175869" role="platform"/>
  <member type="node" ref="3298916256" role="platform"/>
  <member type="node" ref="5338944222" role="platform"/>
  <member type="node" ref="1467246058" role="platform"/>
  <member type="node" ref="251099560" role="platform"/>
  <member type="node" ref="3778460853" role="platform"/>
  <member type="node" ref="2401280903" role="platform"/>
  <member type="node" ref="2623640654" role="platform"/>
  <member type="node" ref="2477336840" role="platform"/>
  <member type="node" ref="4040044244" role="platform"/>
  <member type="node" ref="10037544586" role="platform"/>
  <member type="node" ref="2485090589" role="platform"/>
  <member type="node" ref="1504737976" role="platform"/>
  <member type="node" ref="1078253111" role="platform"/>
  <member type="node" ref="2485090595" role="platform"/>
  <member type="node" ref="10037670739" role="platform"/>
  <member type="node" ref="2486617758" role="platform"/>
  <member type="node" ref="825452139" role="platform"/>
  <member type="node" ref="2482304663" role="platform"/>
  <member type="node" ref="5993281796" role="platform"/>
  <member type="node" ref="1368828989" role="platform"/>
  <member type="node" ref="253455822" role="platform"/>
  <member type="node" ref="2473502206" role="platform_exit_only"/>
  <member type="way" ref="691949961" role=""/>
  <member type="way" ref="372031016" role=""/>
  <member type="way" ref="498550660" role=""/>
  <member type="way" ref="368624555" role=""/>
  <member type="way" ref="498550659" role=""/>
  <member type="way" ref="139141579" role=""/>
  <member type="way" ref="31235669" role=""/>
  <member type="way" ref="1309201345" role=""/>
  <member type="way" ref="1311961569" role=""/>
  <member type="way" ref="31235670" role=""/>
  <member type="way" ref="760543008" role=""/>
  <member type="way" ref="36884551" role=""/>
  <member type="way" ref="1292977133" role=""/>
  <member type="way" ref="1191919794" role=""/>
  <member type="way" ref="1314308310" role=""/>
  <member type="way" ref="251495490" role=""/>
  <member type="way" ref="150785556" role=""/>
  <member type="way" ref="1054230460" role=""/>
  <member type="way" ref="779282846" role=""/>
  <member type="way" ref="779282844" role=""/>
  <member type="way" ref="764332430" role=""/>
  <member type="way" ref="1311751492" role=""/>
  <member type="way" ref="52032727" role=""/>
  <member type="way" ref="638928391" role=""/>
  <member type="way" ref="1263537981" role=""/>
  <member type="way" ref="1263537980" role=""/>
  <member type="way" ref="638928392" role=""/>
  <member type="way" ref="781001561" role=""/>
  <member type="way" ref="22893740" role=""/>
  <member type="way" ref="154340361" role=""/>
  <member type="way" ref="760700376" role=""/>
  <member type="way" ref="36851759" role=""/>
  <member type="way" ref="1308725870" role=""/>
  <member type="way" ref="36852351" role=""/>
  <member type="way" ref="180375724" role=""/>
  <member type="way" ref="36853150" role=""/>
  <member type="way" ref="1086212781" role=""/>
  <member type="way" ref="766406229" role=""/>
  <member type="way" ref="208698150" role=""/>
  <member type="way" ref="1076405822" role=""/>
  <member type="way" ref="461556535" role=""/>
  <member type="way" ref="1096797091" role=""/>
  <member type="way" ref="763290547" role=""/>
  <member type="way" ref="1246410563" role=""/>
  <member type="way" ref="124316745" role=""/>
  <member type="way" ref="327639080" role=""/>
  <member type="way" ref="635340513" role=""/>
  <member type="way" ref="325833350" role=""/>
  <member type="way" ref="27007398" role=""/>
  <member type="way" ref="28137491" role=""/>
  <member type="way" ref="635340514" role=""/>
  <member type="way" ref="124316968" role=""/>
  <member type="way" ref="638531683" role=""/>
  <member type="way" ref="638531674" role=""/>
  <member type="way" ref="1113090753" role=""/>
  <member type="way" ref="1113090754" role=""/>
  <member type="way" ref="638531682" role=""/>
  <member type="way" ref="1199674749" role=""/>
  <member type="way" ref="1202767853" role=""/>
  <member type="way" ref="464465171" role=""/>
  <member type="way" ref="1110169851" role=""/>
  <member type="way" ref="1424719317" role=""/>
  <member type="way" ref="1280763065" role=""/>
  <member type="way" ref="479244934" role=""/>
  <member type="way" ref="464465172" role=""/>
  <member type="way" ref="28709483" role=""/>
  <member type="way" ref="28709481" role=""/>
  <member type="way" ref="1268355363" role=""/>
  <member type="way" ref="1194673417" role=""/>
  <member type="way" ref="1194673414" role=""/>
  <member type="way" ref="1497089834" role=""/>
  <member type="way" ref="1497089830" role=""/>
  <member type="way" ref="1497089829" role=""/>
  <member type="way" ref="1497089833" role=""/>
  <member type="way" ref="1359583089" role=""/>
  <member type="way" ref="735037028" role=""/>
  <member type="way" ref="1086212782" role=""/>
  <member type="way" ref="29147905" role=""/>
  <member type="way" ref="546327978" role=""/>
  <member type="way" ref="1504430867" role=""/>
  <member type="way" ref="546327975" role=""/>
  <member type="way" ref="1259593804" role=""/>
  <member type="way" ref="1312040400" role=""/>
  <member type="way" ref="158623056" role=""/>
  <member type="way" ref="426988256" role=""/>
  <member type="way" ref="399000520" role=""/>
  <member type="way" ref="763405052" role=""/>
  <member type="way" ref="133126063" role=""/>
  <member type="way" ref="399000517" role=""/>
  <member type="way" ref="1303738155" role=""/>
  <member type="way" ref="1157170082" role=""/>
  <member type="way" ref="1157170083" role=""/>
  <member type="way" ref="23492995" role=""/>
  <member type="way" ref="1161231943" role=""/>
  <member type="way" ref="1161231944" role=""/>
  <member type="way" ref="546327176" role=""/>
  <member type="way" ref="1072664293" role=""/>
  <member type="way" ref="1086035866" role=""/>
  <member type="way" ref="1072664295" role=""/>
  <member type="way" ref="1072664296" role=""/>
  <member type="way" ref="122493882" role=""/>
  <member type="way" ref="1324297094" role=""/>
  <member type="way" ref="1072664294" role=""/>
  <member type="way" ref="122424488" role=""/>
  <member type="way" ref="498842449" role=""/>
  <member type="way" ref="1138309529" role=""/>
  <member type="way" ref="1096077213" role=""/>
  <member type="way" ref="1286770492" role=""/>
  <member type="way" ref="1286770494" role=""/>
  <member type="way" ref="1510898753" role=""/>
  <member type="way" ref="28043853" role=""/>
  <member type="way" ref="1202767309" role=""/>
  <member type="way" ref="1202767311" role=""/>
  <member type="way" ref="1166762558" role=""/>
  <member type="way" ref="1166762561" role=""/>
  <member type="way" ref="1196267107" role=""/>
  <member type="way" ref="1196267108" role=""/>
  <member type="way" ref="1196267109" role=""/>
  <member type="way" ref="1196267110" role=""/>
  <member type="way" ref="1196267111" role=""/>
  <member type="way" ref="1196267112" role=""/>
  <member type="way" ref="1196267113" role=""/>
  <member type="way" ref="1196267114" role=""/>
  <member type="way" ref="1196267115" role=""/>
  <member type="way" ref="1196267116" role=""/>
  <member type="way" ref="1453817251" role=""/>
  <member type="way" ref="1196267117" role=""/>
  <member type="way" ref="1196267118" role=""/>
  <member type="way" ref="1196267119" role=""/>
  <member type="way" ref="1196267120" role=""/>
  <member type="way" ref="1196267121" role=""/>
  <member type="way" ref="498554029" role=""/>
  <member type="way" ref="1540002924" role=""/>
  <member type="way" ref="1311170097" role=""/>
  <member type="way" ref="1311170098" role=""/>
  <member type="way" ref="133631823" role=""/>
  <member type="way" ref="95186277" role=""/>
  <member type="way" ref="1310982764" role=""/>
  <tag k="fee" v="yes"/>
  <tag k="from" v="Kempegowda Bus Station"/>
  <tag k="name" v="Bus V-333E: Kempegowda Bus Station =&gt; Kadugodi Bus Station"/>
  <tag k="network" v="BMTC"/>
  <tag k="network:wikidata" v="Q3345039"/>
  <tag k="operator" v="BMTC"/>
  <tag k="public_transport:version" v="2"/>
  <tag k="ref" v="V-333E"/>
  <tag k="route" v="bus"/>
  <tag k="to" v="Kadugodi Bus Station"/>
  <tag k="type" v="route"/>
  <tag k="via" v="Marathahalli;Whitefield"/>
  <tag k="wheelchair" v="yes"/>
 </relation>
 <relation id="14599354" visible="true" version="1" changeset="126391648" timestamp="2022-09-19T18:15:04Z" user="uknown-gryphus" uid="2425805">
  <member type="relation" ref="14599353" role=""/>
  <member type="relation" ref="14595433" role=""/>
  <tag k="name" v="Bus V-333E"/>
  <tag k="network" v="BMTC"/>
  <tag k="network:wikidata" v="Q3345039"/>
  <tag k="operator" v="BMTC"/>
  <tag k="ref" v="V-333E"/>
  <tag k="route_master" v="bus"/>
  <tag k="type" v="route_master"/>
  <tag k="wheelchair" v="yes"/>
 </relation>
 <relation id="17302868" visible="true" version="4" changeset="164277953" timestamp="2025-03-30T08:58:48Z" user="uknown-gryphus" uid="2425805">
  <member type="way" ref="1257313364" role=""/>
  <member type="way" ref="1257313363" role=""/>
  <member type="way" ref="366192432" role=""/>
  <member type="way" ref="1257318361" role=""/>
  <member type="way" ref="1368284553" role=""/>
  <member type="way" ref="1368284552" role=""/>
  <member type="way" ref="1372987214" role=""/>
  <member type="way" ref="1372987213" role=""/>
  <member type="way" ref="208697530" role=""/>
  <tag k="name" v="Nature Trail"/>
  <tag k="route" v="running"/>
  <tag k="type" v="route"/>
 </relation>
 <relation id="18130190" visible="true" version="16" changeset="188355486" timestamp="2026-09-01T10:15:28Z" user="olaag" uid="21150819">
  <member type="node" ref="2468903219" role="platform"/>
  <member type="node" ref="4144224291" role="platform"/>
  <member type="node" ref="663573137" role="platform"/>
  <member type="node" ref="6834406252" role="platform"/>
  <member type="node" ref="6019408108" role="platform"/>
  <member type="node" ref="4843099635" role="platform"/>
  <member type="node" ref="2471820291" role="platform"/>
  <member type="way" ref="172899268" role=""/>
  <member type="way" ref="1238821106" role=""/>
  <member type="way" ref="1455426598" role=""/>
  <member type="way" ref="1238821102" role=""/>
  <member type="way" ref="1455426597" role=""/>
  <member type="way" ref="393699921" role=""/>
  <member type="way" ref="1321561528" role=""/>
  <member type="way" ref="638928395" role=""/>
  <member type="way" ref="462585125" role=""/>
  <member type="way" ref="462585126" role=""/>
  <member type="way" ref="36853146" role=""/>
  <member type="way" ref="1109914955" role=""/>
  <member type="way" ref="766406976" role=""/>
  <member type="way" ref="1109914958" role=""/>
  <member type="way" ref="736430942" role=""/>
  <member type="way" ref="1379232590" role=""/>
  <member type="way" ref="627144178" role=""/>
  <member type="way" ref="1531324129" role=""/>
  <member type="way" ref="730431933" role=""/>
  <member type="way" ref="1352261231" role=""/>
  <member type="way" ref="1452617367" role=""/>
  <member type="way" ref="1452617366" role=""/>
  <member type="way" ref="91894181" role=""/>
  <member type="way" ref="36852351" role=""/>
  <member type="way" ref="1308725870" role=""/>
  <member type="way" ref="36851759" role=""/>
  <member type="way" ref="1551001627" role=""/>
  <member type="way" ref="403473952" role=""/>
  <member type="way" ref="1148155463" role=""/>
  <member type="way" ref="1109911790" role=""/>
  <member type="way" ref="1205171801" role=""/>
  <member type="way" ref="1110191850" role=""/>
  <member type="way" ref="36913434" role=""/>
  <member type="way" ref="1109912029" role=""/>
  <member type="way" ref="355938968" role=""/>
  <member type="way" ref="730432812" role=""/>
  <member type="way" ref="506310567" role=""/>
  <member type="way" ref="1148718166" role=""/>
  <member type="way" ref="1530788232" role=""/>
  <member type="way" ref="52063523" role=""/>
  <member type="way" ref="589685544" role=""/>
  <member type="way" ref="503401205" role=""/>
  <member type="way" ref="360861358" role=""/>
  <member type="way" ref="1110178940" role=""/>
  <member type="way" ref="172920277" role=""/>
  <member type="way" ref="161416662" role=""/>
  <member type="way" ref="1321561533" role=""/>
  <member type="way" ref="26807972" role=""/>
  <member type="way" ref="115837334" role=""/>
  <member type="way" ref="1035901181" role=""/>
  <member type="way" ref="453727674" role=""/>
  <member type="way" ref="1312448620" role=""/>
  <member type="way" ref="1312448619" role=""/>
  <member type="way" ref="143412223" role=""/>
  <member type="way" ref="188340335" role=""/>
  <member type="way" ref="1306480001" role=""/>
  <member type="way" ref="1285088630" role=""/>
  <member type="way" ref="1285088633" role=""/>
  <member type="way" ref="1306480003" role=""/>
  <member type="way" ref="1323779851" role=""/>
  <member type="way" ref="130302887" role=""/>
  <member type="way" ref="1314306727" role=""/>
  <member type="way" ref="130302888" role=""/>
  <member type="way" ref="499300185" role=""/>
  <member type="way" ref="71523627" role=""/>
  <member type="way" ref="243464544" role=""/>
  <member type="way" ref="71523633" role=""/>
  <member type="way" ref="400433091" role=""/>
  <member type="way" ref="71523620" role=""/>
  <member type="way" ref="377833936" role=""/>
  <member type="way" ref="377832657" role=""/>
  <member type="way" ref="1278555479" role=""/>
  <member type="way" ref="45738131" role=""/>
  <member type="way" ref="1314600701" role=""/>
  <member type="way" ref="377832184" role=""/>
  <member type="way" ref="377832180" role=""/>
  <member type="way" ref="1314600702" role=""/>
  <member type="way" ref="377832173" role=""/>
  <member type="way" ref="377832185" role=""/>
  <member type="way" ref="377832174" role=""/>
  <member type="way" ref="1278555480" role=""/>
  <member type="way" ref="842592053" role=""/>
  <member type="way" ref="377832182" role=""/>
  <member type="way" ref="377832186" role=""/>
  <member type="way" ref="377832181" role=""/>
  <member type="way" ref="971335104" role=""/>
  <member type="way" ref="971335105" role=""/>
  <member type="way" ref="369845100" role=""/>
  <member type="way" ref="971335093" role=""/>
  <member type="way" ref="1284167425" role=""/>
  <member type="way" ref="1289169665" role=""/>
  <member type="way" ref="369845099" role=""/>
  <member type="way" ref="1554182749" role=""/>
  <member type="way" ref="255430608" role=""/>
  <member type="way" ref="259209259" role=""/>
  <member type="way" ref="255550563" role=""/>
  <member type="way" ref="259209253" role=""/>
  <member type="way" ref="1284167433" role=""/>
  <member type="way" ref="1284167434" role=""/>
  <member type="way" ref="369451796" role=""/>
  <member type="way" ref="1314565180" role=""/>
  <member type="way" ref="255550561" role=""/>
  <member type="way" ref="1314565179" role=""/>
  <member type="way" ref="369449040" role=""/>
  <member type="way" ref="1284167442" role=""/>
  <member type="way" ref="1284167445" role=""/>
  <member type="way" ref="259222044" role=""/>
  <member type="way" ref="259222032" role=""/>
  <member type="way" ref="259222034" role=""/>
  <member type="way" ref="1309209733" role=""/>
  <member type="way" ref="1309209734" role=""/>
  <member type="way" ref="259222043" role=""/>
  <member type="way" ref="369448455" role=""/>
  <member type="way" ref="1163794402" role=""/>
  <member type="way" ref="46418434" role=""/>
  <member type="way" ref="1219710440" role=""/>
  <member type="way" ref="1284367742" role=""/>
  <member type="way" ref="1248865587" role=""/>
  <member type="way" ref="369255584" role=""/>
  <member type="way" ref="1314602868" role=""/>
  <member type="way" ref="1284167457" role=""/>
  <member type="way" ref="1284167458" role=""/>
  <member type="way" ref="1314602869" role=""/>
  <member type="way" ref="1284167459" role=""/>
  <member type="way" ref="1284167455" role=""/>
  <member type="way" ref="36993164" role=""/>
  <member type="way" ref="1242967471" role=""/>
  <member type="way" ref="369332904" role=""/>
  <member type="way" ref="1078417629" role=""/>
  <member type="way" ref="1078417630" role=""/>
  <member type="way" ref="1078417632" role=""/>
  <member type="way" ref="1303814517" role=""/>
  <member type="way" ref="1078417631" role=""/>
  <member type="way" ref="1078417622" role=""/>
  <member type="way" ref="1078417628" role=""/>
  <tag k="from" v="Kempegowda International Airport"/>
  <tag k="name" v="Bus KIA-5: Kempegowda International Airport =&gt; Banashankari"/>
  <tag k="name:kn" v="ಕೆಐಎ ೫"/>
  <tag k="network" v="BMTC"/>
  <tag k="network:wikidata" v="Q3345039"/>
  <tag k="operator" v="BMTC"/>
  <tag k="public_transport:version" v="2"/>
  <tag k="ref" v="KIA-5"/>
  <tag k="route" v="bus"/>
  <tag k="to" v="Banashankari"/>
  <tag k="type" v="route"/>
  <tag k="via" v="Shanthinagara"/>
 </relation>
 <relation id="19883384" visible="true" version="2" changeset="175156711" timestamp="2025-11-26T14:13:59Z" user="Vonter" uid="3926189">
  <member type="way" ref="1453722149" role="outer"/>
  <member type="way" ref="1453721751" role="outer"/>
  <member type="way" ref="1453722575" role="outer"/>
  <member type="way" ref="1453721939" role="outer"/>
  <member type="way" ref="1453722674" role="outer"/>
  <member type="way" ref="1453721750" role="outer"/>
  <member type="way" ref="1453722253" role="outer"/>
  <member type="way" ref="1453721792" role="outer"/>
  <member type="way" ref="1453721777" role="outer"/>
  <tag k="admin_level" v="10"/>
  <tag k="boundary" v="administrative"/>
  <tag k="local_authority:IN" v="ward"/>
  <tag k="name" v="Ashokanagar"/>
  <tag k="name:kn" v="ಅಶೋಕನಗರ"/>
  <tag k="type" v="boundary"/>
  <tag k="ward" v="25"/>
 </relation>
 <relation id="19884506" visible="true" version="2" changeset="175156711" timestamp="2025-11-26T14:13:59Z" user="Vonter" uid="3926189">
  <member type="way" ref="1453722149" role="outer"/>
  <member type="way" ref="1453722148" role="outer"/>
  <member type="way" ref="1453722147" role="outer"/>
  <member type="way" ref="1453722146" role="outer"/>
  <member type="way" ref="1453722145" role="outer"/>
  <member type="way" ref="1453722144" role="outer"/>
  <member type="way" ref="1453722143" role="outer"/>
  <member type="way" ref="1453722142" role="outer"/>
  <tag k="admin_level" v="10"/>
  <tag k="boundary" v="administrative"/>
  <tag k="local_authority:IN" v="ward"/>
  <tag k="name" v="Sampangirama Nagar"/>
  <tag k="name:kn" v="ಸಂಪಂಗಿರಾಮ ನಗರ"/>
  <tag k="type" v="boundary"/>
  <tag k="ward" v="4"/>
 </relation>
 <relation id="21305571" visible="true" version="1" changeset="188345299" timestamp="2026-09-01T06:24:18Z" user="tusharvalvi" uid="16531141">
  <member type="way" ref="1109911794" role="from"/>
  <member type="way" ref="1148155465" role="via"/>
  <member type="way" ref="1109911791" role="to"/>
  <tag k="restriction" v="no_right_turn"/>
  <tag k="type" v="restriction"/>
 </relation>
</osm>
